customer_id,gender,senior_citizen,partner,dependents,tenure,phone_service,multiple_lines,internet_service,online_security,online_backup,device_protection,tech_support,streaming_tv,streaming_movies,contract,paperless_billing,payment_method,monthly_charges,total_charges,actual_churn,churn_probabaility,predicted_churn,risk_segment,recommended_action,specific_actions,retention_priority,retention_target,tenure_group,churn_status
4376-KFVRS,Male,0,Yes,Yes,72,Yes,Yes,Fiber optic,Yes,Yes,Yes,Yes,Yes,Yes,Two year,Yes,Credit card (automatic),114.05,8468.2,0,0.0478759635739308,Predicted stay,Low,Standard engagement,,Not targeted,Not target,45-72 months,Stayed
2754-SDJRD,Female,1,No,No,8,Yes,Yes,Fiber optic,No,No,No,Yes,Yes,Yes,Month-to-month,Yes,Credit card (automatic),100.15,908.55,0,0.6829093213585521,Predicted churn,Very high,Priority outreach + personalized retention offer,Offer contract migration incentive; Offer online security bundle; Provide proactive onboarding outreach,High priority,Target,7-12 months,Stayed
9917-KWRBE,Female,0,Yes,Yes,41,Yes,Yes,DSL,Yes,Yes,Yes,No,Yes,No,One year,Yes,Credit card (automatic),78.35,3211.2,0,0.0508197612006969,Predicted stay,Low,Standard engagement,,Not targeted,Not target,25-48 months,Stayed
0365-GXEZS,Male,0,Yes,No,18,Yes,No,Fiber optic,No,No,Yes,Yes,No,No,Month-to-month,No,Electronic check,78.2,1468.75,0,0.4208152366428609,Predicted churn,High,Targeted retention campaign,Offer contract migration incentive; Promote automatic payment; Offer online security bundle,Standard priority,Target,13-24 months,Stayed
9385-NXKDA,Female,0,Yes,No,72,Yes,Yes,DSL,Yes,Yes,Yes,No,Yes,Yes,Two year,Yes,Credit card (automatic),82.65,5919.35,0,0.0228270614591497,Predicted stay,Low,Standard engagement,,Not targeted,Not target,45-72 months,Stayed
4686-UXDML,Female,0,No,No,21,Yes,Yes,Fiber optic,No,Yes,No,No,Yes,Yes,Month-to-month,Yes,Credit card (automatic),99.85,1992.55,0,0.603154026780206,Predicted churn,Very high,Priority outreach + personalized retention offer,Offer contract migration incentive; Offer online security bundle,High priority,Target,13-24 months,Stayed
2227-JRSJX,Female,0,No,No,21,Yes,No,Fiber optic,No,Yes,No,Yes,Yes,Yes,Month-to-month,Yes,Bank transfer (automatic),99.15,1956.4,0,0.4545542968278149,Predicted churn,High,Targeted retention campaign,Offer contract migration incentive; Offer online security bundle,Standard priority,Target,13-24 months,Stayed
4830-FAXFM,Male,0,No,Yes,19,Yes,Yes,No,No internet service,No internet service,No internet service,No internet service,No internet service,No internet service,Month-to-month,Yes,Credit card (automatic),24.1,439.2,0,0.1330624809520315,Predicted stay,Low,Standard engagement,Offer contract migration incentive,Not targeted,Not target,13-24 months,Stayed
1830-IPXVJ,Female,0,Yes,Yes,61,Yes,No,No,No internet service,No internet service,No internet service,No internet service,No internet service,No internet service,Two year,No,Credit card (automatic),19.75,1311.6,0,0.0026445688842883,Predicted stay,Low,Standard engagement,,Not targeted,Not target,45-72 months,Stayed
4690-LLKUA,Male,1,No,No,17,Yes,No,DSL,No,No,No,No,No,No,Month-to-month,Yes,Electronic check,45.05,770.6,1,0.3930801886773021,Predicted churn,High,Targeted retention campaign,Offer contract migration incentive; Promote automatic payment; Offer online security bundle,Standard priority,Target,13-24 months,Churned
5804-HYIEZ,Male,0,Yes,Yes,70,Yes,Yes,Fiber optic,Yes,Yes,No,No,Yes,Yes,Month-to-month,Yes,Electronic check,106.05,7554.05,0,0.261671536400216,Predicted stay,Moderate,Preventative engagement,Offer contract migration incentive; Promote automatic payment,Not targeted,Not target,45-72 months,Stayed
2388-LAESQ,Female,1,Yes,No,72,Yes,Yes,Fiber optic,Yes,Yes,Yes,Yes,Yes,Yes,Two year,Yes,Bank transfer (automatic),114.85,8317.95,0,0.0626678442522324,Predicted stay,Low,Standard engagement,,Not targeted,Not target,45-72 months,Stayed
5533-RJFTJ,Male,0,No,No,49,No,No phone service,DSL,No,No,Yes,No,No,No,Month-to-month,Yes,Bank transfer (automatic),30.2,1453.1,0,0.123840275474137,Predicted stay,Low,Standard engagement,Offer contract migration incentive; Offer online security bundle,Not targeted,Not target,45-72 months,Stayed
4706-AXVKM,Female,1,No,No,11,Yes,Yes,Fiber optic,No,No,No,No,No,Yes,Month-to-month,Yes,Credit card (automatic),84.8,906.85,1,0.6881377097299377,Predicted churn,Very high,Priority outreach + personalized retention offer,Offer contract migration incentive; Offer online security bundle; Provide proactive onboarding outreach,High priority,Target,7-12 months,Churned
0997-YTLNY,Female,0,No,Yes,19,Yes,No,DSL,No,No,No,Yes,No,No,Month-to-month,No,Mailed check,48.8,953.65,0,0.1342679845496413,Predicted stay,Low,Standard engagement,Offer contract migration incentive; Offer online security bundle,Not targeted,Not target,13-24 months,Stayed
7971-HLVXI,Male,0,Yes,Yes,72,Yes,Yes,Fiber optic,No,No,No,No,No,Yes,Two year,Yes,Credit card (automatic),84.5,6130.85,0,0.0580240206370178,Predicted stay,Low,Standard engagement,Offer online security bundle,Not targeted,Not target,45-72 months,Stayed
7337-CINUD,Female,0,Yes,Yes,8,Yes,No,No,No internet service,No internet service,No internet service,No internet service,No internet service,No internet service,Two year,No,Bank transfer (automatic),19.5,159.35,0,0.0325736043949657,Predicted stay,Low,Standard engagement,Provide proactive onboarding outreach,Not targeted,Not target,7-12 months,Stayed
1379-FRVEB,Male,0,No,Yes,15,Yes,Yes,Fiber optic,No,Yes,No,No,Yes,No,Month-to-month,Yes,Electronic check,91.0,1430.05,0,0.6256951994307105,Predicted churn,Very high,Priority outreach + personalized retention offer,Offer contract migration incentive; Promote automatic payment; Offer online security bundle,High priority,Target,13-24 months,Stayed
4753-PADAS,Female,0,Yes,No,67,Yes,Yes,Fiber optic,No,Yes,Yes,No,Yes,Yes,One year,Yes,Bank transfer (automatic),105.7,6816.95,0,0.1764100555214057,Predicted stay,Low,Standard engagement,Offer online security bundle,Not targeted,Not target,45-72 months,Stayed
5701-GUXDC,Female,0,Yes,No,26,No,No phone service,DSL,Yes,No,Yes,No,No,No,One year,No,Credit card (automatic),35.4,978.6,0,0.0834101997592383,Predicted stay,Low,Standard engagement,,Not targeted,Not target,25-48 months,Stayed
7235-NXZCP,Male,1,No,No,2,Yes,Yes,Fiber optic,No,No,No,No,No,No,Month-to-month,Yes,Mailed check,74.85,156.4,1,0.7271635093136174,Predicted churn,Very high,Priority outreach + personalized retention offer,Offer contract migration incentive; Offer online security bundle; Provide proactive onboarding outreach,High priority,Target,0-6 months,Churned
0668-OGMHD,Female,0,Yes,No,21,No,No phone service,DSL,Yes,No,No,No,No,No,Month-to-month,No,Electronic check,28.5,629.35,0,0.2787658115911472,Predicted stay,Moderate,Preventative engagement,Offer contract migration incentive; Promote automatic payment,Not targeted,Not target,13-24 months,Stayed
2812-REYAT,Female,0,Yes,No,49,Yes,No,No,No internet service,No internet service,No internet service,No internet service,No internet service,No internet service,One year,Yes,Bank transfer (automatic),20.05,923.1,0,0.015914143927319,Predicted stay,Low,Standard engagement,,Not targeted,Not target,45-72 months,Stayed
8779-YIQQA,Male,0,Yes,Yes,21,Yes,No,No,No internet service,No internet service,No internet service,No internet service,No internet service,No internet service,One year,No,Mailed check,19.8,350.1,0,0.036452204294828,Predicted stay,Low,Standard engagement,,Not targeted,Not target,13-24 months,Stayed
9701-CDXHR,Female,0,Yes,No,51,Yes,No,Fiber optic,No,No,No,No,No,No,Month-to-month,No,Mailed check,69.15,3649.6,0,0.1854209031499219,Predicted stay,Low,Standard engagement,Offer contract migration incentive; Offer online security bundle,Not targeted,Not target,45-72 months,Stayed
7130-CTCUS,Male,1,Yes,No,16,Yes,No,DSL,Yes,Yes,No,No,No,No,Month-to-month,Yes,Bank transfer (automatic),54.55,825.1,0,0.2117432752662985,Predicted stay,Moderate,Preventative engagement,Offer contract migration incentive,Not targeted,Not target,13-24 months,Stayed
1894-IGFSG,Female,0,No,No,22,Yes,No,Fiber optic,No,No,No,No,Yes,Yes,Month-to-month,No,Electronic check,89.25,1907.85,1,0.5803391092026856,Predicted churn,High,Targeted retention campaign,Offer contract migration incentive; Promote automatic payment; Offer online security bundle,Standard priority,Target,13-24 months,Churned
0871-URUWO,Male,0,Yes,No,13,Yes,Yes,Fiber optic,No,No,Yes,No,Yes,Yes,Month-to-month,Yes,Credit card (automatic),102.25,1359.0,1,0.6714519995930978,Predicted churn,Very high,Priority outreach + personalized retention offer,Offer contract migration incentive; Offer online security bundle,High priority,Target,13-24 months,Churned
0057-QBUQH,Female,0,No,Yes,43,Yes,Yes,No,No internet service,No internet service,No internet service,No internet service,No internet service,No internet service,Two year,Yes,Electronic check,25.1,1070.15,0,0.0175827183973662,Predicted stay,Low,Standard engagement,Promote automatic payment,Not targeted,Not target,25-48 months,Stayed
9611-CTWIH,Female,0,No,No,3,Yes,No,Fiber optic,No,No,No,No,Yes,Yes,Month-to-month,Yes,Electronic check,89.45,240.45,1,0.7796237003572003,Predicted churn,Very high,Priority outreach + personalized retention offer,Offer contract migration incentive; Promote automatic payment; Offer online security bundle; Provide proactive onboarding outreach,High priority,Target,0-6 months,Churned
8058-DMYRU,Male,1,No,No,54,Yes,Yes,Fiber optic,No,Yes,No,No,No,Yes,Month-to-month,Yes,Electronic check,90.05,4931.8,0,0.442730611669492,Predicted churn,High,Targeted retention campaign,Offer contract migration incentive; Promote automatic payment; Offer online security bundle,Standard priority,Target,45-72 months,Stayed
5351-QESIO,Male,0,No,Yes,1,No,No phone service,DSL,No,No,No,No,No,No,Month-to-month,No,Mailed check,24.2,24.2,0,0.4503533445686697,Predicted churn,High,Targeted retention campaign,Offer contract migration incentive; Offer online security bundle; Provide proactive onboarding outreach,Standard priority,Target,0-6 months,Stayed
4302-ZYFEL,Male,0,Yes,Yes,69,Yes,No,No,No internet service,No internet service,No internet service,No internet service,No internet service,No internet service,One year,Yes,Credit card (automatic),20.55,1403.1,0,0.0048928143186072,Predicted stay,Low,Standard engagement,,Not targeted,Not target,45-72 months,Stayed
6134-KWTBV,Male,0,No,No,62,Yes,Yes,No,No internet service,No internet service,No internet service,No internet service,No internet service,No internet service,Two year,No,Bank transfer (automatic),23.4,1429.65,0,0.0047877845600023,Predicted stay,Low,Standard engagement,,Not targeted,Not target,45-72 months,Stayed
2034-GDRCN,Female,0,No,No,2,Yes,No,Fiber optic,No,No,No,No,Yes,Yes,Month-to-month,Yes,Electronic check,90.4,168.2,1,0.7753401048975949,Predicted churn,Very high,Priority outreach + personalized retention offer,Offer contract migration incentive; Promote automatic payment; Offer online security bundle; Provide proactive onboarding outreach,High priority,Target,0-6 months,Churned
9544-PYPSJ,Female,1,Yes,Yes,62,Yes,Yes,Fiber optic,No,Yes,Yes,No,No,Yes,Month-to-month,Yes,Credit card (automatic),96.1,6019.35,0,0.2451220853580506,Predicted stay,Moderate,Preventative engagement,Offer contract migration incentive; Offer online security bundle,Not targeted,Not target,45-72 months,Stayed
4208-UFFGW,Male,1,No,No,2,Yes,No,DSL,No,No,No,No,No,No,Month-to-month,No,Mailed check,44.95,85.15,1,0.379781001199928,Predicted churn,High,Targeted retention campaign,Offer contract migration incentive; Offer online security bundle; Provide proactive onboarding outreach,Standard priority,Target,0-6 months,Churned
9537-JALFH,Male,0,Yes,Yes,69,Yes,No,No,No internet service,No internet service,No internet service,No internet service,No internet service,No internet service,Two year,No,Bank transfer (automatic),19.9,1356.7,0,0.0018239130270263,Predicted stay,Low,Standard engagement,,Not targeted,Not target,45-72 months,Stayed
4415-IJZTP,Female,0,No,No,1,Yes,Yes,Fiber optic,No,No,No,No,No,No,Month-to-month,Yes,Electronic check,74.5,74.5,1,0.7643105754060239,Predicted churn,Very high,Priority outreach + personalized retention offer,Offer contract migration incentive; Promote automatic payment; Offer online security bundle; Provide proactive onboarding outreach,High priority,Target,0-6 months,Churned
4701-MLJPN,Male,0,No,No,31,Yes,No,DSL,No,No,Yes,Yes,No,No,Month-to-month,Yes,Electronic check,55.25,1715.65,1,0.1804966912212661,Predicted stay,Low,Standard engagement,Offer contract migration incentive; Promote automatic payment; Offer online security bundle,Not targeted,Not target,25-48 months,Churned
7515-LODFU,Male,1,No,No,69,Yes,No,No,No internet service,No internet service,No internet service,No internet service,No internet service,No internet service,Two year,No,Credit card (automatic),20.3,1356.3,0,0.0024584163477981,Predicted stay,Low,Standard engagement,,Not targeted,Not target,45-72 months,Stayed
4927-WWOOZ,Male,0,Yes,No,2,Yes,Yes,Fiber optic,No,No,Yes,No,Yes,No,Month-to-month,Yes,Electronic check,91.45,171.45,0,0.7755780366139763,Predicted churn,Very high,Priority outreach + personalized retention offer,Offer contract migration incentive; Promote automatic payment; Offer online security bundle; Provide proactive onboarding outreach,High priority,Target,0-6 months,Stayed
4067-HLYQI,Female,0,No,No,33,Yes,No,Fiber optic,No,No,No,No,No,No,Month-to-month,Yes,Bank transfer (automatic),70.4,2406.1,0,0.3431007570520255,Predicted stay,Moderate,Preventative engagement,Offer contract migration incentive; Offer online security bundle,Not targeted,Not target,25-48 months,Stayed
6184-DYUOB,Female,0,Yes,No,3,Yes,No,No,No internet service,No internet service,No internet service,No internet service,No internet service,No internet service,Month-to-month,Yes,Mailed check,19.6,55.25,0,0.2460745152607733,Predicted stay,Moderate,Preventative engagement,Offer contract migration incentive; Provide proactive onboarding outreach,Not targeted,Not target,0-6 months,Stayed
9209-NWPGU,Male,0,No,No,44,Yes,No,DSL,Yes,No,No,Yes,Yes,No,One year,No,Electronic check,65.4,2774.55,0,0.040128514266724,Predicted stay,Low,Standard engagement,Promote automatic payment,Not targeted,Not target,25-48 months,Stayed
9851-KIELU,Male,0,No,No,10,Yes,No,Fiber optic,Yes,Yes,Yes,Yes,Yes,Yes,Month-to-month,Yes,Electronic check,110.1,1043.3,1,0.5112512726971602,Predicted churn,High,Targeted retention campaign,Offer contract migration incentive; Promote automatic payment; Provide proactive onboarding outreach,Standard priority,Target,7-12 months,Churned
3199-XGZCY,Female,0,No,No,8,Yes,Yes,Fiber optic,No,No,No,No,No,No,Month-to-month,Yes,Electronic check,75.25,576.7,0,0.7083102625375222,Predicted churn,Very high,Priority outreach + personalized retention offer,Offer contract migration incentive; Promote automatic payment; Offer online security bundle; Provide proactive onboarding outreach,High priority,Target,7-12 months,Stayed
4226-KKDON,Male,0,No,No,8,Yes,No,DSL,No,Yes,No,Yes,Yes,No,Month-to-month,Yes,Electronic check,66.65,520.95,0,0.3509592184077469,Predicted churn,High,Targeted retention campaign,Offer contract migration incentive; Promote automatic payment; Offer online security bundle; Provide proactive onboarding outreach,Standard priority,Target,7-12 months,Stayed
1085-LDWAM,Female,0,Yes,Yes,69,Yes,No,No,No internet service,No internet service,No internet service,No internet service,No internet service,No internet service,One year,Yes,Credit card (automatic),20.35,1442.65,0,0.0048942800468691,Predicted stay,Low,Standard engagement,,Not targeted,Not target,45-72 months,Stayed
6825-UYPFK,Female,0,No,No,23,Yes,Yes,Fiber optic,No,No,No,No,No,No,Month-to-month,No,Bank transfer (automatic),75.6,1758.6,1,0.4052031540559154,Predicted churn,High,Targeted retention campaign,Offer contract migration incentive; Offer online security bundle,Standard priority,Target,13-24 months,Churned
1767-CJKBA,Male,0,No,No,66,Yes,Yes,No,No internet service,No internet service,No internet service,No internet service,No internet service,No internet service,Two year,No,Mailed check,25.1,1697.7,0,0.0040293789291023,Predicted stay,Low,Standard engagement,,Not targeted,Not target,45-72 months,Stayed
7181-BQYBV,Female,0,Yes,Yes,1,Yes,Yes,Fiber optic,Yes,No,Yes,No,Yes,Yes,Month-to-month,Yes,Electronic check,102.45,102.45,1,0.7442514922402422,Predicted churn,Very high,Priority outreach + personalized retention offer,Offer contract migration incentive; Promote automatic payment; Provide proactive onboarding outreach,High priority,Target,0-6 months,Churned
0178-CIIKR,Female,0,No,No,3,Yes,No,No,No internet service,No internet service,No internet service,No internet service,No internet service,No internet service,Month-to-month,No,Mailed check,19.95,58.0,0,0.1777457798964082,Predicted stay,Low,Standard engagement,Offer contract migration incentive; Provide proactive onboarding outreach,Not targeted,Not target,0-6 months,Stayed
4256-ZWTZI,Female,0,No,Yes,5,Yes,No,DSL,No,No,No,Yes,No,No,Month-to-month,Yes,Mailed check,51.0,286.8,0,0.2570616775613623,Predicted stay,Moderate,Preventative engagement,Offer contract migration incentive; Offer online security bundle; Provide proactive onboarding outreach,Not targeted,Not target,0-6 months,Stayed
9537-VHDTA,Female,0,No,Yes,1,Yes,No,DSL,Yes,No,No,No,No,No,Month-to-month,No,Mailed check,51.2,51.2,0,0.2069756600822095,Predicted stay,Moderate,Preventative engagement,Offer contract migration incentive; Provide proactive onboarding outreach,Not targeted,Not target,0-6 months,Stayed
2754-XBHTB,Female,0,No,No,9,Yes,No,Fiber optic,No,No,No,No,Yes,No,Month-to-month,Yes,Bank transfer (automatic),77.65,714.15,1,0.6401852661075578,Predicted churn,Very high,Priority outreach + personalized retention offer,Offer contract migration incentive; Offer online security bundle; Provide proactive onboarding outreach,High priority,Target,7-12 months,Churned
5975-BAICR,Male,0,Yes,Yes,36,Yes,No,DSL,Yes,No,Yes,No,No,Yes,One year,Yes,Credit card (automatic),63.7,2188.5,0,0.0626111176317034,Predicted stay,Low,Standard engagement,,Not targeted,Not target,25-48 months,Stayed
3301-VKTGC,Male,0,Yes,Yes,68,Yes,Yes,Fiber optic,Yes,Yes,No,No,No,No,One year,Yes,Bank transfer (automatic),85.5,5696.6,0,0.0532270855294229,Predicted stay,Low,Standard engagement,,Not targeted,Not target,45-72 months,Stayed
2877-VDUER,Female,0,Yes,Yes,35,No,No phone service,DSL,No,No,No,Yes,Yes,No,One year,No,Mailed check,40.9,1383.6,0,0.0683197306278291,Predicted stay,Low,Standard engagement,Offer online security bundle,Not targeted,Not target,25-48 months,Stayed
7717-BICXI,Male,0,Yes,Yes,60,Yes,No,No,No internet service,No internet service,No internet service,No internet service,No internet service,No internet service,Two year,No,Mailed check,20.55,1205.05,0,0.0029190253308522,Predicted stay,Low,Standard engagement,,Not targeted,Not target,45-72 months,Stayed
0562-FGDCR,Female,0,Yes,Yes,72,Yes,Yes,DSL,Yes,Yes,No,Yes,Yes,No,Two year,No,Mailed check,74.55,5430.65,0,0.0064371327294663,Predicted stay,Low,Standard engagement,,Not targeted,Not target,45-72 months,Stayed
3705-PSNGL,Male,0,No,No,45,Yes,No,No,No internet service,No internet service,No internet service,No internet service,No internet service,No internet service,One year,Yes,Electronic check,20.4,930.45,1,0.0280165241318938,Predicted stay,Low,Standard engagement,Promote automatic payment,Not targeted,Not target,25-48 months,Churned
0048-LUMLS,Male,0,Yes,Yes,37,Yes,No,Fiber optic,No,No,No,No,Yes,Yes,One year,No,Credit card (automatic),91.2,3247.55,0,0.1765696459712224,Predicted stay,Low,Standard engagement,Offer online security bundle,Not targeted,Not target,25-48 months,Stayed
6497-TILVL,Female,0,Yes,Yes,7,Yes,No,DSL,Yes,No,No,No,No,No,Month-to-month,No,Mailed check,50.7,350.35,0,0.1777030331962681,Predicted stay,Low,Standard engagement,Offer contract migration incentive; Provide proactive onboarding outreach,Not targeted,Not target,7-12 months,Stayed
2108-YKQTY,Female,0,No,No,4,Yes,No,DSL,No,Yes,No,No,No,No,Month-to-month,No,Credit card (automatic),50.7,151.3,1,0.2535090221671234,Predicted stay,Moderate,Preventative engagement,Offer contract migration incentive; Offer online security bundle; Provide proactive onboarding outreach,Not targeted,Not target,0-6 months,Churned
3658-KIBGF,Female,0,No,No,1,Yes,No,DSL,Yes,Yes,No,No,No,No,Month-to-month,Yes,Electronic check,54.9,54.9,1,0.3676392356301003,Predicted churn,High,Targeted retention campaign,Offer contract migration incentive; Promote automatic payment; Provide proactive onboarding outreach,Standard priority,Target,0-6 months,Churned
5482-NUPNA,Female,0,No,No,4,Yes,No,DSL,Yes,Yes,No,Yes,No,No,Month-to-month,Yes,Mailed check,60.4,272.15,1,0.2037575541994147,Predicted stay,Moderate,Preventative engagement,Offer contract migration incentive; Provide proactive onboarding outreach,Not targeted,Not target,0-6 months,Churned
7410-KTVFV,Male,0,Yes,No,18,Yes,No,DSL,No,No,Yes,No,No,No,Month-to-month,Yes,Mailed check,49.55,878.35,1,0.287383720285735,Predicted stay,Moderate,Preventative engagement,Offer contract migration incentive; Offer online security bundle,Not targeted,Not target,13-24 months,Churned
9033-EOXWV,Female,0,No,No,12,Yes,Yes,DSL,No,No,No,Yes,Yes,Yes,One year,No,Mailed check,74.05,872.65,1,0.2162694744441698,Predicted stay,Moderate,Preventative engagement,Offer online security bundle; Provide proactive onboarding outreach,Not targeted,Not target,7-12 months,Churned
8821-XNHVZ,Female,0,Yes,Yes,1,Yes,No,Fiber optic,No,No,No,No,Yes,No,Month-to-month,Yes,Mailed check,80.05,80.05,1,0.6367316350369316,Predicted churn,Very high,Priority outreach + personalized retention offer,Offer contract migration incentive; Offer online security bundle; Provide proactive onboarding outreach,High priority,Target,0-6 months,Churned
8224-KDLKN,Male,0,Yes,Yes,72,Yes,Yes,No,No internet service,No internet service,No internet service,No internet service,No internet service,No internet service,Two year,No,Bank transfer (automatic),25.0,1738.9,0,0.0022626475520028,Predicted stay,Low,Standard engagement,,Not targeted,Not target,45-72 months,Stayed
4825-FUREZ,Male,0,Yes,No,42,Yes,No,No,No internet service,No internet service,No internet service,No internet service,No internet service,No internet service,Two year,No,Electronic check,20.25,835.5,0,0.0118237434695264,Predicted stay,Low,Standard engagement,Promote automatic payment,Not targeted,Not target,25-48 months,Stayed
7534-BFESC,Male,1,No,No,24,Yes,Yes,Fiber optic,No,No,No,No,No,No,Month-to-month,Yes,Electronic check,76.1,1712.7,1,0.6093689785619508,Predicted churn,Very high,Priority outreach + personalized retention offer,Offer contract migration incentive; Promote automatic payment; Offer online security bundle,High priority,Target,13-24 months,Churned
9138-EFSMO,Male,0,Yes,Yes,26,Yes,No,Fiber optic,No,No,No,No,No,Yes,One year,No,Bank transfer (automatic),78.95,2034.25,0,0.2116005808885663,Predicted stay,Moderate,Preventative engagement,Offer online security bundle,Not targeted,Not target,25-48 months,Stayed
4227-OJHAL,Female,0,Yes,Yes,68,Yes,Yes,DSL,Yes,Yes,Yes,No,Yes,No,One year,Yes,Credit card (automatic),73.0,5163.0,0,0.0286072595509893,Predicted stay,Low,Standard engagement,,Not targeted,Not target,45-72 months,Stayed
7279-NMVJC,Female,0,No,No,17,Yes,No,No,No internet service,No internet service,No internet service,No internet service,No internet service,No internet service,One year,No,Bank transfer (automatic),19.9,323.15,0,0.048711355061254,Predicted stay,Low,Standard engagement,,Not targeted,Not target,13-24 months,Stayed
8591-TKMZH,Male,0,Yes,Yes,59,Yes,Yes,Fiber optic,Yes,Yes,No,Yes,Yes,Yes,Two year,Yes,Mailed check,111.1,6555.2,0,0.0590666113172759,Predicted stay,Low,Standard engagement,,Not targeted,Not target,45-72 months,Stayed
9283-LZQOH,Male,0,Yes,Yes,13,Yes,Yes,Fiber optic,No,No,No,No,No,No,Month-to-month,Yes,Credit card (automatic),74.4,896.75,1,0.5411944016244906,Predicted churn,High,Targeted retention campaign,Offer contract migration incentive; Offer online security bundle,Standard priority,Target,13-24 months,Churned
3594-IVHJZ,Female,0,No,No,2,Yes,No,No,No internet service,No internet service,No internet service,No internet service,No internet service,No internet service,Month-to-month,Yes,Mailed check,20.45,42.45,0,0.241564473913583,Predicted stay,Moderate,Preventative engagement,Offer contract migration incentive; Provide proactive onboarding outreach,Not targeted,Not target,0-6 months,Stayed
1945-XISKS,Female,0,Yes,No,67,Yes,No,No,No internet service,No internet service,No internet service,No internet service,No internet service,No internet service,Two year,No,Mailed check,19.65,1335.2,0,0.0027017594609906,Predicted stay,Low,Standard engagement,,Not targeted,Not target,45-72 months,Stayed
4359-INNWN,Female,0,No,No,17,Yes,No,No,No internet service,No internet service,No internet service,No internet service,No internet service,No internet service,One year,No,Credit card (automatic),20.05,337.9,0,0.0473207227832943,Predicted stay,Low,Standard engagement,,Not targeted,Not target,13-24 months,Stayed
7649-SIJJF,Male,0,Yes,No,71,Yes,Yes,DSL,Yes,Yes,Yes,Yes,No,Yes,Two year,Yes,Mailed check,80.1,5585.4,0,0.0120207166842019,Predicted stay,Low,Standard engagement,,Not targeted,Not target,45-72 months,Stayed
9254-RBFON,Female,0,Yes,Yes,17,Yes,No,Fiber optic,No,No,Yes,Yes,Yes,Yes,One year,No,Bank transfer (automatic),98.6,1704.95,1,0.2441947937789288,Predicted stay,Moderate,Preventative engagement,Offer online security bundle,Not targeted,Not target,13-24 months,Churned
0970-ETWGE,Male,0,No,No,1,Yes,No,Fiber optic,No,No,No,No,Yes,Yes,Month-to-month,Yes,Electronic check,89.55,89.55,1,0.793599066511192,Predicted churn,Very high,Priority outreach + personalized retention offer,Offer contract migration incentive; Promote automatic payment; Offer online security bundle; Provide proactive onboarding outreach,High priority,Target,0-6 months,Churned
7762-ONLJY,Female,0,Yes,Yes,6,Yes,No,No,No internet service,No internet service,No internet service,No internet service,No internet service,No internet service,One year,No,Mailed check,19.7,94.45,0,0.0714290226328294,Predicted stay,Low,Standard engagement,Provide proactive onboarding outreach,Not targeted,Not target,0-6 months,Stayed
6710-HSJRD,Male,0,Yes,No,61,Yes,Yes,Fiber optic,No,Yes,Yes,Yes,Yes,Yes,Month-to-month,Yes,Electronic check,114.1,7132.15,0,0.3477048467430392,Predicted stay,Moderate,Preventative engagement,Offer contract migration incentive; Promote automatic payment; Offer online security bundle,Not targeted,Not target,45-72 months,Stayed
8873-GLDMH,Female,0,No,No,6,Yes,Yes,Fiber optic,No,No,No,No,No,No,Month-to-month,Yes,Mailed check,73.85,401.3,0,0.6738922788143304,Predicted churn,Very high,Priority outreach + personalized retention offer,Offer contract migration incentive; Offer online security bundle; Provide proactive onboarding outreach,High priority,Target,0-6 months,Stayed
9907-SWKKF,Female,1,No,No,1,No,No phone service,DSL,No,No,No,No,No,No,Month-to-month,No,Mailed check,25.05,25.05,1,0.5239042687089946,Predicted churn,High,Targeted retention campaign,Offer contract migration incentive; Offer online security bundle; Provide proactive onboarding outreach,Standard priority,Target,0-6 months,Churned
4658-HCOHW,Female,0,Yes,Yes,21,Yes,No,Fiber optic,No,Yes,Yes,Yes,Yes,Yes,Month-to-month,Yes,Electronic check,102.8,2110.15,1,0.5196498543536587,Predicted churn,High,Targeted retention campaign,Offer contract migration incentive; Promote automatic payment; Offer online security bundle,Standard priority,Target,13-24 months,Churned
9330-VOFSZ,Female,0,Yes,No,60,Yes,Yes,Fiber optic,No,Yes,Yes,Yes,Yes,Yes,Two year,Yes,Credit card (automatic),110.8,6640.7,0,0.0913606242660221,Predicted stay,Low,Standard engagement,Offer online security bundle,Not targeted,Not target,45-72 months,Stayed
2860-RANUS,Female,1,No,No,20,Yes,Yes,Fiber optic,No,No,No,No,No,Yes,Month-to-month,Yes,Credit card (automatic),85.8,1727.5,1,0.6132993304952016,Predicted churn,Very high,Priority outreach + personalized retention offer,Offer contract migration incentive; Offer online security bundle,High priority,Target,13-24 months,Churned
6234-PFPXL,Male,0,Yes,No,22,Yes,Yes,Fiber optic,Yes,No,No,Yes,Yes,No,Month-to-month,No,Credit card (automatic),95.9,2234.95,0,0.3100550811516981,Predicted stay,Moderate,Preventative engagement,Offer contract migration incentive,Not targeted,Not target,13-24 months,Stayed
7205-BAIAD,Female,0,No,No,40,Yes,No,No,No internet service,No internet service,No internet service,No internet service,No internet service,No internet service,Two year,Yes,Bank transfer (automatic),20.6,827.3,0,0.0120875841793516,Predicted stay,Low,Standard engagement,,Not targeted,Not target,25-48 months,Stayed
3858-VOBET,Male,0,No,No,23,Yes,Yes,Fiber optic,No,No,No,No,No,No,Month-to-month,Yes,Electronic check,74.95,1710.45,1,0.6041741712696733,Predicted churn,Very high,Priority outreach + personalized retention offer,Offer contract migration incentive; Promote automatic payment; Offer online security bundle,High priority,Target,13-24 months,Churned
5103-MHMHY,Female,0,No,Yes,1,Yes,No,DSL,No,No,No,No,No,No,Month-to-month,No,Mailed check,45.95,45.95,1,0.2886344377457821,Predicted stay,Moderate,Preventative engagement,Offer contract migration incentive; Offer online security bundle; Provide proactive onboarding outreach,Not targeted,Not target,0-6 months,Churned
6119-SPUDB,Male,0,No,No,46,No,No phone service,DSL,Yes,No,Yes,Yes,No,No,Two year,No,Mailed check,38.25,1755.35,0,0.0168217816646525,Predicted stay,Low,Standard engagement,,Not targeted,Not target,25-48 months,Stayed
9389-ACWBI,Female,0,Yes,Yes,5,Yes,No,Fiber optic,No,No,No,No,No,No,Month-to-month,No,Credit card (automatic),69.95,320.4,0,0.4331474917247876,Predicted churn,High,Targeted retention campaign,Offer contract migration incentive; Offer online security bundle; Provide proactive onboarding outreach,Standard priority,Target,0-6 months,Stayed
3454-JFUBC,Male,1,No,No,68,Yes,No,No,No internet service,No internet service,No internet service,No internet service,No internet service,No internet service,Two year,Yes,Credit card (automatic),20.0,1396.0,0,0.0038553903101729,Predicted stay,Low,Standard engagement,,Not targeted,Not target,45-72 months,Stayed
1768-ZAIFU,Female,1,No,No,1,No,No phone service,DSL,No,No,No,No,No,No,Month-to-month,Yes,Electronic check,25.2,25.2,1,0.6827328736269567,Predicted churn,Very high,Priority outreach + personalized retention offer,Offer contract migration incentive; Promote automatic payment; Offer online security bundle; Provide proactive onboarding outreach,High priority,Target,0-6 months,Churned
7017-VFULY,Female,0,Yes,No,2,Yes,No,No,No internet service,No internet service,No internet service,No internet service,No internet service,No internet service,Month-to-month,No,Bank transfer (automatic),20.1,43.15,0,0.1754584004177214,Predicted stay,Low,Standard engagement,Offer contract migration incentive; Provide proactive onboarding outreach,Not targeted,Not target,0-6 months,Stayed
9221-OTIVJ,Female,1,No,No,14,Yes,Yes,Fiber optic,No,Yes,Yes,No,Yes,Yes,Month-to-month,Yes,Electronic check,104.85,1531.4,1,0.7655348553304883,Predicted churn,Very high,Priority outreach + personalized retention offer,Offer contract migration incentive; Promote automatic payment; Offer online security bundle,High priority,Target,13-24 months,Churned
2482-CZGBB,Male,0,No,No,10,Yes,No,Fiber optic,No,No,No,No,No,No,Month-to-month,Yes,Electronic check,70.0,740.0,1,0.6402283169348333,Predicted churn,Very high,Priority outreach + personalized retention offer,Offer contract migration incentive; Promote automatic payment; Offer online security bundle; Provide proactive onboarding outreach,High priority,Target,7-12 months,Churned
7018-WBJNK,Male,0,No,Yes,13,Yes,No,Fiber optic,No,No,No,No,Yes,No,Month-to-month,Yes,Credit card (automatic),78.3,1033.95,0,0.5444777118747995,Predicted churn,High,Targeted retention campaign,Offer contract migration incentive; Offer online security bundle,Standard priority,Target,13-24 months,Stayed
3331-HQDTW,Female,0,No,No,34,Yes,Yes,Fiber optic,Yes,Yes,Yes,No,Yes,Yes,Month-to-month,Yes,Mailed check,109.8,3587.25,1,0.442003848284824,Predicted churn,High,Targeted retention campaign,Offer contract migration incentive,Standard priority,Target,25-48 months,Churned
4695-VADHF,Male,0,Yes,Yes,18,Yes,No,DSL,No,No,Yes,No,No,Yes,Month-to-month,No,Electronic check,57.45,990.85,1,0.3064725940773737,Predicted stay,Moderate,Preventative engagement,Offer contract migration incentive; Promote automatic payment; Offer online security bundle,Not targeted,Not target,13-24 months,Churned
4086-WITJG,Male,0,Yes,Yes,71,Yes,No,No,No internet service,No internet service,No internet service,No internet service,No internet service,No internet service,Two year,No,Credit card (automatic),19.7,1301.1,0,0.0015994618304267,Predicted stay,Low,Standard engagement,,Not targeted,Not target,45-72 months,Stayed
6297-NOOPG,Female,0,Yes,No,70,Yes,Yes,Fiber optic,No,Yes,Yes,Yes,Yes,Yes,Two year,Yes,Electronic check,110.5,7752.05,0,0.1076438215428383,Predicted stay,Low,Standard engagement,Promote automatic payment; Offer online security bundle,Not targeted,Not target,45-72 months,Stayed
8777-PVYGU,Female,0,Yes,No,52,Yes,No,DSL,Yes,No,Yes,No,Yes,No,One year,Yes,Mailed check,64.3,3410.6,0,0.0484587383169451,Predicted stay,Low,Standard engagement,,Not targeted,Not target,45-72 months,Stayed
4378-MYPGO,Male,0,Yes,Yes,68,Yes,No,Fiber optic,Yes,Yes,Yes,No,Yes,Yes,Two year,Yes,Bank transfer (automatic),105.25,7173.15,0,0.0446653799235921,Predicted stay,Low,Standard engagement,,Not targeted,Not target,45-72 months,Stayed
9313-CDOGY,Male,0,Yes,Yes,38,Yes,No,No,No internet service,No internet service,No internet service,No internet service,No internet service,No internet service,Month-to-month,No,Electronic check,19.6,717.3,0,0.044858286219354,Predicted stay,Low,Standard engagement,Offer contract migration incentive; Promote automatic payment,Not targeted,Not target,25-48 months,Stayed
4121-AGSIN,Female,0,Yes,Yes,58,Yes,Yes,No,No internet service,No internet service,No internet service,No internet service,No internet service,No internet service,One year,Yes,Credit card (automatic),24.5,1497.9,0,0.0123153148550546,Predicted stay,Low,Standard engagement,,Not targeted,Not target,45-72 months,Stayed
0432-CAJZV,Male,0,No,No,3,Yes,No,Fiber optic,No,No,No,No,Yes,Yes,Month-to-month,No,Mailed check,90.7,237.65,0,0.6287589134440191,Predicted churn,Very high,Priority outreach + personalized retention offer,Offer contract migration incentive; Offer online security bundle; Provide proactive onboarding outreach,High priority,Target,0-6 months,Stayed
9097-ZUBYC,Male,0,Yes,No,14,Yes,No,DSL,No,No,No,Yes,No,No,Month-to-month,No,Bank transfer (automatic),48.8,664.4,0,0.185119482213158,Predicted stay,Low,Standard engagement,Offer contract migration incentive; Offer online security bundle,Not targeted,Not target,13-24 months,Stayed
9638-JIQYA,Male,0,No,No,2,No,No phone service,DSL,No,No,No,No,No,No,Month-to-month,Yes,Credit card (automatic),24.9,49.7,0,0.5508707733852783,Predicted churn,High,Targeted retention campaign,Offer contract migration incentive; Offer online security bundle; Provide proactive onboarding outreach,Standard priority,Target,0-6 months,Stayed
1024-GUALD,Female,0,Yes,No,1,No,No phone service,DSL,No,No,No,No,No,No,Month-to-month,Yes,Electronic check,24.8,24.8,1,0.6607130671629458,Predicted churn,Very high,Priority outreach + personalized retention offer,Offer contract migration incentive; Promote automatic payment; Offer online security bundle; Provide proactive onboarding outreach,High priority,Target,0-6 months,Churned
8024-XNAFQ,Female,1,No,No,72,Yes,Yes,Fiber optic,Yes,Yes,Yes,Yes,No,Yes,Two year,Yes,Bank transfer (automatic),107.4,7748.75,0,0.0375687677126674,Predicted stay,Low,Standard engagement,,Not targeted,Not target,45-72 months,Stayed
7587-RZNME,Male,0,No,No,3,Yes,No,DSL,No,No,No,No,No,No,Month-to-month,Yes,Electronic check,43.3,123.65,1,0.5259442045915292,Predicted churn,High,Targeted retention campaign,Offer contract migration incentive; Promote automatic payment; Offer online security bundle; Provide proactive onboarding outreach,Standard priority,Target,0-6 months,Churned
1346-UFHAX,Female,0,No,No,13,Yes,Yes,Fiber optic,Yes,No,No,No,No,No,Month-to-month,Yes,Credit card (automatic),80.0,1029.35,0,0.4788470604017087,Predicted churn,High,Targeted retention campaign,Offer contract migration incentive,Standard priority,Target,13-24 months,Stayed
6374-NTQLP,Male,1,Yes,Yes,72,Yes,No,Fiber optic,Yes,No,Yes,Yes,Yes,Yes,Two year,Yes,Credit card (automatic),104.1,7447.7,0,0.039067780595245,Predicted stay,Low,Standard engagement,,Not targeted,Not target,45-72 months,Stayed
6625-FLENO,Male,0,Yes,No,58,Yes,No,No,No internet service,No internet service,No internet service,No internet service,No internet service,No internet service,Two year,No,Mailed check,20.75,1185.95,0,0.0039846723967564,Predicted stay,Low,Standard engagement,,Not targeted,Not target,45-72 months,Stayed
7375-WMVMT,Male,1,Yes,No,71,Yes,No,Fiber optic,No,Yes,Yes,Yes,No,Yes,Two year,Yes,Credit card (automatic),95.5,6707.15,0,0.0402082985373169,Predicted stay,Low,Standard engagement,Offer online security bundle,Not targeted,Not target,45-72 months,Stayed
6910-HADCM,Female,0,No,No,1,Yes,No,Fiber optic,No,No,Yes,No,No,No,Month-to-month,No,Electronic check,76.35,76.35,1,0.5896716875023408,Predicted churn,High,Targeted retention campaign,Offer contract migration incentive; Promote automatic payment; Offer online security bundle; Provide proactive onboarding outreach,Standard priority,Target,0-6 months,Churned
7401-JIXNM,Female,0,Yes,Yes,54,Yes,Yes,DSL,Yes,Yes,Yes,Yes,Yes,Yes,Two year,No,Credit card (automatic),91.3,4965.0,0,0.0141099018376547,Predicted stay,Low,Standard engagement,,Not targeted,Not target,45-72 months,Stayed
7338-ERIVA,Male,0,No,Yes,39,No,No phone service,DSL,Yes,No,No,Yes,Yes,No,One year,No,Bank transfer (automatic),45.05,1790.6,0,0.0403086417428246,Predicted stay,Low,Standard engagement,,Not targeted,Not target,25-48 months,Stayed
5376-DEQCP,Female,0,No,No,1,Yes,No,Fiber optic,No,No,No,No,No,No,Month-to-month,Yes,Electronic check,70.6,70.6,1,0.6947909378803871,Predicted churn,Very high,Priority outreach + personalized retention offer,Offer contract migration incentive; Promote automatic payment; Offer online security bundle; Provide proactive onboarding outreach,High priority,Target,0-6 months,Churned
0909-SELIE,Male,0,Yes,No,61,Yes,Yes,DSL,Yes,Yes,Yes,Yes,No,Yes,Two year,Yes,Bank transfer (automatic),80.8,4860.85,0,0.0150049478511808,Predicted stay,Low,Standard engagement,,Not targeted,Not target,45-72 months,Stayed
5419-KLXBN,Female,0,Yes,Yes,25,Yes,No,Fiber optic,No,Yes,Yes,No,Yes,No,Month-to-month,Yes,Bank transfer (automatic),89.15,2257.75,1,0.3999390851896278,Predicted churn,High,Targeted retention campaign,Offer contract migration incentive; Offer online security bundle,Standard priority,Target,25-48 months,Churned
0365-TRTPY,Female,0,No,No,37,Yes,Yes,Fiber optic,Yes,Yes,Yes,No,No,No,Month-to-month,No,Bank transfer (automatic),91.2,3382.3,0,0.1965935316915137,Predicted stay,Low,Standard engagement,Offer contract migration incentive,Not targeted,Not target,25-48 months,Stayed
6712-OAWRH,Female,1,No,No,26,Yes,No,Fiber optic,No,No,No,No,Yes,Yes,Month-to-month,Yes,Electronic check,91.25,2351.8,1,0.6492765928505089,Predicted churn,Very high,Priority outreach + personalized retention offer,Offer contract migration incentive; Promote automatic payment; Offer online security bundle,High priority,Target,25-48 months,Churned
2428-ZMCTB,Male,0,No,No,10,Yes,No,No,No internet service,No internet service,No internet service,No internet service,No internet service,No internet service,Month-to-month,No,Credit card (automatic),19.75,208.25,0,0.1268774600277943,Predicted stay,Low,Standard engagement,Offer contract migration incentive; Provide proactive onboarding outreach,Not targeted,Not target,7-12 months,Stayed
1963-VAUKV,Female,0,No,No,1,Yes,No,No,No internet service,No internet service,No internet service,No internet service,No internet service,No internet service,Month-to-month,No,Mailed check,20.4,20.4,1,0.1878693399099139,Predicted stay,Low,Standard engagement,Offer contract migration incentive; Provide proactive onboarding outreach,Not targeted,Not target,0-6 months,Churned
9381-NDKME,Female,1,Yes,No,24,No,No phone service,DSL,No,No,Yes,No,No,Yes,Month-to-month,Yes,Credit card (automatic),40.65,933.3,1,0.3863196461682687,Predicted churn,High,Targeted retention campaign,Offer contract migration incentive; Offer online security bundle,Standard priority,Target,13-24 months,Churned
3729-OWRVL,Male,1,No,No,65,Yes,Yes,Fiber optic,Yes,No,Yes,Yes,Yes,Yes,Two year,Yes,Electronic check,110.35,7246.15,0,0.112631183322283,Predicted stay,Low,Standard engagement,Promote automatic payment,Not targeted,Not target,45-72 months,Stayed
0895-LMRSF,Male,0,No,No,23,Yes,No,DSL,No,No,No,No,Yes,Yes,One year,Yes,Bank transfer (automatic),64.9,1509.8,0,0.2055470218139163,Predicted stay,Moderate,Preventative engagement,Offer online security bundle,Not targeted,Not target,13-24 months,Stayed
2676-SSLTO,Male,0,No,No,49,Yes,Yes,DSL,No,No,No,Yes,Yes,No,Two year,Yes,Bank transfer (automatic),66.15,3199.0,0,0.0336788189318213,Predicted stay,Low,Standard engagement,Offer online security bundle,Not targeted,Not target,45-72 months,Stayed
8495-PRWFH,Female,1,No,No,42,Yes,Yes,DSL,No,No,Yes,No,No,No,Month-to-month,No,Electronic check,55.65,2421.75,0,0.1785692959127155,Predicted stay,Low,Standard engagement,Offer contract migration incentive; Promote automatic payment; Offer online security bundle,Not targeted,Not target,25-48 months,Stayed
9030-QGZNL,Female,0,No,No,8,Yes,No,No,No internet service,No internet service,No internet service,No internet service,No internet service,No internet service,Two year,No,Mailed check,20.85,161.65,0,0.0393450389603648,Predicted stay,Low,Standard engagement,Provide proactive onboarding outreach,Not targeted,Not target,7-12 months,Stayed
9972-NKTFD,Female,0,No,No,28,Yes,No,DSL,No,Yes,No,Yes,No,No,Month-to-month,No,Bank transfer (automatic),54.65,1517.5,0,0.0922593776639455,Predicted stay,Low,Standard engagement,Offer contract migration incentive; Offer online security bundle,Not targeted,Not target,25-48 months,Stayed
7998-WNZEM,Male,0,No,No,71,Yes,Yes,DSL,Yes,Yes,Yes,Yes,No,Yes,Two year,No,Bank transfer (automatic),80.6,5708.2,0,0.0075663759548817,Predicted stay,Low,Standard engagement,,Not targeted,Not target,45-72 months,Stayed
0979-PHULV,Male,0,Yes,Yes,69,Yes,Yes,Fiber optic,No,No,Yes,No,Yes,Yes,Month-to-month,Yes,Credit card (automatic),99.45,7007.6,1,0.2962590549165316,Predicted stay,Moderate,Preventative engagement,Offer contract migration incentive; Offer online security bundle,Not targeted,Not target,45-72 months,Churned
6445-TNRXS,Male,0,Yes,Yes,68,Yes,Yes,Fiber optic,Yes,Yes,Yes,Yes,Yes,Yes,Two year,Yes,Bank transfer (automatic),114.7,7849.85,0,0.0497131973784757,Predicted stay,Low,Standard engagement,,Not targeted,Not target,45-72 months,Stayed
9586-JGQKH,Female,0,Yes,No,64,Yes,Yes,Fiber optic,No,Yes,No,Yes,Yes,Yes,Two year,Yes,Bank transfer (automatic),105.4,6794.75,0,0.0851223262424703,Predicted stay,Low,Standard engagement,Offer online security bundle,Not targeted,Not target,45-72 months,Stayed
3966-HRMZA,Female,1,No,No,3,Yes,No,Fiber optic,No,No,Yes,No,No,No,Month-to-month,No,Mailed check,75.05,202.9,0,0.5512765383963011,Predicted churn,High,Targeted retention campaign,Offer contract migration incentive; Offer online security bundle; Provide proactive onboarding outreach,Standard priority,Target,0-6 months,Stayed
5498-IBWPI,Female,0,Yes,Yes,66,Yes,No,DSL,No,No,No,Yes,No,No,One year,Yes,Credit card (automatic),49.4,3251.85,0,0.0146952327910009,Predicted stay,Low,Standard engagement,Offer online security bundle,Not targeted,Not target,45-72 months,Stayed
6823-SIDFQ,Male,0,No,No,28,Yes,No,No,No internet service,No internet service,No internet service,No internet service,No internet service,No internet service,One year,No,Credit card (automatic),18.25,534.7,0,0.0323691776644799,Predicted stay,Low,Standard engagement,,Not targeted,Not target,25-48 months,Stayed
2323-ARSVR,Male,0,Yes,No,67,Yes,No,Fiber optic,Yes,Yes,Yes,Yes,Yes,Yes,Two year,Yes,Electronic check,111.05,7321.05,0,0.0579392371159953,Predicted stay,Low,Standard engagement,Promote automatic payment,Not targeted,Not target,45-72 months,Stayed
5468-BPMMO,Male,0,Yes,No,46,Yes,No,No,No internet service,No internet service,No internet service,No internet service,No internet service,No internet service,Month-to-month,No,Electronic check,19.6,851.2,0,0.0383583355092169,Predicted stay,Low,Standard engagement,Offer contract migration incentive; Promote automatic payment,Not targeted,Not target,25-48 months,Stayed
0486-HECZI,Male,0,Yes,No,55,Yes,Yes,Fiber optic,Yes,Yes,No,No,Yes,No,Month-to-month,Yes,Electronic check,96.75,5238.9,1,0.2963671132796502,Predicted stay,Moderate,Preventative engagement,Offer contract migration incentive; Promote automatic payment,Not targeted,Not target,45-72 months,Churned
2178-PMGCJ,Male,0,No,No,22,Yes,No,Fiber optic,No,No,No,No,No,No,Month-to-month,Yes,Mailed check,69.7,1490.4,0,0.460506862769255,Predicted churn,High,Targeted retention campaign,Offer contract migration incentive; Offer online security bundle,Standard priority,Target,13-24 months,Stayed
4660-IRIBM,Male,0,Yes,Yes,18,Yes,No,Fiber optic,Yes,No,Yes,No,Yes,No,Month-to-month,Yes,Mailed check,87.9,1500.5,0,0.4273731160769674,Predicted churn,High,Targeted retention campaign,Offer contract migration incentive,Standard priority,Target,13-24 months,Stayed
9674-EHPPG,Male,0,Yes,No,46,No,No phone service,DSL,Yes,No,Yes,Yes,No,No,Two year,No,Credit card (automatic),40.4,1842.7,0,0.0139202507197998,Predicted stay,Low,Standard engagement,,Not targeted,Not target,25-48 months,Stayed
5606-AMZBO,Female,0,Yes,No,10,Yes,Yes,Fiber optic,Yes,No,No,No,No,No,Month-to-month,Yes,Credit card (automatic),78.15,765.15,0,0.5357517445921696,Predicted churn,High,Targeted retention campaign,Offer contract migration incentive; Provide proactive onboarding outreach,Standard priority,Target,7-12 months,Stayed
0665-XHDJU,Male,0,Yes,No,72,Yes,Yes,Fiber optic,No,Yes,No,No,Yes,Yes,Two year,Yes,Electronic check,99.4,7285.7,0,0.1387172971583119,Predicted stay,Low,Standard engagement,Promote automatic payment; Offer online security bundle,Not targeted,Not target,45-72 months,Stayed
5402-HTOTQ,Male,0,No,No,16,Yes,Yes,DSL,No,Yes,No,No,No,No,Month-to-month,No,Electronic check,55.3,875.35,0,0.3126363677832874,Predicted stay,Moderate,Preventative engagement,Offer contract migration incentive; Promote automatic payment; Offer online security bundle,Not targeted,Not target,13-24 months,Stayed
8258-GSTJK,Male,1,No,No,3,Yes,Yes,Fiber optic,No,No,No,No,No,No,Month-to-month,Yes,Electronic check,77.0,237.75,1,0.7547064540382157,Predicted churn,Very high,Priority outreach + personalized retention offer,Offer contract migration incentive; Promote automatic payment; Offer online security bundle; Provide proactive onboarding outreach,High priority,Target,0-6 months,Churned
3787-TRIAL,Male,0,Yes,Yes,21,No,No phone service,DSL,No,No,No,No,No,No,Month-to-month,Yes,Electronic check,26.05,565.75,0,0.370323144312781,Predicted churn,High,Targeted retention campaign,Offer contract migration incentive; Promote automatic payment; Offer online security bundle,Standard priority,Target,13-24 months,Stayed
6175-IRFIT,Male,0,No,No,5,Yes,No,Fiber optic,No,No,No,No,No,Yes,Month-to-month,No,Mailed check,78.75,426.35,0,0.5927568821504349,Predicted churn,High,Targeted retention campaign,Offer contract migration incentive; Offer online security bundle; Provide proactive onboarding outreach,Standard priority,Target,0-6 months,Stayed
6317-YPKDH,Female,0,No,No,1,No,No phone service,DSL,No,Yes,No,No,No,No,Month-to-month,No,Bank transfer (automatic),29.95,29.95,1,0.4245826795224892,Predicted churn,High,Targeted retention campaign,Offer contract migration incentive; Offer online security bundle; Provide proactive onboarding outreach,Standard priority,Target,0-6 months,Churned
5692-FPTAH,Female,0,No,No,1,Yes,No,DSL,No,No,No,No,No,No,Month-to-month,Yes,Mailed check,45.4,45.4,1,0.432030813199714,Predicted churn,High,Targeted retention campaign,Offer contract migration incentive; Offer online security bundle; Provide proactive onboarding outreach,Standard priority,Target,0-6 months,Churned
5373-SFODM,Male,1,Yes,No,36,Yes,Yes,Fiber optic,No,No,No,No,No,Yes,Month-to-month,Yes,Credit card (automatic),85.25,3132.75,1,0.5122135176388987,Predicted churn,High,Targeted retention campaign,Offer contract migration incentive; Offer online security bundle,Standard priority,Target,25-48 months,Churned
0868-VJRDR,Male,0,Yes,No,64,Yes,No,Fiber optic,Yes,Yes,No,Yes,Yes,Yes,Two year,Yes,Credit card (automatic),104.05,6605.55,0,0.0451394337141706,Predicted stay,Low,Standard engagement,,Not targeted,Not target,45-72 months,Stayed
4079-VTGLK,Male,1,Yes,No,30,Yes,Yes,DSL,No,No,Yes,No,Yes,Yes,Two year,No,Electronic check,74.85,2181.75,0,0.1418430506974365,Predicted stay,Low,Standard engagement,Promote automatic payment; Offer online security bundle,Not targeted,Not target,25-48 months,Stayed
1166-PQLGG,Female,0,Yes,Yes,72,Yes,No,No,No internet service,No internet service,No internet service,No internet service,No internet service,No internet service,Two year,No,Bank transfer (automatic),19.55,1463.45,0,0.0015996642845057,Predicted stay,Low,Standard engagement,,Not targeted,Not target,45-72 months,Stayed
5296-BFCYD,Male,0,Yes,Yes,46,Yes,No,No,No internet service,No internet service,No internet service,No internet service,No internet service,No internet service,Two year,Yes,Mailed check,20.1,936.85,0,0.0084447086731275,Predicted stay,Low,Standard engagement,,Not targeted,Not target,25-48 months,Stayed
6568-POCUI,Female,0,Yes,No,45,Yes,No,Fiber optic,No,No,No,Yes,Yes,Yes,Two year,Yes,Credit card (automatic),95.2,4285.8,0,0.1076166880419424,Predicted stay,Low,Standard engagement,Offer online security bundle,Not targeted,Not target,25-48 months,Stayed
2839-RFSQE,Female,0,No,No,2,Yes,No,No,No internet service,No internet service,No internet service,No internet service,No internet service,No internet service,Month-to-month,No,Mailed check,20.65,38.7,1,0.1783499892738907,Predicted stay,Low,Standard engagement,Offer contract migration incentive; Provide proactive onboarding outreach,Not targeted,Not target,0-6 months,Churned
2188-SXWVT,Female,0,No,No,34,Yes,No,DSL,Yes,Yes,No,No,No,No,One year,No,Mailed check,55.0,1885.15,0,0.0390453532685574,Predicted stay,Low,Standard engagement,,Not targeted,Not target,25-48 months,Stayed
8849-GYOKR,Female,0,Yes,No,54,Yes,Yes,Fiber optic,Yes,Yes,No,No,Yes,Yes,One year,No,Bank transfer (automatic),106.55,5763.3,1,0.1271605558036344,Predicted stay,Low,Standard engagement,,Not targeted,Not target,45-72 months,Churned
3623-FQBOX,Male,0,No,No,21,Yes,No,No,No internet service,No internet service,No internet service,No internet service,No internet service,No internet service,Month-to-month,Yes,Mailed check,19.95,416.4,0,0.119490970948266,Predicted stay,Low,Standard engagement,Offer contract migration incentive,Not targeted,Not target,13-24 months,Stayed
2649-HWLYB,Male,0,Yes,No,65,Yes,Yes,DSL,Yes,No,Yes,Yes,No,Yes,Two year,No,Bank transfer (automatic),76.15,4929.55,0,0.0101098985024063,Predicted stay,Low,Standard engagement,,Not targeted,Not target,45-72 months,Stayed
0599-XNYDO,Female,0,Yes,No,20,Yes,No,Fiber optic,No,No,No,No,No,No,Month-to-month,Yes,Bank transfer (automatic),69.8,1540.35,0,0.4690136188190705,Predicted churn,High,Targeted retention campaign,Offer contract migration incentive; Offer online security bundle,Standard priority,Target,13-24 months,Stayed
2514-GINMM,Male,0,No,No,1,Yes,No,Fiber optic,No,No,No,No,Yes,No,Month-to-month,Yes,Electronic check,79.5,79.5,1,0.7559943907807234,Predicted churn,Very high,Priority outreach + personalized retention offer,Offer contract migration incentive; Promote automatic payment; Offer online security bundle; Provide proactive onboarding outreach,High priority,Target,0-6 months,Churned
8401-EMUWF,Male,0,Yes,Yes,42,Yes,Yes,DSL,Yes,Yes,No,No,Yes,No,Month-to-month,Yes,Bank transfer (automatic),69.4,3058.3,0,0.1209221431782196,Predicted stay,Low,Standard engagement,Offer contract migration incentive,Not targeted,Not target,25-48 months,Stayed
5766-ZJYBB,Male,0,No,No,1,Yes,No,No,No internet service,No internet service,No internet service,No internet service,No internet service,No internet service,Month-to-month,No,Mailed check,19.4,19.4,1,0.2010622814643417,Predicted stay,Moderate,Preventative engagement,Offer contract migration incentive; Provide proactive onboarding outreach,Not targeted,Not target,0-6 months,Churned
2604-IJPDU,Female,0,Yes,No,20,Yes,No,Fiber optic,Yes,Yes,No,Yes,Yes,No,Month-to-month,Yes,Electronic check,96.55,1901.65,0,0.3706108090798372,Predicted churn,High,Targeted retention campaign,Offer contract migration incentive; Promote automatic payment,Standard priority,Target,13-24 months,Stayed
2501-XWWTZ,Male,0,No,No,11,Yes,No,Fiber optic,No,No,No,No,No,No,Month-to-month,No,Electronic check,70.2,760.05,0,0.5364940911933073,Predicted churn,High,Targeted retention campaign,Offer contract migration incentive; Promote automatic payment; Offer online security bundle; Provide proactive onboarding outreach,Standard priority,Target,7-12 months,Stayed
6370-ZVHDV,Female,0,Yes,No,61,Yes,Yes,No,No internet service,No internet service,No internet service,No internet service,No internet service,No internet service,Two year,No,Bank transfer (automatic),25.3,1554.9,0,0.0046206560638487,Predicted stay,Low,Standard engagement,,Not targeted,Not target,45-72 months,Stayed
3027-YNWZU,Female,0,Yes,No,64,Yes,Yes,No,No internet service,No internet service,No internet service,No internet service,No internet service,No internet service,Two year,No,Credit card (automatic),25.0,1584.8,0,0.0039539608625128,Predicted stay,Low,Standard engagement,,Not targeted,Not target,45-72 months,Stayed
4526-ZJJTM,Female,1,Yes,No,25,Yes,No,Fiber optic,No,Yes,Yes,No,No,Yes,Month-to-month,No,Bank transfer (automatic),88.4,2191.15,0,0.4074405720626347,Predicted churn,High,Targeted retention campaign,Offer contract migration incentive; Offer online security bundle,Standard priority,Target,25-48 months,Stayed
0440-QEXBZ,Female,0,No,No,44,Yes,Yes,DSL,No,No,No,No,No,No,Month-to-month,Yes,Mailed check,50.15,2139.1,0,0.1528997684661418,Predicted stay,Low,Standard engagement,Offer contract migration incentive; Offer online security bundle,Not targeted,Not target,25-48 months,Stayed
0330-IVZHA,Female,0,Yes,No,5,Yes,No,Fiber optic,No,No,No,No,No,No,Month-to-month,No,Electronic check,69.95,330.15,1,0.5911127612168978,Predicted churn,High,Targeted retention campaign,Offer contract migration incentive; Promote automatic payment; Offer online security bundle; Provide proactive onboarding outreach,Standard priority,Target,0-6 months,Churned
9758-MFWGD,Female,1,Yes,Yes,48,No,No phone service,DSL,No,Yes,No,No,No,No,One year,No,Bank transfer (automatic),29.9,1388.75,0,0.0395940705908271,Predicted stay,Low,Standard engagement,Offer online security bundle,Not targeted,Not target,25-48 months,Stayed
4229-CZMLL,Male,0,No,No,6,Yes,Yes,Fiber optic,No,No,No,No,No,No,Month-to-month,Yes,Electronic check,74.9,469.8,1,0.7329410195297331,Predicted churn,Very high,Priority outreach + personalized retention offer,Offer contract migration incentive; Promote automatic payment; Offer online security bundle; Provide proactive onboarding outreach,High priority,Target,0-6 months,Churned
0742-MOABM,Male,0,Yes,No,4,Yes,No,DSL,No,No,No,Yes,No,No,Month-to-month,No,Mailed check,50.05,179.35,1,0.253666306353373,Predicted stay,Moderate,Preventative engagement,Offer contract migration incentive; Offer online security bundle; Provide proactive onboarding outreach,Not targeted,Not target,0-6 months,Churned
4277-BWBML,Male,0,Yes,Yes,72,Yes,No,No,No internet service,No internet service,No internet service,No internet service,No internet service,No internet service,Two year,No,Bank transfer (automatic),19.95,1322.85,0,0.0015398869922207,Predicted stay,Low,Standard engagement,,Not targeted,Not target,45-72 months,Stayed
5136-GFPMB,Male,0,No,No,54,Yes,Yes,Fiber optic,No,No,Yes,No,No,Yes,Month-to-month,No,Credit card (automatic),89.4,4869.5,0,0.2707276296266078,Predicted stay,Moderate,Preventative engagement,Offer contract migration incentive; Offer online security bundle,Not targeted,Not target,45-72 months,Stayed
7520-HQWJU,Female,0,Yes,Yes,66,Yes,Yes,DSL,Yes,Yes,Yes,No,No,No,Month-to-month,Yes,Bank transfer (automatic),67.45,4508.65,0,0.0337155499973616,Predicted stay,Low,Standard engagement,Offer contract migration incentive,Not targeted,Not target,45-72 months,Stayed
6304-IJFSQ,Male,0,No,No,3,Yes,No,DSL,No,Yes,No,No,No,No,Month-to-month,Yes,Mailed check,49.9,130.1,1,0.37996660426275,Predicted churn,High,Targeted retention campaign,Offer contract migration incentive; Offer online security bundle; Provide proactive onboarding outreach,Standard priority,Target,0-6 months,Churned
0297-RBCSG,Male,0,No,No,19,Yes,No,DSL,No,Yes,No,Yes,No,Yes,One year,Yes,Bank transfer (automatic),65.35,1231.85,0,0.1175412039795929,Predicted stay,Low,Standard engagement,Offer online security bundle,Not targeted,Not target,13-24 months,Stayed
6013-BHCAW,Male,0,Yes,Yes,61,Yes,Yes,DSL,No,No,Yes,Yes,Yes,Yes,Two year,Yes,Bank transfer (automatic),81.0,4976.15,0,0.0275329397105524,Predicted stay,Low,Standard engagement,Offer online security bundle,Not targeted,Not target,45-72 months,Stayed
4402-FTBXC,Male,0,No,No,54,Yes,No,Fiber optic,Yes,No,Yes,No,Yes,No,Month-to-month,No,Mailed check,89.8,4667.0,0,0.1573294767577649,Predicted stay,Low,Standard engagement,Offer contract migration incentive,Not targeted,Not target,45-72 months,Stayed
1471-GIQKQ,Female,0,No,No,1,Yes,No,DSL,No,Yes,No,No,No,No,Month-to-month,No,Electronic check,49.95,49.95,0,0.3799410130690179,Predicted churn,High,Targeted retention campaign,Offer contract migration incentive; Promote automatic payment; Offer online security bundle; Provide proactive onboarding outreach,Standard priority,Target,0-6 months,Stayed
4283-FUTGF,Male,1,No,No,19,Yes,Yes,Fiber optic,No,No,Yes,No,No,No,Month-to-month,Yes,Electronic check,79.85,1471.75,1,0.6639122151087787,Predicted churn,Very high,Priority outreach + personalized retention offer,Offer contract migration incentive; Promote automatic payment; Offer online security bundle,High priority,Target,13-24 months,Churned
9548-LERKT,Male,0,Yes,No,24,Yes,No,No,No internet service,No internet service,No internet service,No internet service,No internet service,No internet service,Two year,No,Mailed check,19.75,483.15,0,0.0209323053630045,Predicted stay,Low,Standard engagement,,Not targeted,Not target,13-24 months,Stayed
8059-UDZFY,Female,1,No,Yes,33,Yes,Yes,Fiber optic,No,Yes,Yes,No,Yes,Yes,Month-to-month,Yes,Bank transfer (automatic),105.35,3465.05,0,0.5066921621690633,Predicted churn,High,Targeted retention campaign,Offer contract migration incentive; Offer online security bundle,Standard priority,Target,25-48 months,Stayed
0410-IPFTY,Female,0,Yes,No,31,Yes,No,Fiber optic,No,Yes,No,No,No,Yes,Month-to-month,Yes,Bank transfer (automatic),83.85,2674.15,0,0.4186715390094636,Predicted churn,High,Targeted retention campaign,Offer contract migration incentive; Offer online security bundle,Standard priority,Target,25-48 months,Stayed
2478-EEWWM,Male,0,Yes,No,59,No,No phone service,DSL,No,No,No,No,Yes,Yes,Month-to-month,Yes,Electronic check,44.3,2666.75,0,0.224636150078594,Predicted stay,Moderate,Preventative engagement,Offer contract migration incentive; Promote automatic payment; Offer online security bundle,Not targeted,Not target,45-72 months,Stayed
4619-EVPHY,Female,1,Yes,No,20,Yes,No,Fiber optic,No,No,No,No,Yes,Yes,One year,Yes,Bank transfer (automatic),91.0,1859.5,0,0.440742270903912,Predicted churn,High,Targeted retention campaign,Offer online security bundle,Standard priority,Target,13-24 months,Stayed
2277-DJJDL,Male,1,Yes,No,60,Yes,Yes,Fiber optic,No,No,No,Yes,Yes,Yes,Month-to-month,Yes,Electronic check,99.0,6017.9,0,0.4594968343341397,Predicted churn,High,Targeted retention campaign,Offer contract migration incentive; Promote automatic payment; Offer online security bundle,Standard priority,Target,45-72 months,Stayed
2911-WDXMV,Male,0,No,Yes,18,Yes,Yes,Fiber optic,No,No,Yes,No,No,No,Month-to-month,Yes,Credit card (automatic),80.55,1406.65,0,0.4731913879367961,Predicted churn,High,Targeted retention campaign,Offer contract migration incentive; Offer online security bundle,Standard priority,Target,13-24 months,Stayed
3639-XJHKQ,Female,0,No,Yes,19,Yes,No,DSL,Yes,Yes,Yes,No,No,No,Month-to-month,Yes,Electronic check,60.6,1297.8,0,0.1838339886816709,Predicted stay,Low,Standard engagement,Offer contract migration incentive; Promote automatic payment,Not targeted,Not target,13-24 months,Stayed
8173-RXAYP,Female,0,Yes,Yes,24,Yes,No,No,No internet service,No internet service,No internet service,No internet service,No internet service,No internet service,Two year,No,Mailed check,19.7,452.55,0,0.0163631359519427,Predicted stay,Low,Standard engagement,,Not targeted,Not target,13-24 months,Stayed
4537-CIBHB,Female,0,Yes,Yes,9,Yes,No,No,No internet service,No internet service,No internet service,No internet service,No internet service,No internet service,One year,No,Mailed check,20.25,172.35,0,0.0607880914159605,Predicted stay,Low,Standard engagement,Provide proactive onboarding outreach,Not targeted,Not target,7-12 months,Stayed
5442-BXVND,Female,0,Yes,Yes,33,Yes,Yes,No,No internet service,No internet service,No internet service,No internet service,No internet service,No internet service,Month-to-month,No,Bank transfer (automatic),24.25,838.5,0,0.0538171847811206,Predicted stay,Low,Standard engagement,Offer contract migration incentive,Not targeted,Not target,25-48 months,Stayed
2308-STERM,Female,0,No,No,2,Yes,No,No,No internet service,No internet service,No internet service,No internet service,No internet service,No internet service,Month-to-month,No,Mailed check,19.4,61.05,0,0.1909318963487008,Predicted stay,Low,Standard engagement,Offer contract migration incentive; Provide proactive onboarding outreach,Not targeted,Not target,0-6 months,Stayed
7159-NOKYQ,Male,0,Yes,No,67,Yes,Yes,Fiber optic,No,Yes,Yes,No,No,Yes,Two year,Yes,Electronic check,93.15,6368.2,0,0.1218580851803373,Predicted stay,Low,Standard engagement,Promote automatic payment; Offer online security bundle,Not targeted,Not target,45-72 months,Stayed
6075-QMNRR,Female,0,No,No,52,Yes,No,DSL,Yes,No,No,No,No,No,Month-to-month,Yes,Bank transfer (automatic),49.75,2535.55,0,0.0575361991402479,Predicted stay,Low,Standard engagement,Offer contract migration incentive,Not targeted,Not target,45-72 months,Stayed
3694-GLTJM,Female,0,No,No,5,Yes,No,No,No internet service,No internet service,No internet service,No internet service,No internet service,No internet service,Month-to-month,Yes,Credit card (automatic),19.65,92.05,0,0.2074074580287662,Predicted stay,Moderate,Preventative engagement,Offer contract migration incentive; Provide proactive onboarding outreach,Not targeted,Not target,0-6 months,Stayed
9629-NHXFW,Female,0,Yes,Yes,1,Yes,No,No,No internet service,No internet service,No internet service,No internet service,No internet service,No internet service,Month-to-month,Yes,Mailed check,19.4,19.4,0,0.2252837242577207,Predicted stay,Moderate,Preventative engagement,Offer contract migration incentive; Provide proactive onboarding outreach,Not targeted,Not target,0-6 months,Stayed
7167-PCEYD,Male,0,No,No,67,Yes,No,No,No internet service,No internet service,No internet service,No internet service,No internet service,No internet service,Two year,Yes,Mailed check,19.8,1311.3,0,0.0038522518079589,Predicted stay,Low,Standard engagement,,Not targeted,Not target,45-72 months,Stayed
2748-MYRVK,Female,0,No,No,63,Yes,Yes,Fiber optic,No,Yes,No,No,Yes,Yes,One year,No,Bank transfer (automatic),99.9,6137.0,1,0.1421806109352666,Predicted stay,Low,Standard engagement,Offer online security bundle,Not targeted,Not target,45-72 months,Churned
4223-WOZCM,Male,1,No,No,2,Yes,No,DSL,No,No,Yes,No,No,No,Month-to-month,No,Mailed check,49.95,107.1,0,0.3706107861692175,Predicted churn,High,Targeted retention campaign,Offer contract migration incentive; Offer online security bundle; Provide proactive onboarding outreach,Standard priority,Target,0-6 months,Stayed
6946-LMSQS,Male,1,Yes,No,25,Yes,Yes,Fiber optic,Yes,No,No,No,No,Yes,One year,Yes,Electronic check,89.05,2177.45,1,0.4379076417372807,Predicted churn,High,Targeted retention campaign,Promote automatic payment,Standard priority,Target,25-48 months,Churned
5469-NUJUR,Male,0,No,No,19,Yes,No,No,No internet service,No internet service,No internet service,No internet service,No internet service,No internet service,Two year,Yes,Mailed check,19.95,373.5,0,0.0365123554849101,Predicted stay,Low,Standard engagement,,Not targeted,Not target,13-24 months,Stayed
6388-TABGU,Male,0,No,Yes,62,Yes,No,DSL,Yes,Yes,No,No,No,No,One year,No,Bank transfer (automatic),56.15,3487.95,0,0.0097078635708171,Predicted stay,Low,Standard engagement,,Not targeted,Not target,45-72 months,Stayed
1261-FWTTE,Male,1,No,No,23,No,No phone service,DSL,No,No,No,No,No,Yes,Month-to-month,Yes,Bank transfer (automatic),34.65,768.45,0,0.4210388882335166,Predicted churn,High,Targeted retention campaign,Offer contract migration incentive; Offer online security bundle,Standard priority,Target,13-24 months,Stayed
8590-YFFQO,Male,0,Yes,No,70,Yes,No,DSL,Yes,Yes,Yes,Yes,No,No,Two year,No,Credit card (automatic),64.95,4523.25,0,0.0037384574796966,Predicted stay,Low,Standard engagement,,Not targeted,Not target,45-72 months,Stayed
0082-OQIQY,Male,0,No,No,29,Yes,No,Fiber optic,No,No,No,Yes,Yes,Yes,Month-to-month,Yes,Electronic check,94.2,2607.6,0,0.537550835339625,Predicted churn,High,Targeted retention campaign,Offer contract migration incentive; Promote automatic payment; Offer online security bundle,Standard priority,Target,25-48 months,Stayed
9465-RWMXL,Male,0,Yes,No,32,Yes,Yes,Fiber optic,No,No,Yes,No,No,No,Month-to-month,Yes,Electronic check,78.9,2447.95,1,0.5438692311790776,Predicted churn,High,Targeted retention campaign,Offer contract migration incentive; Promote automatic payment; Offer online security bundle,Standard priority,Target,25-48 months,Churned
2930-UOTMB,Female,0,No,No,31,Yes,Yes,DSL,Yes,No,Yes,Yes,No,No,Month-to-month,No,Credit card (automatic),65.25,1994.3,1,0.084032921312089,Predicted stay,Low,Standard engagement,Offer contract migration incentive,Not targeted,Not target,25-48 months,Churned
9128-CPXKI,Female,0,No,No,59,Yes,No,Fiber optic,No,No,Yes,No,Yes,Yes,Two year,No,Electronic check,95.8,5655.45,0,0.1002360207448003,Predicted stay,Low,Standard engagement,Promote automatic payment; Offer online security bundle,Not targeted,Not target,45-72 months,Stayed
0484-FFVBJ,Male,0,No,No,32,Yes,No,DSL,No,No,No,No,Yes,Yes,One year,Yes,Bank transfer (automatic),64.85,2010.95,0,0.1548716191823231,Predicted stay,Low,Standard engagement,Offer online security bundle,Not targeted,Not target,25-48 months,Stayed
1100-DDVRV,Male,0,Yes,No,17,No,No phone service,DSL,No,Yes,No,No,Yes,Yes,Month-to-month,Yes,Mailed check,49.8,836.35,0,0.4965865135737778,Predicted churn,High,Targeted retention campaign,Offer contract migration incentive; Offer online security bundle,Standard priority,Target,13-24 months,Stayed
9313-QOLTZ,Male,0,No,No,26,Yes,No,No,No internet service,No internet service,No internet service,No internet service,No internet service,No internet service,Month-to-month,No,Mailed check,20.9,518.3,0,0.0651181100963502,Predicted stay,Low,Standard engagement,Offer contract migration incentive,Not targeted,Not target,25-48 months,Stayed
3338-CVVEH,Male,0,No,No,12,Yes,Yes,Fiber optic,No,No,No,No,Yes,Yes,Month-to-month,No,Electronic check,94.55,1173.55,0,0.7219076573851,Predicted churn,Very high,Priority outreach + personalized retention offer,Offer contract migration incentive; Promote automatic payment; Offer online security bundle; Provide proactive onboarding outreach,High priority,Target,7-12 months,Stayed
1131-SUEKT,Male,0,Yes,Yes,61,Yes,No,Fiber optic,No,Yes,No,Yes,Yes,Yes,One year,Yes,Bank transfer (automatic),98.45,6145.2,0,0.1119466313743738,Predicted stay,Low,Standard engagement,Offer online security bundle,Not targeted,Not target,45-72 months,Stayed
7602-DBTOU,Female,0,Yes,No,71,Yes,No,No,No internet service,No internet service,No internet service,No internet service,No internet service,No internet service,Two year,No,Mailed check,19.6,1416.5,0,0.0022418481801279,Predicted stay,Low,Standard engagement,,Not targeted,Not target,45-72 months,Stayed
1385-TQOZW,Female,0,No,No,9,Yes,No,No,No internet service,No internet service,No internet service,No internet service,No internet service,No internet service,Month-to-month,Yes,Credit card (automatic),20.45,147.55,0,0.1697785956405527,Predicted stay,Low,Standard engagement,Offer contract migration incentive; Provide proactive onboarding outreach,Not targeted,Not target,7-12 months,Stayed
6892-XPFPU,Male,1,Yes,No,24,Yes,Yes,Fiber optic,No,Yes,Yes,No,Yes,Yes,Month-to-month,Yes,Electronic check,104.25,2433.9,1,0.7238693671573544,Predicted churn,Very high,Priority outreach + personalized retention offer,Offer contract migration incentive; Promote automatic payment; Offer online security bundle,High priority,Target,13-24 months,Churned
4115-NZRKS,Female,1,No,No,7,Yes,No,Fiber optic,No,No,No,No,Yes,Yes,Month-to-month,Yes,Electronic check,89.15,574.35,0,0.7860069533938225,Predicted churn,Very high,Priority outreach + personalized retention offer,Offer contract migration incentive; Promote automatic payment; Offer online security bundle; Provide proactive onboarding outreach,High priority,Target,7-12 months,Stayed
5514-YQENT,Male,0,No,Yes,41,Yes,No,Fiber optic,Yes,Yes,Yes,Yes,Yes,Yes,Two year,Yes,Electronic check,111.15,4507.15,0,0.0849027411313024,Predicted stay,Low,Standard engagement,Promote automatic payment,Not targeted,Not target,25-48 months,Stayed
6319-IEJWJ,Male,0,Yes,Yes,20,Yes,No,Fiber optic,No,No,No,No,Yes,Yes,Month-to-month,Yes,Electronic check,90.2,1776.55,1,0.6285432410791907,Predicted churn,Very high,Priority outreach + personalized retention offer,Offer contract migration incentive; Promote automatic payment; Offer online security bundle,High priority,Target,13-24 months,Churned
8849-AYPTR,Male,0,Yes,No,33,Yes,No,Fiber optic,No,No,No,No,Yes,Yes,Month-to-month,No,Electronic check,91.25,2964.05,0,0.4820948210201703,Predicted churn,High,Targeted retention campaign,Offer contract migration incentive; Promote automatic payment; Offer online security bundle,Standard priority,Target,25-48 months,Stayed
5893-PYOLZ,Male,0,No,No,56,Yes,No,DSL,No,Yes,Yes,Yes,Yes,Yes,Two year,Yes,Credit card (automatic),81.8,4534.45,0,0.0229100391112788,Predicted stay,Low,Standard engagement,Offer online security bundle,Not targeted,Not target,45-72 months,Stayed
7180-PISOG,Male,0,Yes,Yes,1,Yes,Yes,Fiber optic,No,No,No,No,No,No,Month-to-month,Yes,Electronic check,74.5,74.5,1,0.7301090645700127,Predicted churn,Very high,Priority outreach + personalized retention offer,Offer contract migration incentive; Promote automatic payment; Offer online security bundle; Provide proactive onboarding outreach,High priority,Target,0-6 months,Churned
8443-ZRDBZ,Male,0,No,No,4,Yes,Yes,Fiber optic,No,No,No,No,No,No,Month-to-month,Yes,Electronic check,76.05,318.9,1,0.7320918581093425,Predicted churn,Very high,Priority outreach + personalized retention offer,Offer contract migration incentive; Promote automatic payment; Offer online security bundle; Provide proactive onboarding outreach,High priority,Target,0-6 months,Churned
9079-YEXQJ,Female,0,No,No,54,Yes,Yes,Fiber optic,No,Yes,Yes,Yes,Yes,Yes,Month-to-month,No,Electronic check,111.1,6014.85,1,0.3171527629812851,Predicted stay,Moderate,Preventative engagement,Offer contract migration incentive; Promote automatic payment; Offer online security bundle,Not targeted,Not target,45-72 months,Churned
3780-YVMFA,Female,0,Yes,Yes,8,Yes,No,DSL,No,No,No,Yes,Yes,Yes,Month-to-month,Yes,Electronic check,68.55,564.35,0,0.441738152215587,Predicted churn,High,Targeted retention campaign,Offer contract migration incentive; Promote automatic payment; Offer online security bundle; Provide proactive onboarding outreach,Standard priority,Target,7-12 months,Stayed
6968-MHOMU,Male,0,Yes,No,58,No,No phone service,DSL,No,No,No,No,Yes,Yes,One year,Yes,Credit card (automatic),45.0,2689.35,0,0.0885268506350133,Predicted stay,Low,Standard engagement,Offer online security bundle,Not targeted,Not target,45-72 months,Stayed
0899-LIIBW,Male,0,Yes,No,34,Yes,Yes,Fiber optic,No,No,Yes,No,Yes,Yes,Month-to-month,No,Electronic check,100.85,3527.3,0,0.5699502880224446,Predicted churn,High,Targeted retention campaign,Offer contract migration incentive; Promote automatic payment; Offer online security bundle,Standard priority,Target,25-48 months,Stayed
3677-IYRBF,Female,1,No,No,2,No,No phone service,DSL,No,No,Yes,No,No,No,Month-to-month,Yes,Electronic check,30.4,78.65,1,0.661507836441526,Predicted churn,Very high,Priority outreach + personalized retention offer,Offer contract migration incentive; Promote automatic payment; Offer online security bundle; Provide proactive onboarding outreach,High priority,Target,0-6 months,Churned
8393-DLHGA,Male,0,No,Yes,25,Yes,No,Fiber optic,No,Yes,No,No,Yes,Yes,Month-to-month,Yes,Electronic check,95.9,2448.75,1,0.545261322060124,Predicted churn,High,Targeted retention campaign,Offer contract migration incentive; Promote automatic payment; Offer online security bundle,Standard priority,Target,25-48 months,Churned
7691-XVTZH,Female,0,Yes,No,68,Yes,Yes,Fiber optic,No,No,Yes,No,Yes,No,Two year,Yes,Bank transfer (automatic),89.95,5974.3,0,0.0785022704424347,Predicted stay,Low,Standard engagement,Offer online security bundle,Not targeted,Not target,45-72 months,Stayed
5360-LJCNJ,Female,0,Yes,No,71,Yes,Yes,Fiber optic,No,Yes,Yes,No,Yes,Yes,Two year,Yes,Bank transfer (automatic),105.15,7555.0,0,0.0992677415797624,Predicted stay,Low,Standard engagement,Offer online security bundle,Not targeted,Not target,45-72 months,Stayed
3891-PUQOD,Female,0,No,Yes,1,Yes,No,DSL,No,No,Yes,No,No,Yes,Month-to-month,No,Electronic check,59.2,59.2,1,0.4236846630955924,Predicted churn,High,Targeted retention campaign,Offer contract migration incentive; Promote automatic payment; Offer online security bundle; Provide proactive onboarding outreach,Standard priority,Target,0-6 months,Churned
0952-KMEEH,Male,0,No,No,13,Yes,Yes,Fiber optic,Yes,No,No,No,Yes,Yes,Month-to-month,No,Mailed check,98.15,1230.25,1,0.5661022201573684,Predicted churn,High,Targeted retention campaign,Offer contract migration incentive,Standard priority,Target,13-24 months,Churned
4919-IKATY,Male,0,Yes,Yes,5,Yes,Yes,Fiber optic,Yes,No,Yes,No,No,No,Month-to-month,Yes,Electronic check,84.5,453.75,1,0.6006577882235754,Predicted churn,Very high,Priority outreach + personalized retention offer,Offer contract migration incentive; Promote automatic payment; Provide proactive onboarding outreach,High priority,Target,0-6 months,Churned
9746-UGFAC,Female,0,No,No,22,Yes,No,No,No internet service,No internet service,No internet service,No internet service,No internet service,No internet service,One year,No,Bank transfer (automatic),20.85,450.65,0,0.0368834346135194,Predicted stay,Low,Standard engagement,,Not targeted,Not target,13-24 months,Stayed
9108-EQPNQ,Female,0,Yes,Yes,10,Yes,Yes,No,No internet service,No internet service,No internet service,No internet service,No internet service,No internet service,Two year,No,Credit card (automatic),26.1,225.55,0,0.0348854834458943,Predicted stay,Low,Standard engagement,Provide proactive onboarding outreach,Not targeted,Not target,7-12 months,Stayed
0531-ZZJWQ,Male,1,Yes,No,55,Yes,Yes,Fiber optic,No,No,No,No,No,No,Month-to-month,Yes,Electronic check,74.0,4052.4,0,0.3897819622895513,Predicted churn,High,Targeted retention campaign,Offer contract migration incentive; Promote automatic payment; Offer online security bundle,Standard priority,Target,45-72 months,Stayed
8763-KIAFH,Female,0,Yes,Yes,27,Yes,No,No,No internet service,No internet service,No internet service,No internet service,No internet service,No internet service,One year,Yes,Mailed check,20.55,583.3,0,0.0380213957912246,Predicted stay,Low,Standard engagement,,Not targeted,Not target,25-48 months,Stayed
5863-OOKCL,Female,0,No,No,10,Yes,No,No,No internet service,No internet service,No internet service,No internet service,No internet service,No internet service,Month-to-month,No,Mailed check,18.85,163.2,0,0.1412203309894713,Predicted stay,Low,Standard engagement,Offer contract migration incentive; Provide proactive onboarding outreach,Not targeted,Not target,7-12 months,Stayed
2958-NHPPS,Male,0,No,No,23,Yes,No,No,No internet service,No internet service,No internet service,No internet service,No internet service,No internet service,Month-to-month,No,Electronic check,20.85,473.9,0,0.0993619086969965,Predicted stay,Low,Standard engagement,Offer contract migration incentive; Promote automatic payment,Not targeted,Not target,13-24 months,Stayed
9530-GRMJG,Male,0,Yes,Yes,70,Yes,Yes,DSL,No,Yes,Yes,Yes,Yes,Yes,Two year,Yes,Electronic check,84.1,5979.7,0,0.0302630837459131,Predicted stay,Low,Standard engagement,Promote automatic payment; Offer online security bundle,Not targeted,Not target,45-72 months,Stayed
1809-DMJHQ,Female,0,No,Yes,5,Yes,No,DSL,No,No,No,No,No,No,Month-to-month,No,Mailed check,46.0,221.7,1,0.2550951536030958,Predicted stay,Moderate,Preventative engagement,Offer contract migration incentive; Offer online security bundle; Provide proactive onboarding outreach,Not targeted,Not target,0-6 months,Churned
0164-XAIRP,Female,0,No,No,24,Yes,No,No,No internet service,No internet service,No internet service,No internet service,No internet service,No internet service,Two year,Yes,Bank transfer (automatic),19.55,470.2,0,0.0269834376409823,Predicted stay,Low,Standard engagement,,Not targeted,Not target,13-24 months,Stayed
2926-JEJJC,Female,0,No,No,8,Yes,No,No,No internet service,No internet service,No internet service,No internet service,No internet service,No internet service,One year,Yes,Bank transfer (automatic),20.2,140.95,0,0.1004257343303521,Predicted stay,Low,Standard engagement,Provide proactive onboarding outreach,Not targeted,Not target,7-12 months,Stayed
1169-WCVAK,Male,0,Yes,No,19,Yes,Yes,Fiber optic,Yes,Yes,No,Yes,No,No,Month-to-month,Yes,Credit card (automatic),88.8,1672.35,0,0.3356508897912424,Predicted stay,Moderate,Preventative engagement,Offer contract migration incentive,Not targeted,Not target,13-24 months,Stayed
1217-VASWC,Male,1,Yes,No,43,Yes,No,Fiber optic,No,Yes,Yes,No,Yes,Yes,One year,Yes,Bank transfer (automatic),100.55,4304.0,0,0.2659492553671895,Predicted stay,Moderate,Preventative engagement,Offer online security bundle,Not targeted,Not target,25-48 months,Stayed
2452-KDRRH,Male,1,No,No,67,Yes,Yes,Fiber optic,No,No,Yes,No,Yes,Yes,Month-to-month,Yes,Credit card (automatic),101.4,6841.05,0,0.3602319767027142,Predicted churn,High,Targeted retention campaign,Offer contract migration incentive; Offer online security bundle,Standard priority,Target,45-72 months,Stayed
6402-EJMWF,Male,0,No,No,4,Yes,No,DSL,No,No,No,No,No,Yes,Month-to-month,Yes,Mailed check,55.3,238.5,0,0.4655084043371641,Predicted churn,High,Targeted retention campaign,Offer contract migration incentive; Offer online security bundle; Provide proactive onboarding outreach,Standard priority,Target,0-6 months,Stayed
7663-CUXZB,Male,0,Yes,No,59,Yes,Yes,Fiber optic,Yes,Yes,Yes,Yes,Yes,Yes,Two year,No,Electronic check,113.75,6561.25,0,0.0758228503842561,Predicted stay,Low,Standard engagement,Promote automatic payment,Not targeted,Not target,45-72 months,Stayed
4312-KFRXN,Male,0,Yes,No,72,Yes,Yes,No,No internet service,No internet service,No internet service,No internet service,No internet service,No internet service,Two year,No,Mailed check,25.4,1710.9,0,0.0029572542443375,Predicted stay,Low,Standard engagement,,Not targeted,Not target,45-72 months,Stayed
3011-WQKSZ,Male,0,No,Yes,19,Yes,No,No,No internet service,No internet service,No internet service,No internet service,No internet service,No internet service,Month-to-month,Yes,Electronic check,20.0,377.55,0,0.1395392112932805,Predicted stay,Low,Standard engagement,Offer contract migration incentive; Promote automatic payment,Not targeted,Not target,13-24 months,Stayed
9747-DDZOS,Female,0,No,No,1,Yes,No,Fiber optic,No,No,Yes,No,No,No,Month-to-month,No,Bank transfer (automatic),73.5,73.5,1,0.5383222048006837,Predicted churn,High,Targeted retention campaign,Offer contract migration incentive; Offer online security bundle; Provide proactive onboarding outreach,Standard priority,Target,0-6 months,Churned
2091-MJTFX,Female,0,Yes,Yes,30,No,No phone service,DSL,No,No,No,Yes,Yes,Yes,Month-to-month,No,Credit card (automatic),51.2,1561.5,1,0.1807369361135512,Predicted stay,Low,Standard engagement,Offer contract migration incentive; Offer online security bundle,Not targeted,Not target,25-48 months,Churned
0388-EOPEX,Female,0,Yes,No,2,Yes,No,Fiber optic,Yes,No,No,No,No,No,Month-to-month,Yes,Electronic check,74.4,139.4,1,0.6120703871303727,Predicted churn,Very high,Priority outreach + personalized retention offer,Offer contract migration incentive; Promote automatic payment; Provide proactive onboarding outreach,High priority,Target,0-6 months,Churned
3161-ONRWK,Male,0,Yes,Yes,60,Yes,No,DSL,Yes,Yes,Yes,Yes,No,No,One year,Yes,Bank transfer (automatic),65.85,3928.3,0,0.0118876116017923,Predicted stay,Low,Standard engagement,,Not targeted,Not target,45-72 months,Stayed
2587-EKXTS,Male,0,No,No,44,Yes,Yes,Fiber optic,Yes,Yes,Yes,No,Yes,Yes,Month-to-month,Yes,Electronic check,111.5,4915.15,0,0.4501208514804804,Predicted churn,High,Targeted retention campaign,Offer contract migration incentive; Promote automatic payment,Standard priority,Target,25-48 months,Stayed
9752-ZNQUT,Female,0,No,No,1,Yes,No,DSL,No,Yes,No,No,No,No,Month-to-month,Yes,Electronic check,48.6,48.6,0,0.4910303268674792,Predicted churn,High,Targeted retention campaign,Offer contract migration incentive; Promote automatic payment; Offer online security bundle; Provide proactive onboarding outreach,Standard priority,Target,0-6 months,Stayed
9572-WUKSB,Male,0,Yes,No,3,No,No phone service,DSL,No,No,No,Yes,No,No,Month-to-month,Yes,Electronic check,29.9,92.25,0,0.5542681795191178,Predicted churn,High,Targeted retention campaign,Offer contract migration incentive; Promote automatic payment; Offer online security bundle; Provide proactive onboarding outreach,Standard priority,Target,0-6 months,Stayed
3836-FZSDJ,Male,1,Yes,No,71,Yes,Yes,No,No internet service,No internet service,No internet service,No internet service,No internet service,No internet service,Two year,No,Bank transfer (automatic),24.85,1901.0,0,0.0036245286217604,Predicted stay,Low,Standard engagement,,Not targeted,Not target,45-72 months,Stayed
8805-JNRAZ,Female,0,No,No,2,Yes,No,DSL,No,Yes,No,No,No,No,Month-to-month,No,Mailed check,49.2,103.7,0,0.3117125143078352,Predicted stay,Moderate,Preventative engagement,Offer contract migration incentive; Offer online security bundle; Provide proactive onboarding outreach,Not targeted,Not target,0-6 months,Stayed
3069-SSVSN,Female,0,No,No,1,No,No phone service,DSL,No,No,No,No,No,No,One year,No,Mailed check,25.85,25.85,0,0.3108191881476461,Predicted stay,Moderate,Preventative engagement,Offer online security bundle; Provide proactive onboarding outreach,Not targeted,Not target,0-6 months,Stayed
8015-IHCGW,Female,0,Yes,Yes,72,Yes,Yes,Fiber optic,Yes,Yes,Yes,Yes,Yes,Yes,Two year,Yes,Electronic check,115.5,8425.15,0,0.0628217021889591,Predicted stay,Low,Standard engagement,Promote automatic payment,Not targeted,Not target,45-72 months,Stayed
8132-YPVBX,Female,0,No,No,6,Yes,No,Fiber optic,No,Yes,No,No,No,Yes,Month-to-month,Yes,Mailed check,85.95,514.6,0,0.5914951371622946,Predicted churn,High,Targeted retention campaign,Offer contract migration incentive; Offer online security bundle; Provide proactive onboarding outreach,Standard priority,Target,0-6 months,Stayed
0235-KGSLC,Female,0,No,No,1,Yes,No,Fiber optic,No,No,Yes,No,Yes,No,Month-to-month,Yes,Credit card (automatic),85.55,85.55,1,0.6431876260630063,Predicted churn,Very high,Priority outreach + personalized retention offer,Offer contract migration incentive; Offer online security bundle; Provide proactive onboarding outreach,High priority,Target,0-6 months,Churned
1302-UHBDD,Male,1,No,No,20,Yes,No,Fiber optic,No,No,No,No,Yes,Yes,Month-to-month,No,Electronic check,89.95,1648.45,0,0.619725727646905,Predicted churn,Very high,Priority outreach + personalized retention offer,Offer contract migration incentive; Promote automatic payment; Offer online security bundle,High priority,Target,13-24 months,Stayed
3722-WPXTK,Male,0,No,No,1,Yes,No,Fiber optic,No,No,No,No,Yes,Yes,Month-to-month,Yes,Electronic check,88.35,88.35,1,0.8055463891622129,Predicted churn,Very high,Priority outreach + personalized retention offer,Offer contract migration incentive; Promote automatic payment; Offer online security bundle; Provide proactive onboarding outreach,High priority,Target,0-6 months,Churned
7531-GQHME,Male,0,No,No,12,Yes,No,No,No internet service,No internet service,No internet service,No internet service,No internet service,No internet service,Month-to-month,No,Credit card (automatic),20.05,265.45,0,0.1152186296393917,Predicted stay,Low,Standard engagement,Offer contract migration incentive; Provide proactive onboarding outreach,Not targeted,Not target,7-12 months,Stayed
1335-NTIUC,Male,0,No,No,9,No,No phone service,DSL,No,No,No,No,No,No,Month-to-month,Yes,Electronic check,24.95,190.25,0,0.5692287153981457,Predicted churn,High,Targeted retention campaign,Offer contract migration incentive; Promote automatic payment; Offer online security bundle; Provide proactive onboarding outreach,Standard priority,Target,7-12 months,Stayed
9367-TCUYN,Female,0,No,No,12,Yes,No,No,No internet service,No internet service,No internet service,No internet service,No internet service,No internet service,Month-to-month,No,Mailed check,20.1,223.6,0,0.1220332350458214,Predicted stay,Low,Standard engagement,Offer contract migration incentive; Provide proactive onboarding outreach,Not targeted,Not target,7-12 months,Stayed
1536-HBSWP,Female,0,No,No,1,Yes,No,DSL,No,No,No,Yes,No,No,Month-to-month,Yes,Electronic check,49.9,49.9,0,0.4237682292530493,Predicted churn,High,Targeted retention campaign,Offer contract migration incentive; Promote automatic payment; Offer online security bundle; Provide proactive onboarding outreach,Standard priority,Target,0-6 months,Stayed
8573-JGCZW,Male,0,No,No,17,Yes,No,No,No internet service,No internet service,No internet service,No internet service,No internet service,No internet service,One year,Yes,Bank transfer (automatic),19.65,351.55,0,0.071954433124249,Predicted stay,Low,Standard engagement,,Not targeted,Not target,13-24 months,Stayed
2694-CIUMO,Female,0,No,No,12,Yes,Yes,Fiber optic,No,No,No,Yes,No,No,Month-to-month,Yes,Credit card (automatic),79.55,958.25,0,0.5072789402974108,Predicted churn,High,Targeted retention campaign,Offer contract migration incentive; Offer online security bundle; Provide proactive onboarding outreach,Standard priority,Target,7-12 months,Stayed
2027-FECZV,Male,0,No,No,12,Yes,Yes,Fiber optic,No,Yes,Yes,No,Yes,Yes,Month-to-month,Yes,Electronic check,106.7,1253.9,1,0.7271041920324183,Predicted churn,Very high,Priority outreach + personalized retention offer,Offer contract migration incentive; Promote automatic payment; Offer online security bundle; Provide proactive onboarding outreach,High priority,Target,7-12 months,Churned
9103-TCIHJ,Female,0,No,No,15,Yes,Yes,DSL,Yes,No,No,No,No,No,Month-to-month,Yes,Mailed check,55.7,899.8,1,0.2773590292245362,Predicted stay,Moderate,Preventative engagement,Offer contract migration incentive,Not targeted,Not target,13-24 months,Churned
1545-JFUML,Male,0,Yes,No,71,Yes,Yes,Fiber optic,Yes,Yes,Yes,No,Yes,No,Two year,Yes,Electronic check,99.0,6994.6,0,0.0751921307958047,Predicted stay,Low,Standard engagement,Promote automatic payment,Not targeted,Not target,45-72 months,Stayed
0524-IAVZO,Female,0,Yes,No,30,Yes,Yes,Fiber optic,No,No,No,No,No,Yes,Month-to-month,Yes,Electronic check,85.0,2624.25,1,0.6214915212541477,Predicted churn,Very high,Priority outreach + personalized retention offer,Offer contract migration incentive; Promote automatic payment; Offer online security bundle,High priority,Target,25-48 months,Churned
5519-TEEUH,Male,0,No,Yes,33,Yes,No,No,No internet service,No internet service,No internet service,No internet service,No internet service,No internet service,One year,Yes,Mailed check,20.15,682.15,0,0.0294343066968606,Predicted stay,Low,Standard engagement,,Not targeted,Not target,25-48 months,Stayed
6654-QGBZZ,Female,0,No,No,1,Yes,No,No,No internet service,No internet service,No internet service,No internet service,No internet service,No internet service,Month-to-month,No,Mailed check,19.9,19.9,0,0.192655948993617,Predicted stay,Low,Standard engagement,Offer contract migration incentive; Provide proactive onboarding outreach,Not targeted,Not target,0-6 months,Stayed
2294-DMMUS,Female,0,Yes,Yes,62,Yes,Yes,DSL,No,No,No,No,Yes,Yes,Month-to-month,Yes,Credit card (automatic),70.45,4300.45,0,0.1183216347017745,Predicted stay,Low,Standard engagement,Offer contract migration incentive; Offer online security bundle,Not targeted,Not target,45-72 months,Stayed
0017-IUDMW,Female,0,Yes,Yes,72,Yes,Yes,Fiber optic,Yes,Yes,Yes,Yes,Yes,Yes,Two year,Yes,Credit card (automatic),116.8,8456.75,0,0.0396716142515677,Predicted stay,Low,Standard engagement,,Not targeted,Not target,45-72 months,Stayed
5018-LXQQG,Female,0,Yes,Yes,30,Yes,No,DSL,Yes,No,No,Yes,No,Yes,Month-to-month,No,Bank transfer (automatic),66.3,1923.5,0,0.067791385616398,Predicted stay,Low,Standard engagement,Offer contract migration incentive,Not targeted,Not target,25-48 months,Stayed
5808-TOTXO,Female,0,No,Yes,3,Yes,No,No,No internet service,No internet service,No internet service,No internet service,No internet service,No internet service,One year,Yes,Credit card (automatic),20.55,57.4,0,0.0978721228113511,Predicted stay,Low,Standard engagement,Provide proactive onboarding outreach,Not targeted,Not target,0-6 months,Stayed
1174-FGIFN,Female,0,Yes,Yes,28,Yes,Yes,Fiber optic,No,No,No,Yes,No,Yes,One year,Yes,Electronic check,90.45,2509.25,0,0.3202282062084191,Predicted stay,Moderate,Preventative engagement,Promote automatic payment; Offer online security bundle,Not targeted,Not target,25-48 months,Stayed
0730-KOAVE,Male,0,No,No,30,Yes,Yes,Fiber optic,Yes,Yes,No,No,No,Yes,Month-to-month,Yes,Credit card (automatic),94.3,2679.7,0,0.3849704559451431,Predicted churn,High,Targeted retention campaign,Offer contract migration incentive,Standard priority,Target,25-48 months,Stayed
1218-VKFPE,Female,0,Yes,Yes,12,Yes,No,No,No internet service,No internet service,No internet service,No internet service,No internet service,No internet service,Month-to-month,No,Mailed check,19.0,233.55,1,0.1085561626835377,Predicted stay,Low,Standard engagement,Offer contract migration incentive; Provide proactive onboarding outreach,Not targeted,Not target,7-12 months,Churned
5313-FPXWG,Male,0,No,No,51,Yes,Yes,No,No internet service,No internet service,No internet service,No internet service,No internet service,No internet service,One year,Yes,Bank transfer (automatic),24.6,1266.4,0,0.021246794193666,Predicted stay,Low,Standard engagement,,Not targeted,Not target,45-72 months,Stayed
2834-JKOOW,Female,0,No,No,15,No,No phone service,DSL,Yes,Yes,Yes,Yes,No,No,One year,No,Mailed check,45.9,693.45,0,0.0830272930167237,Predicted stay,Low,Standard engagement,,Not targeted,Not target,13-24 months,Stayed
9430-NKQLY,Male,0,Yes,Yes,72,Yes,Yes,No,No internet service,No internet service,No internet service,No internet service,No internet service,No internet service,Two year,Yes,Credit card (automatic),25.1,1790.8,0,0.0032143561747814,Predicted stay,Low,Standard engagement,,Not targeted,Not target,45-72 months,Stayed
0363-QJVFX,Male,0,No,No,32,Yes,Yes,Fiber optic,Yes,Yes,No,Yes,Yes,Yes,Month-to-month,Yes,Credit card (automatic),108.15,3432.9,1,0.3837247243273052,Predicted churn,High,Targeted retention campaign,Offer contract migration incentive,Standard priority,Target,25-48 months,Churned
1658-TJVOA,Female,1,No,No,6,Yes,No,Fiber optic,Yes,No,No,No,No,No,Month-to-month,Yes,Electronic check,74.1,450.9,0,0.6146934054306841,Predicted churn,Very high,Priority outreach + personalized retention offer,Offer contract migration incentive; Promote automatic payment; Provide proactive onboarding outreach,High priority,Target,0-6 months,Stayed
6685-GBWJZ,Male,0,Yes,No,63,Yes,No,DSL,Yes,Yes,No,Yes,Yes,No,One year,No,Credit card (automatic),70.8,4448.8,0,0.0126780581328568,Predicted stay,Low,Standard engagement,,Not targeted,Not target,45-72 months,Stayed
6328-ZPBGN,Female,1,No,No,11,Yes,Yes,Fiber optic,No,No,No,No,Yes,Yes,Month-to-month,Yes,Bank transfer (automatic),95.15,997.65,1,0.7373826303776054,Predicted churn,Very high,Priority outreach + personalized retention offer,Offer contract migration incentive; Offer online security bundle; Provide proactive onboarding outreach,High priority,Target,7-12 months,Churned
4003-FUSHP,Male,0,No,No,19,Yes,No,DSL,No,No,No,Yes,Yes,No,Month-to-month,Yes,Credit card (automatic),61.55,1093.2,0,0.2193309787829627,Predicted stay,Moderate,Preventative engagement,Offer contract migration incentive; Offer online security bundle,Not targeted,Not target,13-24 months,Stayed
7690-KPNCU,Male,0,Yes,Yes,64,Yes,No,DSL,Yes,No,Yes,No,Yes,Yes,One year,Yes,Credit card (automatic),73.05,4688.65,0,0.0356776914815878,Predicted stay,Low,Standard engagement,,Not targeted,Not target,45-72 months,Stayed
2969-WGHQO,Female,0,Yes,Yes,7,Yes,No,DSL,Yes,Yes,Yes,No,Yes,No,One year,No,Electronic check,69.45,477.05,0,0.1389965206136134,Predicted stay,Low,Standard engagement,Promote automatic payment; Provide proactive onboarding outreach,Not targeted,Not target,7-12 months,Stayed
1855-CFULU,Female,1,No,No,4,Yes,No,No,No internet service,No internet service,No internet service,No internet service,No internet service,No internet service,Month-to-month,No,Mailed check,20.05,91.45,0,0.1920755839327087,Predicted stay,Low,Standard engagement,Offer contract migration incentive; Provide proactive onboarding outreach,Not targeted,Not target,0-6 months,Stayed
9788-YTFGE,Male,0,No,No,7,Yes,No,No,No internet service,No internet service,No internet service,No internet service,No internet service,No internet service,Month-to-month,Yes,Mailed check,19.95,147.5,0,0.2095417992958009,Predicted stay,Moderate,Preventative engagement,Offer contract migration incentive; Provide proactive onboarding outreach,Not targeted,Not target,7-12 months,Stayed
8266-VBFQL,Male,0,No,No,4,Yes,No,Fiber optic,No,No,Yes,Yes,No,Yes,Month-to-month,Yes,Electronic check,90.4,356.65,0,0.6380467206356073,Predicted churn,Very high,Priority outreach + personalized retention offer,Offer contract migration incentive; Promote automatic payment; Offer online security bundle; Provide proactive onboarding outreach,High priority,Target,0-6 months,Stayed
2325-NBPZG,Female,0,No,No,3,Yes,No,Fiber optic,Yes,No,No,No,No,No,Month-to-month,Yes,Electronic check,74.55,233.65,0,0.5979213424476724,Predicted churn,High,Targeted retention campaign,Offer contract migration incentive; Promote automatic payment; Provide proactive onboarding outreach,Standard priority,Target,0-6 months,Stayed
9906-NHHVC,Female,1,No,No,65,No,No phone service,DSL,No,Yes,Yes,No,Yes,Yes,Two year,Yes,Bank transfer (automatic),53.5,3517.9,0,0.0401233668643643,Predicted stay,Low,Standard engagement,Offer online security bundle,Not targeted,Not target,45-72 months,Stayed
2541-YGPKE,Male,0,Yes,Yes,42,Yes,No,DSL,Yes,No,No,Yes,No,Yes,One year,No,Credit card (automatic),63.7,2763.35,0,0.0271412291955921,Predicted stay,Low,Standard engagement,,Not targeted,Not target,25-48 months,Stayed
5049-MUBWG,Male,0,No,No,26,Yes,No,DSL,Yes,No,No,Yes,Yes,Yes,One year,No,Bank transfer (automatic),75.0,1908.35,0,0.0698409408715797,Predicted stay,Low,Standard engagement,,Not targeted,Not target,25-48 months,Stayed
2332-TODQS,Female,0,No,No,48,Yes,Yes,No,No internet service,No internet service,No internet service,No internet service,No internet service,No internet service,One year,No,Credit card (automatic),25.05,1171.5,0,0.0156589896745338,Predicted stay,Low,Standard engagement,,Not targeted,Not target,25-48 months,Stayed
4419-UJMUS,Male,0,Yes,Yes,69,Yes,Yes,Fiber optic,No,No,No,Yes,Yes,Yes,Two year,Yes,Electronic check,99.35,6856.45,0,0.1008713570306931,Predicted stay,Low,Standard engagement,Promote automatic payment; Offer online security bundle,Not targeted,Not target,45-72 months,Stayed
2233-TXSIU,Male,0,Yes,Yes,17,No,No phone service,DSL,Yes,No,Yes,No,Yes,No,One year,No,Credit card (automatic),44.45,792.15,0,0.1303941684988436,Predicted stay,Low,Standard engagement,,Not targeted,Not target,13-24 months,Stayed
6770-XUAGN,Female,0,Yes,Yes,1,Yes,No,No,No internet service,No internet service,No internet service,No internet service,No internet service,No internet service,Month-to-month,Yes,Electronic check,21.0,21.0,1,0.2641329535451038,Predicted stay,Moderate,Preventative engagement,Offer contract migration incentive; Promote automatic payment; Provide proactive onboarding outreach,Not targeted,Not target,0-6 months,Churned
2919-HBCJO,Female,0,No,No,4,Yes,No,Fiber optic,No,Yes,No,No,No,No,Month-to-month,Yes,Bank transfer (automatic),76.65,333.6,1,0.5234002392922428,Predicted churn,High,Targeted retention campaign,Offer contract migration incentive; Offer online security bundle; Provide proactive onboarding outreach,Standard priority,Target,0-6 months,Churned
9508-ILZDG,Female,1,No,No,34,Yes,Yes,Fiber optic,No,Yes,No,Yes,Yes,No,Month-to-month,Yes,Electronic check,96.35,3190.25,0,0.4763170286108094,Predicted churn,High,Targeted retention campaign,Offer contract migration incentive; Promote automatic payment; Offer online security bundle,Standard priority,Target,25-48 months,Stayed
5442-BHQNG,Female,0,No,No,2,Yes,No,Fiber optic,No,No,No,No,No,No,Month-to-month,No,Electronic check,70.35,139.25,0,0.6065351698016902,Predicted churn,Very high,Priority outreach + personalized retention offer,Offer contract migration incentive; Promote automatic payment; Offer online security bundle; Provide proactive onboarding outreach,High priority,Target,0-6 months,Stayed
7250-EQKIY,Female,0,Yes,Yes,1,Yes,No,DSL,No,No,Yes,No,No,No,Month-to-month,No,Mailed check,50.45,50.45,1,0.290395173426114,Predicted stay,Moderate,Preventative engagement,Offer contract migration incentive; Offer online security bundle; Provide proactive onboarding outreach,Not targeted,Not target,0-6 months,Churned
6838-HVLXG,Female,0,No,No,12,Yes,No,No,No internet service,No internet service,No internet service,No internet service,No internet service,No internet service,Month-to-month,No,Mailed check,20.3,246.7,0,0.1213193429324297,Predicted stay,Low,Standard engagement,Offer contract migration incentive; Provide proactive onboarding outreach,Not targeted,Not target,7-12 months,Stayed
9767-FFLEM,Male,0,No,No,38,Yes,No,Fiber optic,No,No,No,No,No,No,Month-to-month,Yes,Credit card (automatic),69.5,2625.25,0,0.3091181782359585,Predicted stay,Moderate,Preventative engagement,Offer contract migration incentive; Offer online security bundle,Not targeted,Not target,25-48 months,Stayed
2245-ADZFJ,Female,0,Yes,Yes,31,Yes,Yes,DSL,No,Yes,No,Yes,Yes,Yes,Two year,No,Bank transfer (automatic),80.55,2471.6,0,0.042349924409918,Predicted stay,Low,Standard engagement,Offer online security bundle,Not targeted,Not target,25-48 months,Stayed
1150-WFARN,Female,0,Yes,Yes,67,Yes,Yes,Fiber optic,Yes,No,Yes,Yes,Yes,Yes,Two year,Yes,Credit card (automatic),108.75,7156.2,1,0.053444922778882,Predicted stay,Low,Standard engagement,,Not targeted,Not target,45-72 months,Churned
9054-FOWNV,Male,0,Yes,Yes,22,Yes,Yes,Fiber optic,No,No,Yes,No,Yes,No,Month-to-month,Yes,Electronic check,88.75,1885.15,0,0.6367994265517943,Predicted churn,Very high,Priority outreach + personalized retention offer,Offer contract migration incentive; Promote automatic payment; Offer online security bundle,High priority,Target,13-24 months,Stayed
7997-EASSD,Female,0,Yes,No,63,Yes,Yes,Fiber optic,No,No,No,Yes,No,No,One year,Yes,Credit card (automatic),81.2,4965.1,0,0.0809969577703517,Predicted stay,Low,Standard engagement,Offer online security bundle,Not targeted,Not target,45-72 months,Stayed
7560-QJAVJ,Female,0,No,No,70,Yes,No,DSL,Yes,No,Yes,Yes,Yes,Yes,Two year,No,Bank transfer (automatic),79.6,5589.45,0,0.0090409444308437,Predicted stay,Low,Standard engagement,,Not targeted,Not target,45-72 months,Stayed
2668-TZSPS,Male,0,No,No,1,Yes,No,No,No internet service,No internet service,No internet service,No internet service,No internet service,No internet service,Month-to-month,No,Mailed check,20.45,20.45,0,0.1907851630488968,Predicted stay,Low,Standard engagement,Offer contract migration incentive; Provide proactive onboarding outreach,Not targeted,Not target,0-6 months,Stayed
9139-WQQDY,Female,0,Yes,Yes,49,Yes,Yes,Fiber optic,No,Yes,No,No,Yes,Yes,One year,No,Mailed check,100.45,4941.8,1,0.179197960853257,Predicted stay,Low,Standard engagement,Offer online security bundle,Not targeted,Not target,45-72 months,Churned
6726-NNFWD,Female,1,Yes,No,71,Yes,No,Fiber optic,No,Yes,Yes,No,No,Yes,Two year,No,Credit card (automatic),89.45,6435.25,0,0.0394880121950668,Predicted stay,Low,Standard engagement,Offer online security bundle,Not targeted,Not target,45-72 months,Stayed
9330-DHBFL,Female,0,Yes,Yes,23,Yes,No,DSL,Yes,Yes,Yes,Yes,No,No,One year,Yes,Mailed check,66.25,1533.8,0,0.0454642317537888,Predicted stay,Low,Standard engagement,,Not targeted,Not target,13-24 months,Stayed
5727-MYATE,Male,0,Yes,Yes,72,Yes,Yes,DSL,Yes,Yes,Yes,Yes,Yes,Yes,Two year,Yes,Credit card (automatic),90.8,6397.6,0,0.011992671906487,Predicted stay,Low,Standard engagement,,Not targeted,Not target,45-72 months,Stayed
2824-DXNKN,Female,0,Yes,Yes,72,Yes,Yes,DSL,Yes,No,Yes,No,Yes,No,Two year,Yes,Bank transfer (automatic),71.45,5025.85,0,0.0115586035149745,Predicted stay,Low,Standard engagement,,Not targeted,Not target,45-72 months,Stayed
6166-ILMNY,Female,0,No,No,2,Yes,No,Fiber optic,No,No,No,No,No,No,Month-to-month,No,Bank transfer (automatic),69.75,144.55,1,0.521341085400708,Predicted churn,High,Targeted retention campaign,Offer contract migration incentive; Offer online security bundle; Provide proactive onboarding outreach,Standard priority,Target,0-6 months,Churned
5236-XMZJY,Female,0,No,No,42,Yes,No,DSL,Yes,Yes,Yes,No,No,No,Month-to-month,No,Bank transfer (automatic),59.65,2536.55,0,0.0540051749487121,Predicted stay,Low,Standard engagement,Offer contract migration incentive,Not targeted,Not target,25-48 months,Stayed
1709-EJDOX,Female,0,Yes,Yes,47,Yes,No,No,No internet service,No internet service,No internet service,No internet service,No internet service,No internet service,Two year,No,Mailed check,19.75,948.9,0,0.0055651476544687,Predicted stay,Low,Standard engagement,,Not targeted,Not target,25-48 months,Stayed
4962-CHQPW,Male,0,No,Yes,29,Yes,No,No,No internet service,No internet service,No internet service,No internet service,No internet service,No internet service,One year,No,Mailed check,19.85,535.05,0,0.0247622800172048,Predicted stay,Low,Standard engagement,,Not targeted,Not target,25-48 months,Stayed
0301-FIDRB,Female,0,Yes,Yes,72,No,No phone service,DSL,Yes,Yes,Yes,Yes,Yes,Yes,Two year,Yes,Bank transfer (automatic),63.8,4684.3,0,0.0118758949774508,Predicted stay,Low,Standard engagement,,Not targeted,Not target,45-72 months,Stayed
1820-TQVEV,Male,0,No,No,1,Yes,No,Fiber optic,No,No,No,No,No,No,Month-to-month,Yes,Electronic check,69.55,69.55,1,0.7129934709597867,Predicted churn,Very high,Priority outreach + personalized retention offer,Offer contract migration incentive; Promote automatic payment; Offer online security bundle; Provide proactive onboarding outreach,High priority,Target,0-6 months,Churned
9115-YQHGA,Male,0,No,No,40,Yes,No,DSL,No,No,No,Yes,No,No,Month-to-month,Yes,Electronic check,51.1,2092.9,0,0.1300492336144462,Predicted stay,Low,Standard engagement,Offer contract migration incentive; Promote automatic payment; Offer online security bundle,Not targeted,Not target,25-48 months,Stayed
1541-ETJZO,Male,0,No,No,1,Yes,Yes,DSL,No,No,Yes,Yes,No,No,Month-to-month,No,Mailed check,62.05,62.05,1,0.2980299985617486,Predicted stay,Moderate,Preventative engagement,Offer contract migration incentive; Offer online security bundle; Provide proactive onboarding outreach,Not targeted,Not target,0-6 months,Churned
6230-BSUXY,Female,1,No,No,1,Yes,No,Fiber optic,No,No,Yes,No,No,Yes,Month-to-month,Yes,Electronic check,85.0,85.0,1,0.7651549983276043,Predicted churn,Very high,Priority outreach + personalized retention offer,Offer contract migration incentive; Promote automatic payment; Offer online security bundle; Provide proactive onboarding outreach,High priority,Target,0-6 months,Churned
6797-LNAQX,Male,0,Yes,Yes,70,Yes,Yes,Fiber optic,No,Yes,No,No,Yes,Yes,Two year,No,Bank transfer (automatic),98.3,6859.5,1,0.0606858620098566,Predicted stay,Low,Standard engagement,Offer online security bundle,Not targeted,Not target,45-72 months,Churned
9588-YRFHY,Male,0,No,No,49,Yes,No,No,No internet service,No internet service,No internet service,No internet service,No internet service,No internet service,Two year,Yes,Credit card (automatic),19.9,1022.6,0,0.0082667730232696,Predicted stay,Low,Standard engagement,,Not targeted,Not target,45-72 months,Stayed
1092-GANHU,Male,0,No,No,17,Yes,No,Fiber optic,No,No,Yes,No,No,No,Month-to-month,Yes,Electronic check,76.65,1313.55,1,0.5508771125633466,Predicted churn,High,Targeted retention campaign,Offer contract migration incentive; Promote automatic payment; Offer online security bundle,Standard priority,Target,13-24 months,Churned
5951-AOFIH,Male,0,No,No,33,Yes,No,DSL,No,Yes,Yes,No,Yes,No,Month-to-month,Yes,Credit card (automatic),66.4,2245.4,0,0.1733555892699879,Predicted stay,Low,Standard engagement,Offer contract migration incentive; Offer online security bundle,Not targeted,Not target,25-48 months,Stayed
7029-RPUAV,Male,1,Yes,No,17,Yes,Yes,Fiber optic,No,No,Yes,No,Yes,Yes,Month-to-month,Yes,Credit card (automatic),100.45,1622.45,1,0.6959765152262187,Predicted churn,Very high,Priority outreach + personalized retention offer,Offer contract migration incentive; Offer online security bundle,High priority,Target,13-24 months,Churned
4700-UBQMV,Male,0,Yes,Yes,21,Yes,Yes,DSL,Yes,No,No,No,Yes,Yes,One year,Yes,Bank transfer (automatic),75.9,1549.75,0,0.1617657855627803,Predicted stay,Low,Standard engagement,,Not targeted,Not target,13-24 months,Stayed
3594-UVONA,Female,0,No,No,35,Yes,Yes,DSL,Yes,No,Yes,Yes,Yes,Yes,One year,Yes,Credit card (automatic),85.95,3110.1,1,0.0946770050790507,Predicted stay,Low,Standard engagement,,Not targeted,Not target,25-48 months,Churned
7750-EYXWZ,Female,0,No,No,12,No,No phone service,DSL,No,Yes,Yes,Yes,Yes,Yes,One year,No,Electronic check,60.65,743.3,0,0.2597686106686347,Predicted stay,Moderate,Preventative engagement,Promote automatic payment; Offer online security bundle; Provide proactive onboarding outreach,Not targeted,Not target,7-12 months,Stayed
7054-ENNGU,Female,0,Yes,No,9,Yes,No,DSL,No,Yes,No,No,No,No,Month-to-month,No,Mailed check,50.85,466.6,0,0.240188038435002,Predicted stay,Moderate,Preventative engagement,Offer contract migration incentive; Offer online security bundle; Provide proactive onboarding outreach,Not targeted,Not target,7-12 months,Stayed
0402-OAMEN,Female,0,Yes,Yes,72,Yes,Yes,No,No internet service,No internet service,No internet service,No internet service,No internet service,No internet service,Two year,No,Bank transfer (automatic),24.45,1709.1,0,0.0022733514224099,Predicted stay,Low,Standard engagement,,Not targeted,Not target,45-72 months,Stayed
2195-VVRJF,Male,1,Yes,No,18,Yes,No,DSL,Yes,No,No,No,No,Yes,Month-to-month,Yes,Credit card (automatic),59.1,1011.05,0,0.275306950596425,Predicted stay,Moderate,Preventative engagement,Offer contract migration incentive,Not targeted,Not target,13-24 months,Stayed
8819-ZBYNA,Female,0,Yes,No,58,Yes,Yes,Fiber optic,Yes,Yes,No,Yes,Yes,Yes,Two year,Yes,Credit card (automatic),109.1,6393.65,0,0.0737746157234868,Predicted stay,Low,Standard engagement,,Not targeted,Not target,45-72 months,Stayed
7748-UMTRK,Female,1,No,Yes,30,Yes,Yes,Fiber optic,No,No,No,Yes,Yes,Yes,Month-to-month,Yes,Electronic check,101.3,2974.5,0,0.5603043560603578,Predicted churn,High,Targeted retention campaign,Offer contract migration incentive; Promote automatic payment; Offer online security bundle,Standard priority,Target,25-48 months,Stayed
1741-WTPON,Male,0,Yes,Yes,56,Yes,Yes,Fiber optic,Yes,Yes,Yes,Yes,Yes,Yes,Two year,No,Mailed check,115.85,6567.9,0,0.0471496015773435,Predicted stay,Low,Standard engagement,,Not targeted,Not target,45-72 months,Stayed
7209-JCUDS,Male,0,No,No,10,Yes,No,Fiber optic,No,No,Yes,No,Yes,Yes,Month-to-month,Yes,Electronic check,94.9,1048.85,1,0.7402487200256529,Predicted churn,Very high,Priority outreach + personalized retention offer,Offer contract migration incentive; Promote automatic payment; Offer online security bundle; Provide proactive onboarding outreach,High priority,Target,7-12 months,Churned
2485-ITVKB,Female,0,Yes,No,2,No,No phone service,DSL,No,No,No,No,No,Yes,Month-to-month,Yes,Electronic check,35.1,68.75,1,0.6947990544942424,Predicted churn,Very high,Priority outreach + personalized retention offer,Offer contract migration incentive; Promote automatic payment; Offer online security bundle; Provide proactive onboarding outreach,High priority,Target,0-6 months,Churned
9648-BCHKM,Female,0,Yes,Yes,18,Yes,Yes,No,No internet service,No internet service,No internet service,No internet service,No internet service,No internet service,Two year,Yes,Credit card (automatic),24.65,471.35,0,0.0384508902010981,Predicted stay,Low,Standard engagement,,Not targeted,Not target,13-24 months,Stayed
0743-HRVFF,Female,0,Yes,Yes,51,No,No phone service,DSL,No,No,Yes,Yes,Yes,Yes,One year,Yes,Electronic check,56.15,2898.95,0,0.0963459064341308,Predicted stay,Low,Standard engagement,Promote automatic payment; Offer online security bundle,Not targeted,Not target,45-72 months,Stayed
2522-AHJXR,Male,0,Yes,No,60,Yes,Yes,Fiber optic,Yes,No,Yes,Yes,Yes,Yes,Month-to-month,Yes,Bank transfer (automatic),109.45,6572.85,0,0.2583721808334734,Predicted stay,Moderate,Preventative engagement,Offer contract migration incentive,Not targeted,Not target,45-72 months,Stayed
9143-CANJF,Female,0,Yes,Yes,24,Yes,No,DSL,Yes,No,No,Yes,No,No,Month-to-month,No,Electronic check,55.15,1319.85,0,0.0983759087763578,Predicted stay,Low,Standard engagement,Offer contract migration incentive; Promote automatic payment,Not targeted,Not target,13-24 months,Stayed
1444-VVSGW,Male,0,Yes,No,70,Yes,Yes,Fiber optic,Yes,Yes,Yes,Yes,Yes,Yes,One year,No,Credit card (automatic),115.65,7968.85,1,0.0702915764404498,Predicted stay,Low,Standard engagement,,Not targeted,Not target,45-72 months,Churned
6898-MDLZW,Male,0,No,No,12,Yes,No,DSL,No,Yes,No,Yes,No,No,Month-to-month,Yes,Mailed check,53.75,648.65,0,0.2427524807393188,Predicted stay,Moderate,Preventative engagement,Offer contract migration incentive; Offer online security bundle; Provide proactive onboarding outreach,Not targeted,Not target,7-12 months,Stayed
0074-HDKDG,Male,0,Yes,Yes,25,Yes,No,DSL,Yes,Yes,Yes,No,No,No,One year,Yes,Bank transfer (automatic),61.6,1611.0,0,0.0557212536291517,Predicted stay,Low,Standard engagement,,Not targeted,Not target,25-48 months,Stayed
3982-JGSFD,Male,0,No,No,36,Yes,No,No,No internet service,No internet service,No internet service,No internet service,No internet service,No internet service,One year,Yes,Credit card (automatic),20.35,695.85,0,0.0282124896740689,Predicted stay,Low,Standard engagement,,Not targeted,Not target,25-48 months,Stayed
7928-VJYAB,Male,0,Yes,Yes,11,Yes,No,Fiber optic,No,No,No,No,Yes,Yes,Month-to-month,No,Electronic check,90.6,1020.2,0,0.6022773740930109,Predicted churn,Very high,Priority outreach + personalized retention offer,Offer contract migration incentive; Promote automatic payment; Offer online security bundle; Provide proactive onboarding outreach,High priority,Target,7-12 months,Stayed
1522-VVDMG,Male,0,Yes,Yes,7,Yes,No,Fiber optic,No,Yes,No,Yes,Yes,No,Month-to-month,Yes,Electronic check,89.75,608.8,1,0.5417531690345644,Predicted churn,High,Targeted retention campaign,Offer contract migration incentive; Promote automatic payment; Offer online security bundle; Provide proactive onboarding outreach,Standard priority,Target,7-12 months,Churned
2665-NPTGL,Female,1,Yes,No,26,Yes,Yes,Fiber optic,No,No,Yes,No,Yes,Yes,Month-to-month,Yes,Bank transfer (automatic),98.1,2510.7,0,0.6740656236375993,Predicted churn,Very high,Priority outreach + personalized retention offer,Offer contract migration incentive; Offer online security bundle,High priority,Target,25-48 months,Stayed
8728-SKJLR,Male,0,No,No,41,Yes,No,Fiber optic,No,No,No,Yes,No,No,Month-to-month,Yes,Electronic check,74.25,3089.1,0,0.3110293446960188,Predicted stay,Moderate,Preventative engagement,Offer contract migration incentive; Promote automatic payment; Offer online security bundle,Not targeted,Not target,25-48 months,Stayed
7733-UDMTP,Female,1,No,No,57,No,No phone service,DSL,No,Yes,Yes,No,Yes,Yes,Month-to-month,Yes,Electronic check,55.0,3094.05,0,0.2319472048829762,Predicted stay,Moderate,Preventative engagement,Offer contract migration incentive; Promote automatic payment; Offer online security bundle,Not targeted,Not target,45-72 months,Stayed
0431-APWVY,Female,0,Yes,Yes,28,Yes,No,Fiber optic,No,No,No,No,Yes,Yes,One year,Yes,Bank transfer (automatic),90.1,2598.95,1,0.3127222247991353,Predicted stay,Moderate,Preventative engagement,Offer online security bundle,Not targeted,Not target,25-48 months,Churned
5081-NWSUP,Female,0,No,No,10,Yes,No,DSL,No,Yes,No,Yes,No,Yes,One year,No,Mailed check,64.9,685.55,0,0.122698260587956,Predicted stay,Low,Standard engagement,Offer online security bundle; Provide proactive onboarding outreach,Not targeted,Not target,7-12 months,Stayed
2746-DIJLO,Female,0,No,No,41,Yes,Yes,DSL,No,Yes,No,No,No,No,One year,Yes,Credit card (automatic),56.3,2364.0,0,0.072267828972914,Predicted stay,Low,Standard engagement,Offer online security bundle,Not targeted,Not target,25-48 months,Stayed
7277-OZCGZ,Female,0,No,No,22,Yes,No,Fiber optic,Yes,No,No,Yes,No,Yes,Month-to-month,Yes,Electronic check,89.05,1886.25,0,0.4214066908829615,Predicted churn,High,Targeted retention campaign,Offer contract migration incentive; Promote automatic payment,Standard priority,Target,13-24 months,Stayed
5236-PERKL,Female,0,No,No,57,Yes,Yes,Fiber optic,Yes,Yes,Yes,No,Yes,Yes,Two year,Yes,Bank transfer (automatic),112.95,6465.0,1,0.0859251623943524,Predicted stay,Low,Standard engagement,,Not targeted,Not target,45-72 months,Churned
2788-CJQAQ,Male,0,No,No,13,Yes,No,No,No internet service,No internet service,No internet service,No internet service,No internet service,No internet service,One year,No,Mailed check,19.45,270.2,0,0.0660957837890885,Predicted stay,Low,Standard engagement,,Not targeted,Not target,13-24 months,Stayed
3096-WPXBT,Female,0,Yes,Yes,61,Yes,Yes,Fiber optic,Yes,Yes,Yes,No,No,Yes,One year,Yes,Credit card (automatic),100.7,6018.65,0,0.0897584976482713,Predicted stay,Low,Standard engagement,,Not targeted,Not target,45-72 months,Stayed
9962-BFPDU,Female,0,Yes,Yes,1,Yes,No,No,No internet service,No internet service,No internet service,No internet service,No internet service,No internet service,Month-to-month,No,Mailed check,20.05,20.05,0,0.1617108071211337,Predicted stay,Low,Standard engagement,Offer contract migration incentive; Provide proactive onboarding outreach,Not targeted,Not target,0-6 months,Stayed
2892-GESUL,Female,0,Yes,Yes,18,Yes,No,No,No internet service,No internet service,No internet service,No internet service,No internet service,No internet service,Two year,No,Mailed check,19.35,309.25,0,0.0219998788383923,Predicted stay,Low,Standard engagement,,Not targeted,Not target,13-24 months,Stayed
9741-YLNTD,Male,0,No,No,6,Yes,Yes,Fiber optic,No,No,No,Yes,No,Yes,Month-to-month,Yes,Bank transfer (automatic),87.95,522.35,0,0.6453814744098428,Predicted churn,Very high,Priority outreach + personalized retention offer,Offer contract migration incentive; Offer online security bundle; Provide proactive onboarding outreach,High priority,Target,0-6 months,Stayed
1205-WNWPJ,Female,0,No,No,7,Yes,No,DSL,No,No,No,Yes,Yes,No,Month-to-month,Yes,Mailed check,59.5,415.95,1,0.354097746776623,Predicted churn,High,Targeted retention campaign,Offer contract migration incentive; Offer online security bundle; Provide proactive onboarding outreach,Standard priority,Target,7-12 months,Churned
3173-NVMPX,Female,0,Yes,Yes,9,Yes,Yes,DSL,No,Yes,No,No,No,No,Month-to-month,Yes,Mailed check,55.3,501.2,0,0.3365650036614948,Predicted stay,Moderate,Preventative engagement,Offer contract migration incentive; Offer online security bundle; Provide proactive onboarding outreach,Not targeted,Not target,7-12 months,Stayed
9661-MHUMO,Male,1,Yes,Yes,1,Yes,No,DSL,No,No,No,Yes,No,No,Month-to-month,Yes,Credit card (automatic),49.25,49.25,1,0.3288264999474393,Predicted stay,Moderate,Preventative engagement,Offer contract migration incentive; Offer online security bundle; Provide proactive onboarding outreach,Not targeted,Not target,0-6 months,Churned
6000-APYLU,Male,0,No,No,9,Yes,No,Fiber optic,No,No,No,No,No,Yes,Month-to-month,Yes,Electronic check,80.8,713.1,1,0.687584112055598,Predicted churn,Very high,Priority outreach + personalized retention offer,Offer contract migration incentive; Promote automatic payment; Offer online security bundle; Provide proactive onboarding outreach,High priority,Target,7-12 months,Churned
0048-PIHNL,Female,0,Yes,No,49,Yes,No,No,No internet service,No internet service,No internet service,No internet service,No internet service,No internet service,One year,No,Bank transfer (automatic),20.45,900.9,0,0.0107179470921483,Predicted stay,Low,Standard engagement,,Not targeted,Not target,45-72 months,Stayed
9420-LOJKX,Female,0,No,No,15,Yes,No,Fiber optic,Yes,Yes,No,No,Yes,Yes,Month-to-month,Yes,Credit card (automatic),99.1,1426.4,1,0.4820102438205541,Predicted churn,High,Targeted retention campaign,Offer contract migration incentive,Standard priority,Target,13-24 months,Churned
7061-OVMIM,Female,0,Yes,Yes,30,Yes,No,No,No internet service,No internet service,No internet service,No internet service,No internet service,No internet service,One year,No,Bank transfer (automatic),19.55,608.5,0,0.022615393695339,Predicted stay,Low,Standard engagement,,Not targeted,Not target,25-48 months,Stayed
5671-RQRLP,Female,1,Yes,No,70,Yes,Yes,Fiber optic,No,No,No,No,No,No,Two year,Yes,Credit card (automatic),75.65,5411.4,0,0.0571660074972872,Predicted stay,Low,Standard engagement,Offer online security bundle,Not targeted,Not target,45-72 months,Stayed
5129-JLPIS,Male,0,No,No,25,Yes,No,Fiber optic,Yes,No,Yes,Yes,Yes,Yes,Month-to-month,Yes,Electronic check,105.5,2686.05,0,0.4571264547634048,Predicted churn,High,Targeted retention campaign,Offer contract migration incentive; Promote automatic payment,Standard priority,Target,25-48 months,Stayed
5170-PTRKA,Female,0,Yes,Yes,49,No,No phone service,DSL,Yes,No,No,Yes,No,No,One year,Yes,Credit card (automatic),35.8,1782.0,0,0.0261675703866733,Predicted stay,Low,Standard engagement,,Not targeted,Not target,45-72 months,Stayed
4819-HJPIW,Male,0,No,No,18,No,No phone service,DSL,No,No,No,No,No,No,Month-to-month,No,Mailed check,25.15,476.8,0,0.3066846543165253,Predicted stay,Moderate,Preventative engagement,Offer contract migration incentive; Offer online security bundle,Not targeted,Not target,13-24 months,Stayed
8780-RSYYU,Female,0,No,No,25,Yes,No,No,No internet service,No internet service,No internet service,No internet service,No internet service,No internet service,Month-to-month,Yes,Credit card (automatic),19.2,532.1,0,0.0949154146819031,Predicted stay,Low,Standard engagement,Offer contract migration incentive,Not targeted,Not target,25-48 months,Stayed
2335-GSODA,Male,0,No,Yes,23,No,No phone service,DSL,Yes,No,Yes,Yes,No,No,Two year,No,Mailed check,40.1,857.75,0,0.0316085736026096,Predicted stay,Low,Standard engagement,,Not targeted,Not target,13-24 months,Stayed
5696-CEIQJ,Male,0,Yes,Yes,67,Yes,No,Fiber optic,No,Yes,Yes,Yes,Yes,Yes,Two year,No,Bank transfer (automatic),103.15,6895.5,0,0.0366851304263893,Predicted stay,Low,Standard engagement,Offer online security bundle,Not targeted,Not target,45-72 months,Stayed
6169-PPETC,Male,0,Yes,Yes,35,Yes,No,No,No internet service,No internet service,No internet service,No internet service,No internet service,No internet service,Two year,No,Bank transfer (automatic),20.5,759.35,0,0.0089927532174358,Predicted stay,Low,Standard engagement,,Not targeted,Not target,25-48 months,Stayed
4237-RLAQD,Male,0,No,No,1,Yes,No,DSL,No,No,No,No,No,No,Month-to-month,Yes,Mailed check,45.85,45.85,1,0.4305938604691455,Predicted churn,High,Targeted retention campaign,Offer contract migration incentive; Offer online security bundle; Provide proactive onboarding outreach,Standard priority,Target,0-6 months,Churned
7359-WWYJV,Male,0,Yes,No,72,Yes,Yes,Fiber optic,Yes,Yes,Yes,Yes,Yes,Yes,Two year,No,Credit card (automatic),114.45,8375.05,0,0.0397648722866894,Predicted stay,Low,Standard engagement,,Not targeted,Not target,45-72 months,Stayed
8620-RJPZN,Female,0,No,No,1,Yes,No,No,No internet service,No internet service,No internet service,No internet service,No internet service,No internet service,Month-to-month,No,Electronic check,20.7,20.7,0,0.2363868460035947,Predicted stay,Moderate,Preventative engagement,Offer contract migration incentive; Promote automatic payment; Provide proactive onboarding outreach,Not targeted,Not target,0-6 months,Stayed
7426-WEIJX,Male,1,Yes,Yes,60,Yes,Yes,Fiber optic,Yes,No,No,No,No,No,Month-to-month,Yes,Electronic check,80.95,4859.1,0,0.2172378077271304,Predicted stay,Moderate,Preventative engagement,Offer contract migration incentive; Promote automatic payment,Not targeted,Not target,45-72 months,Stayed
7629-WIXZF,Female,0,No,No,7,Yes,No,DSL,Yes,No,No,No,No,Yes,One year,Yes,Electronic check,59.1,369.25,0,0.2642123693554583,Predicted stay,Moderate,Preventative engagement,Promote automatic payment; Provide proactive onboarding outreach,Not targeted,Not target,7-12 months,Stayed
2616-FLVQC,Male,0,No,No,64,Yes,No,No,No internet service,No internet service,No internet service,No internet service,No internet service,No internet service,Two year,No,Mailed check,19.55,1240.15,0,0.0031113514669117,Predicted stay,Low,Standard engagement,,Not targeted,Not target,45-72 months,Stayed
9163-GHAYE,Female,0,No,No,15,Yes,No,DSL,No,Yes,No,No,No,No,Month-to-month,No,Electronic check,48.85,736.8,0,0.2717375453546377,Predicted stay,Moderate,Preventative engagement,Offer contract migration incentive; Promote automatic payment; Offer online security bundle,Not targeted,Not target,13-24 months,Stayed
4464-JCOLN,Male,0,Yes,Yes,2,Yes,No,No,No internet service,No internet service,No internet service,No internet service,No internet service,No internet service,One year,No,Mailed check,19.85,35.9,1,0.0865661292229534,Predicted stay,Low,Standard engagement,Provide proactive onboarding outreach,Not targeted,Not target,0-6 months,Churned
2971-SGAFL,Female,0,No,No,13,Yes,Yes,DSL,Yes,No,Yes,No,Yes,Yes,Month-to-month,Yes,Electronic check,78.75,995.35,0,0.4976127685585291,Predicted churn,High,Targeted retention campaign,Offer contract migration incentive; Promote automatic payment,Standard priority,Target,13-24 months,Stayed
4735-ASGMA,Male,0,No,No,26,Yes,Yes,Fiber optic,No,No,Yes,No,Yes,Yes,Month-to-month,Yes,Electronic check,98.35,2515.3,1,0.7219076175236236,Predicted churn,Very high,Priority outreach + personalized retention offer,Offer contract migration incentive; Promote automatic payment; Offer online security bundle,High priority,Target,25-48 months,Churned
5245-VDBUR,Female,0,Yes,No,52,No,No phone service,DSL,Yes,No,Yes,No,No,No,One year,No,Mailed check,35.45,1958.95,0,0.0316197654759934,Predicted stay,Low,Standard engagement,,Not targeted,Not target,45-72 months,Stayed
1493-AMTIE,Male,0,No,No,1,Yes,No,No,No internet service,No internet service,No internet service,No internet service,No internet service,No internet service,Month-to-month,Yes,Bank transfer (automatic),20.2,20.2,1,0.24314551923544,Predicted stay,Moderate,Preventative engagement,Offer contract migration incentive; Provide proactive onboarding outreach,Not targeted,Not target,0-6 months,Churned
1112-CUNAO,Female,1,No,No,15,Yes,Yes,Fiber optic,No,Yes,No,No,No,Yes,Month-to-month,No,Electronic check,89.85,1424.95,1,0.6372030344081062,Predicted churn,Very high,Priority outreach + personalized retention offer,Offer contract migration incentive; Promote automatic payment; Offer online security bundle,High priority,Target,13-24 months,Churned
7571-YXDAD,Female,0,No,No,2,Yes,Yes,Fiber optic,No,No,No,No,No,No,Month-to-month,No,Credit card (automatic),74.9,147.15,1,0.5832615072920958,Predicted churn,High,Targeted retention campaign,Offer contract migration incentive; Offer online security bundle; Provide proactive onboarding outreach,Standard priority,Target,0-6 months,Churned
8714-EUHJO,Female,0,Yes,Yes,31,Yes,Yes,Fiber optic,No,Yes,No,No,No,Yes,Month-to-month,Yes,Electronic check,91.15,2995.45,1,0.5137524752855831,Predicted churn,High,Targeted retention campaign,Offer contract migration incentive; Promote automatic payment; Offer online security bundle,Standard priority,Target,25-48 months,Churned
9040-KZVWO,Male,0,No,No,26,Yes,No,Fiber optic,No,Yes,No,No,No,No,One year,No,Bank transfer (automatic),75.5,2018.1,0,0.1659542345093478,Predicted stay,Low,Standard engagement,Offer online security bundle,Not targeted,Not target,25-48 months,Stayed
6713-OKOMC,Female,0,No,No,10,No,No phone service,DSL,Yes,No,No,No,No,No,Month-to-month,No,Mailed check,29.75,301.9,0,0.2968212160757123,Predicted stay,Moderate,Preventative engagement,Offer contract migration incentive; Provide proactive onboarding outreach,Not targeted,Not target,7-12 months,Stayed
8749-CLJXC,Male,0,No,No,1,Yes,No,No,No internet service,No internet service,No internet service,No internet service,No internet service,No internet service,Month-to-month,No,Mailed check,20.05,20.05,0,0.1946521776240686,Predicted stay,Low,Standard engagement,Offer contract migration incentive; Provide proactive onboarding outreach,Not targeted,Not target,0-6 months,Stayed
4713-LZDRV,Female,1,No,No,2,Yes,No,Fiber optic,No,No,No,No,No,Yes,Month-to-month,Yes,Electronic check,79.6,195.05,1,0.7730678152712661,Predicted churn,Very high,Priority outreach + personalized retention offer,Offer contract migration incentive; Promote automatic payment; Offer online security bundle; Provide proactive onboarding outreach,High priority,Target,0-6 months,Churned
6598-RFFVI,Male,0,No,No,2,Yes,No,No,No internet service,No internet service,No internet service,No internet service,No internet service,No internet service,One year,No,Credit card (automatic),19.3,28.3,1,0.0978425437477054,Predicted stay,Low,Standard engagement,Provide proactive onboarding outreach,Not targeted,Not target,0-6 months,Churned
7470-MCQTK,Female,0,Yes,No,13,No,No phone service,DSL,No,No,Yes,No,Yes,Yes,Month-to-month,Yes,Bank transfer (automatic),48.75,633.4,1,0.5631611538150444,Predicted churn,High,Targeted retention campaign,Offer contract migration incentive; Offer online security bundle,Standard priority,Target,13-24 months,Churned
5524-KHNJP,Male,0,Yes,Yes,33,Yes,No,DSL,Yes,No,Yes,No,Yes,Yes,One year,No,Credit card (automatic),74.75,2453.3,0,0.0628541400766273,Predicted stay,Low,Standard engagement,,Not targeted,Not target,25-48 months,Stayed
1707-HABPF,Female,1,No,No,46,Yes,No,Fiber optic,No,Yes,Yes,No,Yes,No,One year,Yes,Bank transfer (automatic),91.3,4126.35,0,0.1788609593186467,Predicted stay,Low,Standard engagement,Offer online security bundle,Not targeted,Not target,25-48 months,Stayed
4581-LNWUM,Female,0,No,No,13,No,No phone service,DSL,No,No,Yes,No,Yes,Yes,Month-to-month,No,Electronic check,49.15,649.4,0,0.5568264455950753,Predicted churn,High,Targeted retention campaign,Offer contract migration incentive; Promote automatic payment; Offer online security bundle,Standard priority,Target,13-24 months,Stayed
9710-ZUSHQ,Female,1,No,No,37,Yes,Yes,Fiber optic,Yes,Yes,No,No,Yes,Yes,Month-to-month,Yes,Bank transfer (automatic),106.75,4056.75,1,0.4302799996123307,Predicted churn,High,Targeted retention campaign,Offer contract migration incentive,Standard priority,Target,25-48 months,Churned
1697-LYYYX,Female,0,Yes,Yes,61,Yes,No,No,No internet service,No internet service,No internet service,No internet service,No internet service,No internet service,One year,No,Credit card (automatic),19.1,1143.8,0,0.0051651035678781,Predicted stay,Low,Standard engagement,,Not targeted,Not target,45-72 months,Stayed
4013-GUXND,Male,0,No,No,1,Yes,No,No,No internet service,No internet service,No internet service,No internet service,No internet service,No internet service,Month-to-month,No,Mailed check,20.8,20.8,0,0.1874499194304581,Predicted stay,Low,Standard engagement,Offer contract migration incentive; Provide proactive onboarding outreach,Not targeted,Not target,0-6 months,Stayed
5022-JNQEQ,Female,0,Yes,Yes,9,Yes,No,Fiber optic,No,No,No,Yes,No,No,Month-to-month,Yes,Electronic check,75.85,647.5,0,0.4878057330887383,Predicted churn,High,Targeted retention campaign,Offer contract migration incentive; Promote automatic payment; Offer online security bundle; Provide proactive onboarding outreach,Standard priority,Target,7-12 months,Stayed
4983-CCWMC,Male,0,No,No,3,Yes,No,Fiber optic,No,No,No,No,No,No,Month-to-month,Yes,Mailed check,69.6,207.4,0,0.6285939762294124,Predicted churn,Very high,Priority outreach + personalized retention offer,Offer contract migration incentive; Offer online security bundle; Provide proactive onboarding outreach,High priority,Target,0-6 months,Stayed
6345-FZOQH,Male,0,Yes,No,69,Yes,No,No,No internet service,No internet service,No internet service,No internet service,No internet service,No internet service,Two year,No,Mailed check,19.9,1363.45,0,0.0024656188355777,Predicted stay,Low,Standard engagement,,Not targeted,Not target,45-72 months,Stayed
0962-CQPWQ,Female,0,Yes,Yes,62,Yes,No,No,No internet service,No internet service,No internet service,No internet service,No internet service,No internet service,Two year,No,Bank transfer (automatic),20.3,1296.15,0,0.0024758997381886,Predicted stay,Low,Standard engagement,,Not targeted,Not target,45-72 months,Stayed
5495-GPSRW,Male,0,No,No,20,Yes,No,No,No internet service,No internet service,No internet service,No internet service,No internet service,No internet service,Two year,Yes,Mailed check,19.7,419.4,0,0.0356248484916926,Predicted stay,Low,Standard engagement,,Not targeted,Not target,13-24 months,Stayed
2252-JHJGE,Male,0,No,No,61,Yes,Yes,Fiber optic,Yes,No,Yes,No,Yes,Yes,One year,No,Electronic check,104.0,6363.45,0,0.1889313973340405,Predicted stay,Low,Standard engagement,Promote automatic payment,Not targeted,Not target,45-72 months,Stayed
7356-AYNJP,Female,0,No,No,4,Yes,Yes,No,No internet service,No internet service,No internet service,No internet service,No internet service,No internet service,One year,No,Electronic check,23.9,97.5,0,0.1663972116931284,Predicted stay,Low,Standard engagement,Promote automatic payment; Provide proactive onboarding outreach,Not targeted,Not target,0-6 months,Stayed
2019-HDCZY,Male,0,Yes,No,63,Yes,Yes,Fiber optic,No,No,Yes,No,Yes,Yes,Two year,No,Electronic check,102.6,6296.75,0,0.1161586066220187,Predicted stay,Low,Standard engagement,Promote automatic payment; Offer online security bundle,Not targeted,Not target,45-72 months,Stayed
8582-KRHPJ,Male,0,No,No,50,No,No phone service,DSL,Yes,Yes,No,No,No,No,Month-to-month,Yes,Mailed check,35.0,1782.4,0,0.0827455776205561,Predicted stay,Low,Standard engagement,Offer contract migration incentive,Not targeted,Not target,45-72 months,Stayed
2867-UIMSS,Male,0,No,No,1,Yes,No,Fiber optic,No,No,No,No,No,Yes,Month-to-month,No,Electronic check,80.5,80.5,1,0.6681722124028244,Predicted churn,Very high,Priority outreach + personalized retention offer,Offer contract migration incentive; Promote automatic payment; Offer online security bundle; Provide proactive onboarding outreach,High priority,Target,0-6 months,Churned
3487-EARAT,Female,0,Yes,Yes,70,Yes,No,DSL,Yes,Yes,Yes,Yes,No,Yes,One year,No,Credit card (automatic),74.1,5222.3,0,0.0088964871942071,Predicted stay,Low,Standard engagement,,Not targeted,Not target,45-72 months,Stayed
9926-PJHDQ,Female,0,Yes,Yes,72,Yes,Yes,DSL,No,No,Yes,No,Yes,Yes,Two year,Yes,Bank transfer (automatic),76.8,5468.45,0,0.0237536744027999,Predicted stay,Low,Standard engagement,Offer online security bundle,Not targeted,Not target,45-72 months,Stayed
0289-IVARM,Female,0,No,No,35,Yes,No,DSL,Yes,Yes,Yes,No,No,No,Month-to-month,No,Electronic check,60.55,1982.6,0,0.090816485733318,Predicted stay,Low,Standard engagement,Offer contract migration incentive; Promote automatic payment,Not targeted,Not target,25-48 months,Stayed
4672-FOTSD,Male,0,No,No,12,Yes,Yes,DSL,Yes,Yes,No,Yes,No,No,Month-to-month,Yes,Electronic check,67.25,832.3,0,0.241830842236335,Predicted stay,Moderate,Preventative engagement,Offer contract migration incentive; Promote automatic payment; Provide proactive onboarding outreach,Not targeted,Not target,7-12 months,Stayed
6198-PNNSZ,Female,0,Yes,No,56,Yes,Yes,Fiber optic,Yes,Yes,Yes,No,Yes,Yes,One year,No,Bank transfer (automatic),109.8,6109.65,0,0.1323773653487965,Predicted stay,Low,Standard engagement,,Not targeted,Not target,45-72 months,Stayed
7603-USHJS,Male,0,No,Yes,12,Yes,Yes,Fiber optic,No,No,No,No,No,No,Month-to-month,Yes,Credit card (automatic),73.75,871.4,1,0.5575260564688527,Predicted churn,High,Targeted retention campaign,Offer contract migration incentive; Offer online security bundle; Provide proactive onboarding outreach,Standard priority,Target,7-12 months,Churned
6784-XYJAE,Female,0,No,No,36,Yes,Yes,DSL,No,No,Yes,No,No,No,One year,No,Electronic check,55.8,1941.5,0,0.101345482512716,Predicted stay,Low,Standard engagement,Promote automatic payment; Offer online security bundle,Not targeted,Not target,25-48 months,Stayed
3858-XHYJO,Female,0,Yes,No,40,Yes,Yes,Fiber optic,Yes,No,Yes,No,Yes,Yes,One year,No,Bank transfer (automatic),105.75,4228.55,0,0.2003978815442264,Predicted stay,Moderate,Preventative engagement,,Not targeted,Not target,25-48 months,Stayed
1087-UDSIH,Female,0,No,No,3,Yes,No,No,No internet service,No internet service,No internet service,No internet service,No internet service,No internet service,Month-to-month,Yes,Mailed check,19.6,59.75,1,0.2424317854371678,Predicted stay,Moderate,Preventative engagement,Offer contract migration incentive; Provide proactive onboarding outreach,Not targeted,Not target,0-6 months,Churned
7251-LJBQN,Female,1,No,No,40,Yes,Yes,Fiber optic,No,No,Yes,Yes,Yes,Yes,One year,Yes,Credit card (automatic),103.75,4188.4,0,0.3212135257887331,Predicted stay,Moderate,Preventative engagement,Offer online security bundle,Not targeted,Not target,25-48 months,Stayed
3200-MNQTF,Male,0,Yes,No,67,Yes,Yes,DSL,Yes,Yes,Yes,Yes,No,No,Two year,No,Credit card (automatic),70.9,4677.1,0,0.0056873219316698,Predicted stay,Low,Standard engagement,,Not targeted,Not target,45-72 months,Stayed
9359-UGBTK,Female,0,No,No,67,Yes,No,DSL,Yes,No,Yes,Yes,No,Yes,One year,Yes,Bank transfer (automatic),72.35,4991.5,0,0.0174234801091493,Predicted stay,Low,Standard engagement,,Not targeted,Not target,45-72 months,Stayed
8160-HOWOX,Female,0,No,No,7,Yes,No,DSL,No,No,No,No,Yes,Yes,Month-to-month,Yes,Electronic check,66.85,458.1,0,0.5412571396657072,Predicted churn,High,Targeted retention campaign,Offer contract migration incentive; Promote automatic payment; Offer online security bundle; Provide proactive onboarding outreach,Standard priority,Target,7-12 months,Stayed
0258-NOKBL,Male,0,No,No,3,Yes,No,Fiber optic,No,Yes,Yes,No,No,Yes,Month-to-month,No,Electronic check,90.4,268.45,0,0.603013231427816,Predicted churn,Very high,Priority outreach + personalized retention offer,Offer contract migration incentive; Promote automatic payment; Offer online security bundle; Provide proactive onboarding outreach,High priority,Target,0-6 months,Stayed
2800-QQUSO,Male,0,No,No,42,Yes,Yes,Fiber optic,No,No,No,Yes,Yes,Yes,Month-to-month,Yes,Electronic check,100.3,4222.95,0,0.5217735160483603,Predicted churn,High,Targeted retention campaign,Offer contract migration incentive; Promote automatic payment; Offer online security bundle,Standard priority,Target,25-48 months,Stayed
2129-ALKBS,Female,0,Yes,Yes,40,Yes,Yes,No,No internet service,No internet service,No internet service,No internet service,No internet service,No internet service,Month-to-month,Yes,Electronic check,26.2,1077.5,0,0.0730400278968289,Predicted stay,Low,Standard engagement,Offer contract migration incentive; Promote automatic payment,Not targeted,Not target,25-48 months,Stayed
9972-VAFJJ,Female,1,Yes,No,53,Yes,No,Fiber optic,No,Yes,Yes,Yes,Yes,No,One year,Yes,Electronic check,94.0,4871.45,0,0.1778264651664159,Predicted stay,Low,Standard engagement,Promote automatic payment; Offer online security bundle,Not targeted,Not target,45-72 months,Stayed
4693-VWVBO,Female,0,No,No,3,Yes,No,No,No internet service,No internet service,No internet service,No internet service,No internet service,No internet service,Month-to-month,No,Electronic check,19.55,61.05,0,0.2321861923345796,Predicted stay,Moderate,Preventative engagement,Offer contract migration incentive; Promote automatic payment; Provide proactive onboarding outreach,Not targeted,Not target,0-6 months,Stayed
6969-MVBAI,Female,1,No,No,9,Yes,Yes,Fiber optic,No,No,Yes,No,Yes,No,Month-to-month,Yes,Electronic check,90.1,816.8,0,0.7721351103126644,Predicted churn,Very high,Priority outreach + personalized retention offer,Offer contract migration incentive; Promote automatic payment; Offer online security bundle; Provide proactive onboarding outreach,High priority,Target,7-12 months,Stayed
4821-WQOYN,Female,0,Yes,Yes,72,Yes,No,No,No internet service,No internet service,No internet service,No internet service,No internet service,No internet service,Two year,Yes,Credit card (automatic),20.1,1326.25,0,0.0021080989019255,Predicted stay,Low,Standard engagement,,Not targeted,Not target,45-72 months,Stayed
6769-DYBQN,Male,1,No,No,46,Yes,No,Fiber optic,Yes,No,No,No,No,Yes,Month-to-month,No,Electronic check,85.0,3969.4,1,0.2802574311018699,Predicted stay,Moderate,Preventative engagement,Offer contract migration incentive; Promote automatic payment,Not targeted,Not target,25-48 months,Churned
4018-PPNDW,Female,0,Yes,Yes,61,Yes,Yes,No,No internet service,No internet service,No internet service,No internet service,No internet service,No internet service,Two year,Yes,Mailed check,24.1,1551.6,0,0.0062022829810134,Predicted stay,Low,Standard engagement,,Not targeted,Not target,45-72 months,Stayed
6288-CHQJB,Female,0,Yes,Yes,54,Yes,No,DSL,Yes,No,Yes,Yes,No,Yes,Two year,No,Bank transfer (automatic),69.95,3871.85,0,0.0087824765734761,Predicted stay,Low,Standard engagement,,Not targeted,Not target,45-72 months,Stayed
4905-JEFDW,Male,0,No,No,11,No,No phone service,DSL,No,No,Yes,No,Yes,No,One year,Yes,Electronic check,41.6,470.6,1,0.4048734773501355,Predicted churn,High,Targeted retention campaign,Promote automatic payment; Offer online security bundle; Provide proactive onboarding outreach,Standard priority,Target,7-12 months,Churned
0559-CKHUS,Female,0,Yes,No,29,Yes,No,No,No internet service,No internet service,No internet service,No internet service,No internet service,No internet service,Two year,Yes,Mailed check,19.55,521.8,0,0.0232382055881357,Predicted stay,Low,Standard engagement,,Not targeted,Not target,25-48 months,Stayed
2659-VXMWZ,Male,0,Yes,Yes,67,Yes,Yes,Fiber optic,Yes,Yes,Yes,No,Yes,Yes,One year,Yes,Electronic check,111.3,7482.1,1,0.1605277117812794,Predicted stay,Low,Standard engagement,Promote automatic payment,Not targeted,Not target,45-72 months,Churned
6559-RAKOZ,Male,0,Yes,Yes,49,Yes,Yes,Fiber optic,No,No,No,Yes,Yes,Yes,One year,Yes,Electronic check,97.95,4917.9,0,0.2972617901918408,Predicted stay,Moderate,Preventative engagement,Promote automatic payment; Offer online security bundle,Not targeted,Not target,45-72 months,Stayed
8809-XKHMD,Male,0,Yes,No,72,Yes,Yes,Fiber optic,Yes,Yes,No,Yes,No,Yes,Two year,Yes,Bank transfer (automatic),100.55,7325.1,0,0.0358392204760297,Predicted stay,Low,Standard engagement,,Not targeted,Not target,45-72 months,Stayed
6365-HITVU,Female,0,Yes,Yes,71,Yes,No,DSL,Yes,Yes,Yes,Yes,Yes,Yes,Two year,No,Credit card (automatic),87.25,6328.7,0,0.0058069503232102,Predicted stay,Low,Standard engagement,,Not targeted,Not target,45-72 months,Stayed
0134-XWXCE,Female,1,No,No,44,Yes,No,DSL,No,No,Yes,Yes,Yes,Yes,One year,No,Bank transfer (automatic),74.85,3268.05,0,0.0641452778992814,Predicted stay,Low,Standard engagement,Offer online security bundle,Not targeted,Not target,25-48 months,Stayed
9720-JJJOR,Male,0,Yes,Yes,41,Yes,No,DSL,Yes,Yes,Yes,No,No,No,One year,Yes,Bank transfer (automatic),60.3,2511.3,0,0.0333969434270871,Predicted stay,Low,Standard engagement,,Not targeted,Not target,25-48 months,Stayed
2782-LFZVW,Female,0,No,No,11,Yes,Yes,DSL,No,No,No,No,No,Yes,Month-to-month,Yes,Mailed check,58.95,601.6,0,0.4827027395941303,Predicted churn,High,Targeted retention campaign,Offer contract migration incentive; Offer online security bundle; Provide proactive onboarding outreach,Standard priority,Target,7-12 months,Stayed
6112-KTHFQ,Female,0,No,No,13,Yes,No,No,No internet service,No internet service,No internet service,No internet service,No internet service,No internet service,Month-to-month,Yes,Mailed check,19.3,279.3,0,0.1690967723169277,Predicted stay,Low,Standard engagement,Offer contract migration incentive,Not targeted,Not target,13-24 months,Stayed
9220-ZNKJI,Female,1,Yes,No,55,Yes,No,Fiber optic,No,No,Yes,Yes,Yes,No,Two year,No,Credit card (automatic),88.8,4805.3,0,0.0516807416085271,Predicted stay,Low,Standard engagement,Offer online security bundle,Not targeted,Not target,45-72 months,Stayed
9820-RMCQV,Female,0,No,No,11,Yes,No,DSL,Yes,No,No,No,No,No,Month-to-month,No,Credit card (automatic),48.55,501.0,1,0.1872231821529772,Predicted stay,Low,Standard engagement,Offer contract migration incentive; Provide proactive onboarding outreach,Not targeted,Not target,7-12 months,Churned
9013-AQORL,Female,0,No,Yes,48,No,No phone service,DSL,No,Yes,Yes,No,No,Yes,Month-to-month,No,Credit card (automatic),45.55,2108.35,0,0.0853881489219736,Predicted stay,Low,Standard engagement,Offer contract migration incentive; Offer online security bundle,Not targeted,Not target,25-48 months,Stayed
2040-OBMLJ,Male,0,No,No,31,Yes,Yes,Fiber optic,No,No,No,Yes,No,No,One year,No,Credit card (automatic),81.7,2548.65,0,0.1479590188805874,Predicted stay,Low,Standard engagement,Offer online security bundle,Not targeted,Not target,25-48 months,Stayed
5574-NXZIU,Male,0,No,No,63,Yes,No,Fiber optic,Yes,Yes,Yes,Yes,Yes,Yes,Two year,No,Credit card (automatic),109.2,7049.75,0,0.0344716803372239,Predicted stay,Low,Standard engagement,,Not targeted,Not target,45-72 months,Stayed
5446-DKWYW,Female,1,Yes,Yes,61,Yes,Yes,DSL,No,No,Yes,No,Yes,No,One year,Yes,Electronic check,65.2,3965.05,0,0.0812356494858034,Predicted stay,Low,Standard engagement,Promote automatic payment; Offer online security bundle,Not targeted,Not target,45-72 months,Stayed
0480-KYJVA,Female,0,Yes,Yes,72,Yes,Yes,No,No internet service,No internet service,No internet service,No internet service,No internet service,No internet service,Two year,No,Credit card (automatic),24.25,1784.5,0,0.0022884546493621,Predicted stay,Low,Standard engagement,,Not targeted,Not target,45-72 months,Stayed
1074-AMIOH,Female,0,Yes,Yes,53,Yes,No,Fiber optic,No,Yes,Yes,Yes,Yes,Yes,Month-to-month,Yes,Bank transfer (automatic),108.25,5935.1,0,0.2022775752913397,Predicted stay,Moderate,Preventative engagement,Offer contract migration incentive; Offer online security bundle,Not targeted,Not target,45-72 months,Stayed
0015-UOCOJ,Female,1,No,No,7,Yes,No,DSL,Yes,No,No,No,No,No,Month-to-month,Yes,Electronic check,48.2,340.35,0,0.4134958395357812,Predicted churn,High,Targeted retention campaign,Offer contract migration incentive; Promote automatic payment; Provide proactive onboarding outreach,Standard priority,Target,7-12 months,Stayed
0256-LTHVJ,Female,0,Yes,Yes,28,Yes,No,Fiber optic,No,No,No,No,No,Yes,Month-to-month,Yes,Electronic check,81.05,2227.1,1,0.4818802709650969,Predicted churn,High,Targeted retention campaign,Offer contract migration incentive; Promote automatic payment; Offer online security bundle,Standard priority,Target,25-48 months,Churned
4547-LYTDD,Female,0,No,No,16,Yes,Yes,Fiber optic,No,No,No,No,No,No,Month-to-month,No,Electronic check,72.65,1194.3,1,0.6018624605258526,Predicted churn,Very high,Priority outreach + personalized retention offer,Offer contract migration incentive; Promote automatic payment; Offer online security bundle,High priority,Target,13-24 months,Churned
1077-HUUJM,Female,0,No,Yes,7,Yes,No,Fiber optic,No,No,No,No,No,No,Month-to-month,Yes,Electronic check,71.05,472.65,0,0.5879071318894216,Predicted churn,High,Targeted retention campaign,Offer contract migration incentive; Promote automatic payment; Offer online security bundle; Provide proactive onboarding outreach,Standard priority,Target,7-12 months,Stayed
2041-JIJCI,Female,0,No,No,5,Yes,Yes,DSL,No,Yes,No,No,No,Yes,Month-to-month,Yes,Electronic check,64.0,370.25,0,0.5768989454810048,Predicted churn,High,Targeted retention campaign,Offer contract migration incentive; Promote automatic payment; Offer online security bundle; Provide proactive onboarding outreach,Standard priority,Target,0-6 months,Stayed
1555-HAPSU,Female,0,Yes,Yes,71,Yes,Yes,No,No internet service,No internet service,No internet service,No internet service,No internet service,No internet service,Two year,No,Credit card (automatic),23.9,1663.5,0,0.002391415744938,Predicted stay,Low,Standard engagement,,Not targeted,Not target,45-72 months,Stayed
4323-SADQS,Male,0,Yes,Yes,7,No,No phone service,DSL,Yes,No,No,Yes,No,No,Month-to-month,Yes,Electronic check,34.5,279.25,1,0.3607842503180032,Predicted churn,High,Targeted retention campaign,Offer contract migration incentive; Promote automatic payment; Provide proactive onboarding outreach,Standard priority,Target,7-12 months,Churned
3292-PBZEJ,Male,1,No,No,11,Yes,Yes,Fiber optic,No,Yes,Yes,Yes,Yes,Yes,Month-to-month,Yes,Electronic check,111.4,1183.05,0,0.6906421058600912,Predicted churn,Very high,Priority outreach + personalized retention offer,Offer contract migration incentive; Promote automatic payment; Offer online security bundle; Provide proactive onboarding outreach,High priority,Target,7-12 months,Stayed
6203-HBZPA,Male,0,No,No,52,No,No phone service,DSL,Yes,Yes,Yes,Yes,Yes,Yes,Two year,No,Credit card (automatic),63.9,3334.95,0,0.0201816868484285,Predicted stay,Low,Standard engagement,,Not targeted,Not target,45-72 months,Stayed
9755-JHNMN,Female,0,No,No,49,Yes,No,DSL,Yes,Yes,Yes,Yes,No,No,Two year,No,Bank transfer (automatic),67.4,3306.85,0,0.006990889586316,Predicted stay,Low,Standard engagement,,Not targeted,Not target,45-72 months,Stayed
7369-TRPFD,Male,0,No,No,19,Yes,No,No,No internet service,No internet service,No internet service,No internet service,No internet service,No internet service,One year,No,Mailed check,18.8,279.2,0,0.0511086167786175,Predicted stay,Low,Standard engagement,,Not targeted,Not target,13-24 months,Stayed
9878-TNQGW,Male,0,No,No,2,Yes,No,Fiber optic,No,No,No,No,No,Yes,Month-to-month,Yes,Electronic check,80.95,171.15,1,0.7334085985080976,Predicted churn,Very high,Priority outreach + personalized retention offer,Offer contract migration incentive; Promote automatic payment; Offer online security bundle; Provide proactive onboarding outreach,High priority,Target,0-6 months,Churned
2279-AXJJK,Male,0,Yes,No,52,Yes,Yes,Fiber optic,No,Yes,No,Yes,No,Yes,Month-to-month,Yes,Credit card (automatic),95.65,5088.4,0,0.2621946088929008,Predicted stay,Moderate,Preventative engagement,Offer contract migration incentive; Offer online security bundle,Not targeted,Not target,45-72 months,Stayed
5016-IBERQ,Male,0,Yes,No,23,Yes,Yes,Fiber optic,No,Yes,Yes,No,No,No,Month-to-month,No,Electronic check,84.25,1968.1,0,0.4880171088835941,Predicted churn,High,Targeted retention campaign,Offer contract migration incentive; Promote automatic payment; Offer online security bundle,Standard priority,Target,13-24 months,Stayed
1016-DJTSV,Male,1,No,No,8,Yes,No,Fiber optic,No,No,No,No,No,No,Month-to-month,Yes,Electronic check,69.7,572.85,0,0.6908331269394834,Predicted churn,Very high,Priority outreach + personalized retention offer,Offer contract migration incentive; Promote automatic payment; Offer online security bundle; Provide proactive onboarding outreach,High priority,Target,7-12 months,Stayed
8433-WPJTV,Female,1,Yes,Yes,65,Yes,Yes,Fiber optic,No,No,Yes,Yes,Yes,Yes,One year,Yes,Bank transfer (automatic),103.9,6767.1,0,0.1672732755552932,Predicted stay,Low,Standard engagement,Offer online security bundle,Not targeted,Not target,45-72 months,Stayed
8903-XEBGX,Male,0,No,Yes,2,Yes,No,DSL,No,No,No,No,No,Yes,Month-to-month,Yes,Electronic check,55.3,108.65,0,0.5050568859171808,Predicted churn,High,Targeted retention campaign,Offer contract migration incentive; Promote automatic payment; Offer online security bundle; Provide proactive onboarding outreach,Standard priority,Target,0-6 months,Stayed
2632-TACXW,Female,0,Yes,No,62,Yes,Yes,No,No internet service,No internet service,No internet service,No internet service,No internet service,No internet service,Two year,No,Bank transfer (automatic),23.65,1416.75,0,0.0046930624300575,Predicted stay,Low,Standard engagement,,Not targeted,Not target,45-72 months,Stayed
7952-OBOYL,Male,0,No,No,3,Yes,No,Fiber optic,No,No,Yes,Yes,Yes,No,Month-to-month,Yes,Mailed check,89.85,244.45,0,0.5779776212664373,Predicted churn,High,Targeted retention campaign,Offer contract migration incentive; Offer online security bundle; Provide proactive onboarding outreach,Standard priority,Target,0-6 months,Stayed
1470-PSXNM,Male,0,Yes,Yes,49,Yes,Yes,Fiber optic,No,Yes,Yes,No,Yes,No,One year,Yes,Electronic check,93.65,4520.15,0,0.2545726286509505,Predicted stay,Moderate,Preventative engagement,Promote automatic payment; Offer online security bundle,Not targeted,Not target,45-72 months,Stayed
6227-HWPWX,Female,0,No,Yes,15,Yes,No,Fiber optic,No,No,No,No,No,No,Month-to-month,No,Bank transfer (automatic),69.0,994.8,1,0.3628454003026997,Predicted churn,High,Targeted retention campaign,Offer contract migration incentive; Offer online security bundle,Standard priority,Target,13-24 months,Churned
5924-SNGKP,Female,0,No,Yes,41,Yes,No,No,No internet service,No internet service,No internet service,No internet service,No internet service,No internet service,One year,Yes,Credit card (automatic),20.25,865.0,0,0.0179814492566723,Predicted stay,Low,Standard engagement,,Not targeted,Not target,25-48 months,Stayed
8818-DOPVL,Female,1,No,No,46,Yes,Yes,Fiber optic,No,Yes,Yes,No,Yes,Yes,Month-to-month,Yes,Electronic check,104.45,4863.85,0,0.5890396959989473,Predicted churn,High,Targeted retention campaign,Offer contract migration incentive; Promote automatic payment; Offer online security bundle,Standard priority,Target,25-48 months,Stayed
4521-WFJAI,Male,0,No,No,56,Yes,Yes,No,No internet service,No internet service,No internet service,No internet service,No internet service,No internet service,Two year,Yes,Bank transfer (automatic),25.95,1444.05,0,0.0081104242286974,Predicted stay,Low,Standard engagement,,Not targeted,Not target,45-72 months,Stayed
4724-WXVWF,Male,0,No,No,48,Yes,Yes,Fiber optic,Yes,No,No,Yes,No,Yes,Month-to-month,Yes,Electronic check,95.4,4445.3,0,0.3054733180063079,Predicted stay,Moderate,Preventative engagement,Offer contract migration incentive; Promote automatic payment,Not targeted,Not target,25-48 months,Stayed
3717-OEAUQ,Male,0,No,No,2,Yes,No,Fiber optic,No,No,No,No,No,No,Month-to-month,No,Mailed check,70.7,129.2,0,0.5301013096181572,Predicted churn,High,Targeted retention campaign,Offer contract migration incentive; Offer online security bundle; Provide proactive onboarding outreach,Standard priority,Target,0-6 months,Stayed
8165-ZJRNM,Female,0,Yes,Yes,72,Yes,Yes,No,No internet service,No internet service,No internet service,No internet service,No internet service,No internet service,Two year,No,Bank transfer (automatic),23.75,1679.25,0,0.0023569137682799,Predicted stay,Low,Standard engagement,,Not targeted,Not target,45-72 months,Stayed
7838-LAZFO,Male,0,Yes,No,45,Yes,No,DSL,Yes,Yes,Yes,No,Yes,Yes,One year,No,Bank transfer (automatic),78.8,3597.5,0,0.0509955278557334,Predicted stay,Low,Standard engagement,,Not targeted,Not target,25-48 months,Stayed
0513-RBGPE,Male,0,Yes,Yes,37,Yes,Yes,DSL,Yes,No,Yes,Yes,No,No,Two year,Yes,Credit card (automatic),62.8,2278.75,0,0.0250422446006703,Predicted stay,Low,Standard engagement,,Not targeted,Not target,25-48 months,Stayed
7251-XFOIL,Female,0,No,No,61,Yes,Yes,Fiber optic,No,No,Yes,No,No,Yes,Month-to-month,No,Mailed check,89.2,5500.6,0,0.2479166057686049,Predicted stay,Moderate,Preventative engagement,Offer contract migration incentive; Offer online security bundle,Not targeted,Not target,45-72 months,Stayed
2525-GVKQU,Female,0,No,No,60,Yes,No,No,No internet service,No internet service,No internet service,No internet service,No internet service,No internet service,Two year,No,Mailed check,20.6,1093.0,0,0.0033899482434293,Predicted stay,Low,Standard engagement,,Not targeted,Not target,45-72 months,Stayed
7579-OOPEC,Female,1,Yes,No,2,Yes,No,DSL,No,Yes,No,No,No,No,Month-to-month,No,Credit card (automatic),50.15,115.1,1,0.3136758387084676,Predicted stay,Moderate,Preventative engagement,Offer contract migration incentive; Offer online security bundle; Provide proactive onboarding outreach,Not targeted,Not target,0-6 months,Churned
3795-GWTRD,Female,0,Yes,Yes,63,Yes,No,DSL,Yes,Yes,Yes,Yes,Yes,No,Two year,No,Credit card (automatic),75.55,4707.85,0,0.0052775630818849,Predicted stay,Low,Standard engagement,,Not targeted,Not target,45-72 months,Stayed
4750-ZRXIU,Female,1,No,No,4,Yes,Yes,Fiber optic,No,No,No,No,No,Yes,Month-to-month,Yes,Electronic check,84.6,360.1,1,0.8093952295332226,Predicted churn,Very high,Priority outreach + personalized retention offer,Offer contract migration incentive; Promote automatic payment; Offer online security bundle; Provide proactive onboarding outreach,High priority,Target,0-6 months,Churned
5445-PZWGX,Male,0,No,No,62,Yes,Yes,Fiber optic,Yes,Yes,No,Yes,No,Yes,One year,No,Electronic check,102.0,6529.25,1,0.0841513991949759,Predicted stay,Low,Standard engagement,Promote automatic payment,Not targeted,Not target,45-72 months,Churned
0516-UXRMT,Female,0,No,No,62,Yes,Yes,Fiber optic,Yes,Yes,Yes,No,No,No,One year,Yes,Electronic check,92.05,5755.8,0,0.1070075435477296,Predicted stay,Low,Standard engagement,Promote automatic payment,Not targeted,Not target,45-72 months,Stayed
0727-BNRLG,Male,0,No,No,69,Yes,Yes,Fiber optic,No,Yes,Yes,Yes,Yes,No,Two year,Yes,Credit card (automatic),97.65,6743.55,0,0.0593074478619902,Predicted stay,Low,Standard engagement,Offer online security bundle,Not targeted,Not target,45-72 months,Stayed
3932-CMDTD,Female,0,No,No,4,Yes,No,Fiber optic,No,Yes,Yes,Yes,Yes,Yes,One year,Yes,Electronic check,105.65,443.9,1,0.4711079219613548,Predicted churn,High,Targeted retention campaign,Promote automatic payment; Offer online security bundle; Provide proactive onboarding outreach,Standard priority,Target,0-6 months,Churned
1264-FUHCX,Female,0,Yes,No,49,No,No phone service,DSL,No,Yes,No,Yes,Yes,Yes,One year,Yes,Credit card (automatic),56.3,2780.6,0,0.0758815439622286,Predicted stay,Low,Standard engagement,Offer online security bundle,Not targeted,Not target,45-72 months,Stayed
6194-HBGQN,Male,0,No,No,51,Yes,Yes,DSL,Yes,Yes,Yes,Yes,Yes,No,One year,Yes,Credit card (automatic),81.15,4126.2,0,0.0377823608935849,Predicted stay,Low,Standard engagement,,Not targeted,Not target,45-72 months,Stayed
4524-QCSSM,Male,0,No,No,26,No,No phone service,DSL,Yes,Yes,No,No,No,Yes,Month-to-month,Yes,Bank transfer (automatic),44.65,1156.55,0,0.2428764452347791,Predicted stay,Moderate,Preventative engagement,Offer contract migration incentive,Not targeted,Not target,25-48 months,Stayed
4570-QHXHL,Female,0,No,No,9,Yes,No,DSL,No,No,No,No,No,No,Month-to-month,Yes,Electronic check,43.75,405.7,0,0.4522958767886471,Predicted churn,High,Targeted retention campaign,Offer contract migration incentive; Promote automatic payment; Offer online security bundle; Provide proactive onboarding outreach,Standard priority,Target,7-12 months,Stayed
2972-YDYUW,Female,0,No,No,57,Yes,Yes,Fiber optic,No,Yes,No,Yes,No,Yes,One year,No,Electronic check,94.7,5468.95,0,0.1368381077239079,Predicted stay,Low,Standard engagement,Promote automatic payment; Offer online security bundle,Not targeted,Not target,45-72 months,Stayed
2061-VVFST,Female,0,Yes,No,37,Yes,No,No,No internet service,No internet service,No internet service,No internet service,No internet service,No internet service,Month-to-month,No,Bank transfer (automatic),19.5,805.2,0,0.0406454566344609,Predicted stay,Low,Standard engagement,Offer contract migration incentive,Not targeted,Not target,25-48 months,Stayed
6874-SGLHU,Male,0,No,No,30,Yes,No,Fiber optic,No,Yes,No,No,Yes,Yes,One year,Yes,Bank transfer (automatic),97.0,3021.3,0,0.2962665814685013,Predicted stay,Moderate,Preventative engagement,Offer online security bundle,Not targeted,Not target,25-48 months,Stayed
9844-FELAJ,Female,1,Yes,Yes,70,Yes,Yes,Fiber optic,No,Yes,Yes,Yes,Yes,Yes,One year,Yes,Electronic check,107.9,7475.85,0,0.1935226253967804,Predicted stay,Low,Standard engagement,Promote automatic payment; Offer online security bundle,Not targeted,Not target,45-72 months,Stayed
1902-XBTFB,Male,0,No,Yes,22,Yes,No,Fiber optic,No,Yes,Yes,No,Yes,No,Month-to-month,Yes,Electronic check,89.4,2001.5,1,0.5149118787109883,Predicted churn,High,Targeted retention campaign,Offer contract migration incentive; Promote automatic payment; Offer online security bundle,Standard priority,Target,13-24 months,Churned
9039-RBEEE,Male,0,No,No,39,No,No phone service,DSL,Yes,Yes,No,Yes,Yes,No,Month-to-month,Yes,Credit card (automatic),48.95,1880.85,1,0.1194157764779288,Predicted stay,Low,Standard engagement,Offer contract migration incentive,Not targeted,Not target,25-48 months,Churned
9369-XFEHK,Female,1,Yes,No,33,Yes,Yes,Fiber optic,No,Yes,No,No,No,No,Month-to-month,Yes,Bank transfer (automatic),80.6,2656.5,1,0.4173133522457474,Predicted churn,High,Targeted retention campaign,Offer contract migration incentive; Offer online security bundle,Standard priority,Target,25-48 months,Churned
3680-CTHUH,Male,0,No,No,60,Yes,Yes,Fiber optic,Yes,Yes,Yes,Yes,Yes,Yes,One year,Yes,Credit card (automatic),116.6,7049.5,0,0.1195578035324481,Predicted stay,Low,Standard engagement,,Not targeted,Not target,45-72 months,Stayed
3679-XASPY,Female,0,Yes,Yes,1,Yes,No,No,No internet service,No internet service,No internet service,No internet service,No internet service,No internet service,Month-to-month,No,Electronic check,19.45,19.45,0,0.2144506404746556,Predicted stay,Moderate,Preventative engagement,Offer contract migration incentive; Promote automatic payment; Provide proactive onboarding outreach,Not targeted,Not target,0-6 months,Stayed
9089-UOWJG,Female,0,Yes,Yes,12,Yes,No,DSL,No,No,Yes,No,Yes,No,Month-to-month,Yes,Credit card (automatic),58.35,740.55,0,0.3353734833218456,Predicted stay,Moderate,Preventative engagement,Offer contract migration incentive; Offer online security bundle; Provide proactive onboarding outreach,Not targeted,Not target,7-12 months,Stayed
1574-DYCWE,Female,0,Yes,Yes,51,Yes,No,No,No internet service,No internet service,No internet service,No internet service,No internet service,No internet service,Two year,No,Mailed check,19.95,1028.75,0,0.0045472421627954,Predicted stay,Low,Standard engagement,,Not targeted,Not target,45-72 months,Stayed
9779-DPNEJ,Female,0,Yes,Yes,22,Yes,No,Fiber optic,No,No,No,No,No,Yes,Month-to-month,Yes,Electronic check,80.15,1790.65,0,0.5473508053699241,Predicted churn,High,Targeted retention campaign,Offer contract migration incentive; Promote automatic payment; Offer online security bundle,Standard priority,Target,13-24 months,Stayed
2967-MXRAV,Male,0,Yes,Yes,1,Yes,No,No,No internet service,No internet service,No internet service,No internet service,No internet service,No internet service,One year,No,Mailed check,18.8,18.8,0,0.0960039826109295,Predicted stay,Low,Standard engagement,Provide proactive onboarding outreach,Not targeted,Not target,0-6 months,Stayed
0327-WFZSY,Male,0,Yes,Yes,39,Yes,Yes,Fiber optic,No,No,Yes,No,Yes,Yes,One year,No,Electronic check,100.0,3835.55,0,0.3160257653148114,Predicted stay,Moderate,Preventative engagement,Promote automatic payment; Offer online security bundle,Not targeted,Not target,25-48 months,Stayed
1731-TVIUK,Female,0,No,No,4,Yes,Yes,Fiber optic,No,Yes,No,Yes,No,Yes,Month-to-month,Yes,Electronic check,93.5,362.2,1,0.6917273431308277,Predicted churn,Very high,Priority outreach + personalized retention offer,Offer contract migration incentive; Promote automatic payment; Offer online security bundle; Provide proactive onboarding outreach,High priority,Target,0-6 months,Churned
7666-WKRON,Female,0,No,No,39,Yes,No,Fiber optic,No,No,Yes,Yes,No,No,Two year,Yes,Electronic check,80.45,3201.55,1,0.1021490854011454,Predicted stay,Low,Standard engagement,Promote automatic payment; Offer online security bundle,Not targeted,Not target,25-48 months,Churned
3865-ZYKAD,Male,1,Yes,No,69,Yes,Yes,Fiber optic,Yes,Yes,No,No,No,No,Month-to-month,Yes,Credit card (automatic),84.9,5785.65,0,0.1382861564565998,Predicted stay,Low,Standard engagement,Offer contract migration incentive,Not targeted,Not target,45-72 months,Stayed
1465-LNTLJ,Male,1,Yes,No,8,Yes,No,DSL,No,No,Yes,Yes,No,Yes,Month-to-month,Yes,Credit card (automatic),64.4,581.7,0,0.3631768725984852,Predicted churn,High,Targeted retention campaign,Offer contract migration incentive; Offer online security bundle; Provide proactive onboarding outreach,Standard priority,Target,7-12 months,Stayed
2696-RZVZW,Male,0,Yes,No,68,Yes,Yes,No,No internet service,No internet service,No internet service,No internet service,No internet service,No internet service,Two year,No,Credit card (automatic),25.05,1629.2,0,0.003303262602787,Predicted stay,Low,Standard engagement,,Not targeted,Not target,45-72 months,Stayed
0685-MLYYM,Female,1,No,No,2,Yes,No,Fiber optic,No,No,No,No,No,No,Month-to-month,No,Electronic check,70.75,154.85,1,0.6358359673921057,Predicted churn,Very high,Priority outreach + personalized retention offer,Offer contract migration incentive; Promote automatic payment; Offer online security bundle; Provide proactive onboarding outreach,High priority,Target,0-6 months,Churned
2778-OCLGR,Male,1,Yes,No,24,No,No phone service,DSL,Yes,No,No,No,No,Yes,Month-to-month,No,Bank transfer (automatic),39.1,971.3,1,0.2569212455934589,Predicted stay,Moderate,Preventative engagement,Offer contract migration incentive,Not targeted,Not target,13-24 months,Churned
3982-XWFZQ,Female,0,Yes,No,42,Yes,Yes,DSL,No,No,No,No,No,No,Month-to-month,Yes,Electronic check,50.25,2203.65,1,0.2199516312557436,Predicted stay,Moderate,Preventative engagement,Offer contract migration incentive; Promote automatic payment; Offer online security bundle,Not targeted,Not target,25-48 months,Churned
4759-PXTAN,Female,0,Yes,No,59,Yes,Yes,DSL,No,Yes,No,Yes,Yes,Yes,One year,Yes,Electronic check,80.1,4693.2,0,0.0868271012411581,Predicted stay,Low,Standard engagement,Promote automatic payment; Offer online security bundle,Not targeted,Not target,45-72 months,Stayed
1448-PWKYE,Male,0,Yes,Yes,1,Yes,No,Fiber optic,No,No,No,No,No,Yes,Month-to-month,No,Electronic check,80.0,80.0,1,0.6289259687355995,Predicted churn,Very high,Priority outreach + personalized retention offer,Offer contract migration incentive; Promote automatic payment; Offer online security bundle; Provide proactive onboarding outreach,High priority,Target,0-6 months,Churned
8741-LQOBK,Female,0,Yes,Yes,46,No,No phone service,DSL,Yes,Yes,No,No,No,No,Month-to-month,No,Bank transfer (automatic),35.05,1620.25,0,0.0516359797159368,Predicted stay,Low,Standard engagement,Offer contract migration incentive,Not targeted,Not target,25-48 months,Stayed
8650-RHRKE,Male,0,No,No,4,No,No phone service,DSL,No,No,Yes,No,No,No,Month-to-month,Yes,Electronic check,29.65,118.5,1,0.6219942608823694,Predicted churn,Very high,Priority outreach + personalized retention offer,Offer contract migration incentive; Promote automatic payment; Offer online security bundle; Provide proactive onboarding outreach,High priority,Target,0-6 months,Churned
7266-GSSJX,Male,0,Yes,Yes,11,Yes,No,No,No internet service,No internet service,No internet service,No internet service,No internet service,No internet service,Month-to-month,Yes,Electronic check,20.45,250.8,0,0.1920150391268678,Predicted stay,Low,Standard engagement,Offer contract migration incentive; Promote automatic payment; Provide proactive onboarding outreach,Not targeted,Not target,7-12 months,Stayed
1265-HVPZB,Male,0,Yes,No,59,Yes,No,DSL,Yes,Yes,Yes,No,Yes,No,One year,No,Credit card (automatic),66.4,3958.2,0,0.0250444103942978,Predicted stay,Low,Standard engagement,,Not targeted,Not target,45-72 months,Stayed
9640-ZSLDC,Female,0,Yes,Yes,53,Yes,No,DSL,No,No,Yes,No,No,Yes,One year,No,Credit card (automatic),60.6,3297.0,0,0.0320884754466137,Predicted stay,Low,Standard engagement,Offer online security bundle,Not targeted,Not target,45-72 months,Stayed
0988-JRWWP,Female,0,No,No,3,Yes,No,DSL,No,No,No,No,Yes,No,Month-to-month,Yes,Electronic check,54.2,140.4,0,0.5609638745982864,Predicted churn,High,Targeted retention campaign,Offer contract migration incentive; Promote automatic payment; Offer online security bundle; Provide proactive onboarding outreach,Standard priority,Target,0-6 months,Stayed
1926-QUZNN,Female,0,Yes,No,72,Yes,Yes,No,No internet service,No internet service,No internet service,No internet service,No internet service,No internet service,Two year,Yes,Bank transfer (automatic),25.25,1841.2,0,0.0040430646815649,Predicted stay,Low,Standard engagement,,Not targeted,Not target,45-72 months,Stayed
9025-ZRPVR,Male,0,No,No,9,Yes,No,No,No internet service,No internet service,No internet service,No internet service,No internet service,No internet service,Month-to-month,Yes,Mailed check,18.95,185.6,1,0.2040730923039253,Predicted stay,Moderate,Preventative engagement,Offer contract migration incentive; Provide proactive onboarding outreach,Not targeted,Not target,7-12 months,Churned
6527-PZFPV,Male,0,Yes,Yes,24,Yes,No,No,No internet service,No internet service,No internet service,No internet service,No internet service,No internet service,One year,Yes,Credit card (automatic),20.8,469.65,0,0.039322402043025,Predicted stay,Low,Standard engagement,,Not targeted,Not target,13-24 months,Stayed
7460-ITWWP,Female,1,Yes,No,45,Yes,No,Fiber optic,No,No,Yes,No,No,Yes,Month-to-month,Yes,Electronic check,86.1,3861.45,0,0.4414784164878499,Predicted churn,High,Targeted retention campaign,Offer contract migration incentive; Promote automatic payment; Offer online security bundle,Standard priority,Target,25-48 months,Stayed
1530-ZTDOZ,Female,0,Yes,No,49,No,No phone service,DSL,Yes,No,No,No,Yes,No,Month-to-month,No,Bank transfer (automatic),40.65,2070.75,0,0.0856520168649137,Predicted stay,Low,Standard engagement,Offer contract migration incentive,Not targeted,Not target,45-72 months,Stayed
4785-FCIFB,Female,0,Yes,No,61,Yes,Yes,No,No internet service,No internet service,No internet service,No internet service,No internet service,No internet service,Two year,No,Mailed check,24.4,1417.9,0,0.0050935774887172,Predicted stay,Low,Standard engagement,,Not targeted,Not target,45-72 months,Stayed
9717-QEBGU,Male,0,No,No,2,Yes,No,Fiber optic,No,No,No,No,No,No,Month-to-month,Yes,Electronic check,70.3,144.0,0,0.6961886332708862,Predicted churn,Very high,Priority outreach + personalized retention offer,Offer contract migration incentive; Promote automatic payment; Offer online security bundle; Provide proactive onboarding outreach,High priority,Target,0-6 months,Stayed
0876-WDUUZ,Female,0,No,No,5,Yes,No,Fiber optic,No,No,No,Yes,No,Yes,Month-to-month,Yes,Credit card (automatic),85.4,425.9,1,0.5357556173429874,Predicted churn,High,Targeted retention campaign,Offer contract migration incentive; Offer online security bundle; Provide proactive onboarding outreach,Standard priority,Target,0-6 months,Churned
7881-EVUAD,Female,0,No,No,2,No,No phone service,DSL,Yes,Yes,No,No,No,Yes,Month-to-month,Yes,Electronic check,42.6,72.4,1,0.5857325692917682,Predicted churn,High,Targeted retention campaign,Offer contract migration incentive; Promote automatic payment; Provide proactive onboarding outreach,Standard priority,Target,0-6 months,Churned
4002-BQWPQ,Male,0,No,No,25,Yes,Yes,DSL,Yes,Yes,Yes,Yes,No,Yes,Month-to-month,No,Bank transfer (automatic),81.75,2028.8,0,0.1110742587001584,Predicted stay,Low,Standard engagement,Offer contract migration incentive,Not targeted,Not target,25-48 months,Stayed
6377-WHAOX,Female,0,Yes,No,60,Yes,Yes,Fiber optic,No,Yes,Yes,No,Yes,Yes,Month-to-month,Yes,Electronic check,106.15,6411.25,0,0.445354733154459,Predicted churn,High,Targeted retention campaign,Offer contract migration incentive; Promote automatic payment; Offer online security bundle,Standard priority,Target,45-72 months,Stayed
5027-YOCXN,Male,0,Yes,Yes,51,Yes,Yes,Fiber optic,Yes,Yes,No,Yes,Yes,Yes,One year,No,Credit card (automatic),110.05,5686.4,0,0.091369069552513,Predicted stay,Low,Standard engagement,,Not targeted,Not target,45-72 months,Stayed
8450-JOVAH,Male,0,Yes,Yes,2,Yes,Yes,DSL,Yes,No,No,No,No,No,Month-to-month,No,Mailed check,56.7,113.55,1,0.2527041182969533,Predicted stay,Moderate,Preventative engagement,Offer contract migration incentive; Provide proactive onboarding outreach,Not targeted,Not target,0-6 months,Churned
6646-QVXLR,Male,1,Yes,No,62,Yes,Yes,Fiber optic,No,Yes,Yes,No,Yes,Yes,One year,Yes,Electronic check,103.75,6383.35,1,0.3293851440758254,Predicted stay,Moderate,Preventative engagement,Promote automatic payment; Offer online security bundle,Not targeted,Not target,45-72 months,Churned
0254-KCJGT,Male,0,Yes,No,52,Yes,Yes,DSL,Yes,Yes,Yes,Yes,No,Yes,One year,Yes,Credit card (automatic),81.4,4354.45,0,0.0381904053127851,Predicted stay,Low,Standard engagement,,Not targeted,Not target,45-72 months,Stayed
3442-ZHHCC,Male,0,No,No,68,Yes,Yes,DSL,Yes,Yes,Yes,No,No,Yes,One year,Yes,Credit card (automatic),76.9,5023.0,0,0.0272044161179662,Predicted stay,Low,Standard engagement,,Not targeted,Not target,45-72 months,Stayed
9167-APMXZ,Female,0,No,No,22,Yes,Yes,Fiber optic,No,No,No,No,Yes,No,Month-to-month,Yes,Bank transfer (automatic),84.15,1821.95,0,0.5891543540600241,Predicted churn,High,Targeted retention campaign,Offer contract migration incentive; Offer online security bundle,Standard priority,Target,13-24 months,Stayed
0616-ATFGB,Male,1,Yes,No,1,No,No phone service,DSL,No,No,No,No,No,No,Month-to-month,No,Electronic check,25.05,25.05,1,0.610312021602192,Predicted churn,Very high,Priority outreach + personalized retention offer,Offer contract migration incentive; Promote automatic payment; Offer online security bundle; Provide proactive onboarding outreach,High priority,Target,0-6 months,Churned
7273-TEFQD,Male,1,No,No,3,No,No phone service,DSL,No,No,Yes,No,No,Yes,Month-to-month,Yes,Electronic check,41.15,132.2,1,0.6947960467058429,Predicted churn,Very high,Priority outreach + personalized retention offer,Offer contract migration incentive; Promote automatic payment; Offer online security bundle; Provide proactive onboarding outreach,High priority,Target,0-6 months,Churned
8245-UMPYT,Female,1,No,No,16,Yes,Yes,Fiber optic,No,No,No,No,Yes,Yes,Month-to-month,Yes,Electronic check,96.4,1581.2,1,0.7727282670581449,Predicted churn,Very high,Priority outreach + personalized retention offer,Offer contract migration incentive; Promote automatic payment; Offer online security bundle,High priority,Target,13-24 months,Churned
6022-UGGSO,Female,1,No,No,32,Yes,No,Fiber optic,No,Yes,No,No,No,No,Month-to-month,Yes,Electronic check,74.4,2276.95,1,0.4450860778267729,Predicted churn,High,Targeted retention campaign,Offer contract migration incentive; Promote automatic payment; Offer online security bundle,Standard priority,Target,25-48 months,Churned
6292-TOSSS,Male,0,No,No,50,Yes,Yes,No,No internet service,No internet service,No internet service,No internet service,No internet service,No internet service,Two year,No,Bank transfer (automatic),24.9,1195.25,0,0.0077096577338067,Predicted stay,Low,Standard engagement,,Not targeted,Not target,45-72 months,Stayed
5207-PLSTK,Male,0,Yes,Yes,1,Yes,No,DSL,Yes,No,No,No,No,No,Month-to-month,Yes,Mailed check,48.75,48.75,0,0.3147483630257667,Predicted stay,Moderate,Preventative engagement,Offer contract migration incentive; Provide proactive onboarding outreach,Not targeted,Not target,0-6 months,Stayed
3908-BLSYF,Female,0,No,No,6,Yes,No,Fiber optic,No,No,Yes,No,No,Yes,Month-to-month,No,Electronic check,83.9,497.55,1,0.6397940747234508,Predicted churn,Very high,Priority outreach + personalized retention offer,Offer contract migration incentive; Promote automatic payment; Offer online security bundle; Provide proactive onboarding outreach,High priority,Target,0-6 months,Churned
4317-VTEOA,Male,0,No,No,1,Yes,No,DSL,No,Yes,No,No,No,No,Month-to-month,Yes,Electronic check,50.75,50.75,1,0.4632213456008421,Predicted churn,High,Targeted retention campaign,Offer contract migration incentive; Promote automatic payment; Offer online security bundle; Provide proactive onboarding outreach,Standard priority,Target,0-6 months,Churned
0625-AFOHS,Female,0,Yes,Yes,29,Yes,No,No,No internet service,No internet service,No internet service,No internet service,No internet service,No internet service,Two year,No,Mailed check,20.2,558.8,0,0.0125675500897797,Predicted stay,Low,Standard engagement,,Not targeted,Not target,25-48 months,Stayed
4667-OHGKG,Male,0,No,No,1,Yes,No,No,No internet service,No internet service,No internet service,No internet service,No internet service,No internet service,Month-to-month,Yes,Mailed check,19.3,19.3,1,0.2682678500822817,Predicted stay,Moderate,Preventative engagement,Offer contract migration incentive; Provide proactive onboarding outreach,Not targeted,Not target,0-6 months,Churned
2386-OWURY,Female,0,No,No,58,Yes,No,Fiber optic,No,No,No,Yes,Yes,Yes,Month-to-month,Yes,Electronic check,95.3,5817.7,0,0.3404597335739879,Predicted stay,Moderate,Preventative engagement,Offer contract migration incentive; Promote automatic payment; Offer online security bundle,Not targeted,Not target,45-72 months,Stayed
3780-DDGSE,Male,1,Yes,Yes,35,Yes,No,DSL,No,Yes,No,Yes,Yes,Yes,Month-to-month,Yes,Electronic check,76.05,2747.2,0,0.2173249537873222,Predicted stay,Moderate,Preventative engagement,Offer contract migration incentive; Promote automatic payment; Offer online security bundle,Not targeted,Not target,25-48 months,Stayed
1047-RNXZV,Male,0,No,No,43,Yes,No,No,No internet service,No internet service,No internet service,No internet service,No internet service,No internet service,Two year,No,Mailed check,19.55,876.15,0,0.0085321118549156,Predicted stay,Low,Standard engagement,,Not targeted,Not target,25-48 months,Stayed
3926-YZVVX,Female,0,No,No,41,Yes,No,DSL,No,No,No,Yes,No,No,One year,No,Bank transfer (automatic),50.05,2029.05,0,0.0329709617216159,Predicted stay,Low,Standard engagement,Offer online security bundle,Not targeted,Not target,25-48 months,Stayed
4742-TXUEX,Female,0,Yes,Yes,47,Yes,No,No,No internet service,No internet service,No internet service,No internet service,No internet service,No internet service,Two year,No,Bank transfer (automatic),19.3,890.5,0,0.0052284967961136,Predicted stay,Low,Standard engagement,,Not targeted,Not target,25-48 months,Stayed
8709-KRDVL,Female,0,No,No,33,Yes,Yes,Fiber optic,No,Yes,No,No,Yes,Yes,Month-to-month,Yes,Electronic check,100.0,3320.6,0,0.6275554554628956,Predicted churn,Very high,Priority outreach + personalized retention offer,Offer contract migration incentive; Promote automatic payment; Offer online security bundle,High priority,Target,25-48 months,Stayed
0397-ZXWQF,Male,0,No,No,67,Yes,No,No,No internet service,No internet service,No internet service,No internet service,No internet service,No internet service,Two year,No,Bank transfer (automatic),20.5,1430.95,0,0.002435757030395,Predicted stay,Low,Standard engagement,,Not targeted,Not target,45-72 months,Stayed
3910-MRQOY,Female,0,Yes,No,72,Yes,No,No,No internet service,No internet service,No internet service,No internet service,No internet service,No internet service,Two year,No,Bank transfer (automatic),19.4,1496.45,0,0.0020365364302387,Predicted stay,Low,Standard engagement,,Not targeted,Not target,45-72 months,Stayed
2511-MORQY,Male,0,Yes,Yes,50,Yes,Yes,DSL,No,No,Yes,No,No,No,One year,No,Bank transfer (automatic),54.9,2614.1,0,0.0369034465737302,Predicted stay,Low,Standard engagement,Offer online security bundle,Not targeted,Not target,45-72 months,Stayed
4039-PIMHX,Male,1,Yes,No,49,Yes,No,DSL,No,Yes,No,No,No,No,Two year,No,Mailed check,49.8,2398.4,0,0.0196545180320459,Predicted stay,Low,Standard engagement,Offer online security bundle,Not targeted,Not target,45-72 months,Stayed
8083-YTZES,Male,0,No,No,4,Yes,Yes,Fiber optic,No,No,No,No,No,No,Month-to-month,Yes,Electronic check,74.35,265.35,1,0.7498638947321671,Predicted churn,Very high,Priority outreach + personalized retention offer,Offer contract migration incentive; Promote automatic payment; Offer online security bundle; Provide proactive onboarding outreach,High priority,Target,0-6 months,Churned
1346-PJWTK,Male,0,Yes,No,61,Yes,No,Fiber optic,No,Yes,Yes,Yes,No,Yes,Month-to-month,No,Credit card (automatic),94.15,5731.85,0,0.1243128173240039,Predicted stay,Low,Standard engagement,Offer contract migration incentive; Offer online security bundle,Not targeted,Not target,45-72 months,Stayed
3750-YHRYO,Male,0,Yes,Yes,7,Yes,No,No,No internet service,No internet service,No internet service,No internet service,No internet service,No internet service,One year,No,Mailed check,20.65,150.0,0,0.0665574634642394,Predicted stay,Low,Standard engagement,Provide proactive onboarding outreach,Not targeted,Not target,7-12 months,Stayed
1236-WFCDV,Male,1,No,No,14,Yes,No,Fiber optic,No,No,No,No,Yes,Yes,Month-to-month,No,Credit card (automatic),90.45,1266.1,1,0.5661621468929972,Predicted churn,High,Targeted retention campaign,Offer contract migration incentive; Offer online security bundle,Standard priority,Target,13-24 months,Churned
5949-HGVJL,Female,0,Yes,No,26,Yes,No,DSL,No,Yes,No,Yes,Yes,Yes,Month-to-month,Yes,Electronic check,73.05,1959.5,0,0.3183200796789012,Predicted stay,Moderate,Preventative engagement,Offer contract migration incentive; Promote automatic payment; Offer online security bundle,Not targeted,Not target,25-48 months,Stayed
9112-WSNPU,Female,1,No,No,35,Yes,No,Fiber optic,No,No,No,No,No,No,Month-to-month,No,Electronic check,70.55,2419.0,0,0.3545218082389713,Predicted churn,High,Targeted retention campaign,Offer contract migration incentive; Promote automatic payment; Offer online security bundle,Standard priority,Target,25-48 months,Stayed
1360-JYXKQ,Female,1,Yes,No,54,Yes,No,Fiber optic,No,No,Yes,Yes,Yes,Yes,One year,Yes,Electronic check,99.1,5437.1,0,0.2599661804982516,Predicted stay,Moderate,Preventative engagement,Promote automatic payment; Offer online security bundle,Not targeted,Not target,45-72 months,Stayed
3585-ISXZP,Female,0,No,No,8,Yes,Yes,Fiber optic,No,No,No,No,Yes,Yes,Month-to-month,No,Bank transfer (automatic),95.65,778.1,1,0.6430010586796021,Predicted churn,Very high,Priority outreach + personalized retention offer,Offer contract migration incentive; Offer online security bundle; Provide proactive onboarding outreach,High priority,Target,7-12 months,Churned
8380-PEFPE,Male,0,No,Yes,1,Yes,No,Fiber optic,No,No,No,No,No,No,Month-to-month,Yes,Electronic check,71.65,71.65,1,0.6353455651293644,Predicted churn,Very high,Priority outreach + personalized retention offer,Offer contract migration incentive; Promote automatic payment; Offer online security bundle; Provide proactive onboarding outreach,High priority,Target,0-6 months,Churned
9402-ROUMJ,Female,0,Yes,Yes,67,Yes,Yes,Fiber optic,Yes,No,Yes,Yes,No,Yes,One year,Yes,Bank transfer (automatic),100.25,6689.0,0,0.069008702441941,Predicted stay,Low,Standard engagement,,Not targeted,Not target,45-72 months,Stayed
4335-UPJSI,Female,0,No,Yes,24,Yes,No,No,No internet service,No internet service,No internet service,No internet service,No internet service,No internet service,Two year,No,Mailed check,19.75,498.1,0,0.0161623687714148,Predicted stay,Low,Standard engagement,,Not targeted,Not target,13-24 months,Stayed
6096-EGVTU,Female,0,Yes,Yes,64,Yes,Yes,No,No internet service,No internet service,No internet service,No internet service,No internet service,No internet service,One year,No,Mailed check,24.9,1595.5,0,0.00689550680366,Predicted stay,Low,Standard engagement,,Not targeted,Not target,45-72 months,Stayed
8988-ECPJR,Female,1,Yes,Yes,34,Yes,Yes,Fiber optic,No,Yes,No,No,No,No,Month-to-month,Yes,Mailed check,79.6,2718.3,1,0.3877804251980422,Predicted churn,High,Targeted retention campaign,Offer contract migration incentive; Offer online security bundle,Standard priority,Target,25-48 months,Churned
7677-SJJJK,Male,0,Yes,Yes,8,Yes,No,No,No internet service,No internet service,No internet service,No internet service,No internet service,No internet service,One year,No,Credit card (automatic),19.9,153.95,0,0.0602789904641076,Predicted stay,Low,Standard engagement,Provide proactive onboarding outreach,Not targeted,Not target,7-12 months,Stayed
5850-BDWCY,Female,0,No,No,6,Yes,No,No,No internet service,No internet service,No internet service,No internet service,No internet service,No internet service,Month-to-month,No,Mailed check,20.2,123.65,0,0.155939341055317,Predicted stay,Low,Standard engagement,Offer contract migration incentive; Provide proactive onboarding outreach,Not targeted,Not target,0-6 months,Stayed
2025-JKFWI,Male,0,No,No,13,Yes,Yes,Fiber optic,No,No,No,Yes,Yes,Yes,Month-to-month,Yes,Mailed check,99.0,1301.7,1,0.6574151264965014,Predicted churn,Very high,Priority outreach + personalized retention offer,Offer contract migration incentive; Offer online security bundle,High priority,Target,13-24 months,Churned
8028-PNXHQ,Male,0,Yes,Yes,62,Yes,Yes,No,No internet service,No internet service,No internet service,No internet service,No internet service,No internet service,Two year,Yes,Bank transfer (automatic),24.25,1424.6,0,0.0053539517575175,Predicted stay,Low,Standard engagement,,Not targeted,Not target,45-72 months,Stayed
8397-MVTAZ,Male,0,Yes,No,34,Yes,Yes,Fiber optic,No,No,Yes,No,Yes,Yes,Month-to-month,Yes,Electronic check,100.05,3480.0,1,0.6659034168052309,Predicted churn,Very high,Priority outreach + personalized retention offer,Offer contract migration incentive; Promote automatic payment; Offer online security bundle,High priority,Target,25-48 months,Churned
4445-ZJNMU,Male,0,No,No,9,Yes,Yes,Fiber optic,No,Yes,No,No,Yes,Yes,Month-to-month,Yes,Credit card (automatic),99.3,918.75,0,0.6978913038882403,Predicted churn,Very high,Priority outreach + personalized retention offer,Offer contract migration incentive; Offer online security bundle; Provide proactive onboarding outreach,High priority,Target,7-12 months,Stayed
3125-RAHBV,Male,0,No,No,22,Yes,No,No,No internet service,No internet service,No internet service,No internet service,No internet service,No internet service,One year,No,Credit card (automatic),20.3,467.15,0,0.0381762490678178,Predicted stay,Low,Standard engagement,,Not targeted,Not target,13-24 months,Stayed
6682-QJDGB,Male,0,No,Yes,40,Yes,No,DSL,Yes,Yes,No,No,No,No,Month-to-month,Yes,Mailed check,55.25,2139.2,1,0.0687292532304855,Predicted stay,Low,Standard engagement,Offer contract migration incentive,Not targeted,Not target,25-48 months,Churned
8840-DQLGN,Female,1,Yes,No,35,Yes,Yes,Fiber optic,Yes,Yes,No,Yes,Yes,No,Month-to-month,Yes,Bank transfer (automatic),100.5,3653.35,1,0.3163979038086234,Predicted stay,Moderate,Preventative engagement,Offer contract migration incentive,Not targeted,Not target,25-48 months,Churned
6258-NGCNG,Male,0,No,No,7,Yes,Yes,No,No internet service,No internet service,No internet service,No internet service,No internet service,No internet service,Month-to-month,No,Mailed check,23.5,173.0,0,0.2113827512589061,Predicted stay,Moderate,Preventative engagement,Offer contract migration incentive; Provide proactive onboarding outreach,Not targeted,Not target,7-12 months,Stayed
5917-RYRMG,Male,1,No,No,32,Yes,No,No,No internet service,No internet service,No internet service,No internet service,No internet service,No internet service,One year,No,Credit card (automatic),19.8,587.7,0,0.0280304619588905,Predicted stay,Low,Standard engagement,,Not targeted,Not target,25-48 months,Stayed
7157-SMCFK,Male,0,No,Yes,61,Yes,No,No,No internet service,No internet service,No internet service,No internet service,No internet service,No internet service,Two year,No,Mailed check,19.75,1124.2,0,0.0027940238373304,Predicted stay,Low,Standard engagement,,Not targeted,Not target,45-72 months,Stayed
0816-TSPHQ,Male,0,No,No,2,Yes,No,No,No internet service,No internet service,No internet service,No internet service,No internet service,No internet service,Month-to-month,No,Mailed check,20.75,44.2,0,0.1808913487026815,Predicted stay,Low,Standard engagement,Offer contract migration incentive; Provide proactive onboarding outreach,Not targeted,Not target,0-6 months,Stayed
6766-HFKLA,Female,0,Yes,No,56,Yes,Yes,Fiber optic,No,No,Yes,Yes,Yes,Yes,Two year,No,Bank transfer (automatic),103.2,5744.35,0,0.0903644992487147,Predicted stay,Low,Standard engagement,Offer online security bundle,Not targeted,Not target,45-72 months,Stayed
7067-KSAZT,Female,1,Yes,No,65,Yes,Yes,Fiber optic,No,Yes,Yes,No,Yes,Yes,One year,Yes,Electronic check,106.25,6979.8,1,0.2896103561565495,Predicted stay,Moderate,Preventative engagement,Promote automatic payment; Offer online security bundle,Not targeted,Not target,45-72 months,Churned
5155-AZQPB,Female,0,Yes,Yes,28,Yes,Yes,DSL,No,No,No,No,No,No,Month-to-month,No,Mailed check,49.9,1410.25,0,0.1665272492533007,Predicted stay,Low,Standard engagement,Offer contract migration incentive; Offer online security bundle,Not targeted,Not target,25-48 months,Stayed
6890-PFRQX,Male,0,No,No,18,Yes,Yes,DSL,Yes,No,Yes,No,Yes,No,Month-to-month,No,Mailed check,69.5,1199.4,0,0.2418140916490806,Predicted stay,Moderate,Preventative engagement,Offer contract migration incentive,Not targeted,Not target,13-24 months,Stayed
3508-VLHCZ,Female,0,Yes,Yes,71,Yes,Yes,DSL,Yes,Yes,Yes,Yes,Yes,Yes,Two year,Yes,Credit card (automatic),90.55,6239.05,0,0.0120680501746393,Predicted stay,Low,Standard engagement,,Not targeted,Not target,45-72 months,Stayed
3649-JPUGY,Male,0,No,No,72,Yes,Yes,DSL,No,Yes,Yes,Yes,Yes,Yes,Two year,Yes,Bank transfer (automatic),88.6,6201.95,0,0.0183410919265964,Predicted stay,Low,Standard engagement,Offer online security bundle,Not targeted,Not target,45-72 months,Stayed
9248-OJYKK,Male,1,No,No,1,Yes,Yes,Fiber optic,No,No,No,No,No,No,Month-to-month,Yes,Electronic check,76.45,76.45,1,0.7725902567707543,Predicted churn,Very high,Priority outreach + personalized retention offer,Offer contract migration incentive; Promote automatic payment; Offer online security bundle; Provide proactive onboarding outreach,High priority,Target,0-6 months,Churned
7239-HZZCX,Male,0,No,No,1,Yes,No,No,No internet service,No internet service,No internet service,No internet service,No internet service,No internet service,Month-to-month,No,Mailed check,19.75,19.75,1,0.1975912456796779,Predicted stay,Low,Standard engagement,Offer contract migration incentive; Provide proactive onboarding outreach,Not targeted,Not target,0-6 months,Churned
9860-LISIZ,Female,0,No,No,34,Yes,No,No,No internet service,No internet service,No internet service,No internet service,No internet service,No internet service,Month-to-month,No,Mailed check,20.35,673.2,0,0.0458998712457685,Predicted stay,Low,Standard engagement,Offer contract migration incentive,Not targeted,Not target,25-48 months,Stayed
6979-ZNSFF,Female,0,No,No,8,Yes,Yes,Fiber optic,No,No,No,No,Yes,No,Month-to-month,Yes,Electronic check,87.05,762.1,1,0.7382093556878652,Predicted churn,Very high,Priority outreach + personalized retention offer,Offer contract migration incentive; Promote automatic payment; Offer online security bundle; Provide proactive onboarding outreach,High priority,Target,7-12 months,Churned
8938-UMKPI,Female,0,No,No,47,Yes,Yes,Fiber optic,No,Yes,Yes,No,Yes,Yes,Month-to-month,Yes,Electronic check,106.4,5127.95,1,0.5265679055127208,Predicted churn,High,Targeted retention campaign,Offer contract migration incentive; Promote automatic payment; Offer online security bundle,Standard priority,Target,25-48 months,Churned
1820-DJFPH,Female,0,Yes,Yes,72,Yes,Yes,No,No internet service,No internet service,No internet service,No internet service,No internet service,No internet service,Two year,Yes,Bank transfer (automatic),24.05,1709.15,0,0.0033707981135602,Predicted stay,Low,Standard engagement,,Not targeted,Not target,45-72 months,Stayed
0732-OCQOC,Female,0,Yes,Yes,52,Yes,Yes,No,No internet service,No internet service,No internet service,No internet service,No internet service,No internet service,Two year,Yes,Bank transfer (automatic),25.05,1270.25,0,0.0080913294983488,Predicted stay,Low,Standard engagement,,Not targeted,Not target,45-72 months,Stayed
6776-TLWOI,Male,0,No,No,3,Yes,No,No,No internet service,No internet service,No internet service,No internet service,No internet service,No internet service,Month-to-month,No,Mailed check,19.85,64.55,1,0.1821710996313709,Predicted stay,Low,Standard engagement,Offer contract migration incentive; Provide proactive onboarding outreach,Not targeted,Not target,0-6 months,Churned
4940-KHCWD,Female,0,Yes,No,60,No,No phone service,DSL,Yes,Yes,No,Yes,No,No,Two year,No,Bank transfer (automatic),37.7,2288.7,0,0.0077280345951677,Predicted stay,Low,Standard engagement,,Not targeted,Not target,45-72 months,Stayed
9057-SIHCH,Female,0,No,No,3,Yes,Yes,Fiber optic,No,No,No,No,Yes,Yes,Month-to-month,Yes,Electronic check,96.6,291.9,1,0.8063525018664357,Predicted churn,Very high,Priority outreach + personalized retention offer,Offer contract migration incentive; Promote automatic payment; Offer online security bundle; Provide proactive onboarding outreach,High priority,Target,0-6 months,Churned
9866-QEVEE,Male,0,No,No,19,Yes,Yes,Fiber optic,No,No,No,No,No,Yes,Month-to-month,Yes,Bank transfer (automatic),86.0,1532.45,1,0.5875091973535849,Predicted churn,High,Targeted retention campaign,Offer contract migration incentive; Offer online security bundle,Standard priority,Target,13-24 months,Churned
5542-TBBWB,Male,0,No,No,1,Yes,No,Fiber optic,No,No,No,No,No,No,Month-to-month,Yes,Electronic check,69.9,69.9,0,0.7085222745130798,Predicted churn,Very high,Priority outreach + personalized retention offer,Offer contract migration incentive; Promote automatic payment; Offer online security bundle; Provide proactive onboarding outreach,High priority,Target,0-6 months,Stayed
4587-VVTOX,Female,0,Yes,No,6,Yes,Yes,Fiber optic,No,Yes,Yes,No,Yes,Yes,Month-to-month,Yes,Electronic check,105.3,545.2,1,0.769249491101353,Predicted churn,Very high,Priority outreach + personalized retention offer,Offer contract migration incentive; Promote automatic payment; Offer online security bundle; Provide proactive onboarding outreach,High priority,Target,0-6 months,Churned
6322-HRPFA,Male,0,Yes,Yes,49,Yes,No,DSL,Yes,Yes,No,Yes,No,No,Month-to-month,No,Credit card (automatic),59.6,2970.3,0,0.0251565304323191,Predicted stay,Low,Standard engagement,Offer contract migration incentive,Not targeted,Not target,45-72 months,Stayed
6284-AHOOQ,Male,1,No,No,22,Yes,Yes,Fiber optic,No,No,No,Yes,Yes,No,Month-to-month,Yes,Bank transfer (automatic),90.5,1910.6,1,0.5225250714615378,Predicted churn,High,Targeted retention campaign,Offer contract migration incentive; Offer online security bundle,Standard priority,Target,13-24 months,Churned
4530-NDRKU,Female,0,Yes,Yes,42,Yes,No,No,No internet service,No internet service,No internet service,No internet service,No internet service,No internet service,One year,Yes,Electronic check,19.05,761.85,0,0.0273266293888544,Predicted stay,Low,Standard engagement,Promote automatic payment,Not targeted,Not target,25-48 months,Stayed
1751-NCDLI,Male,1,Yes,No,46,Yes,Yes,Fiber optic,No,No,Yes,No,Yes,Yes,Month-to-month,Yes,Electronic check,98.85,4564.9,0,0.6343087015110058,Predicted churn,Very high,Priority outreach + personalized retention offer,Offer contract migration incentive; Promote automatic payment; Offer online security bundle,High priority,Target,25-48 months,Stayed
3893-JRNFS,Male,0,No,No,68,No,No phone service,DSL,No,No,Yes,No,No,Yes,Month-to-month,Yes,Bank transfer (automatic),39.9,2796.35,0,0.0843657722756326,Predicted stay,Low,Standard engagement,Offer contract migration incentive; Offer online security bundle,Not targeted,Not target,45-72 months,Stayed
5857-XRECV,Female,0,No,Yes,2,Yes,No,No,No internet service,No internet service,No internet service,No internet service,No internet service,No internet service,One year,No,Bank transfer (automatic),20.5,38.25,0,0.0747862039234161,Predicted stay,Low,Standard engagement,Provide proactive onboarding outreach,Not targeted,Not target,0-6 months,Stayed
3115-CZMZD,Male,0,No,Yes,0,Yes,No,No,No internet service,No internet service,No internet service,No internet service,No internet service,No internet service,Two year,No,Mailed check,20.25,0.0,0,0.0483674429313879,Predicted stay,Low,Standard engagement,Provide proactive onboarding outreach,Not targeted,Not target,0-6 months,Stayed
4489-SNOJF,Female,0,Yes,Yes,35,Yes,Yes,DSL,Yes,No,Yes,Yes,Yes,No,Month-to-month,No,Electronic check,72.25,2568.55,1,0.1364278466748612,Predicted stay,Low,Standard engagement,Offer contract migration incentive; Promote automatic payment,Not targeted,Not target,25-48 months,Churned
1051-GEJLJ,Female,0,No,No,2,Yes,No,No,No internet service,No internet service,No internet service,No internet service,No internet service,No internet service,Month-to-month,No,Mailed check,19.5,27.55,0,0.1886793167061109,Predicted stay,Low,Standard engagement,Offer contract migration incentive; Provide proactive onboarding outreach,Not targeted,Not target,0-6 months,Stayed
3563-SVYLG,Male,0,Yes,Yes,68,Yes,No,DSL,Yes,Yes,Yes,Yes,No,No,Two year,No,Credit card (automatic),62.65,4375.8,0,0.0036923102098633,Predicted stay,Low,Standard engagement,,Not targeted,Not target,45-72 months,Stayed
4301-VVZKA,Male,0,Yes,No,16,Yes,Yes,Fiber optic,No,No,No,No,No,No,Month-to-month,Yes,Electronic check,75.4,1189.4,0,0.6577801550819028,Predicted churn,Very high,Priority outreach + personalized retention offer,Offer contract migration incentive; Promote automatic payment; Offer online security bundle,High priority,Target,13-24 months,Stayed
9351-HXDMR,Male,0,Yes,No,72,Yes,Yes,Fiber optic,Yes,No,Yes,Yes,Yes,Yes,Two year,Yes,Credit card (automatic),110.9,8240.85,0,0.0599209855517306,Predicted stay,Low,Standard engagement,,Not targeted,Not target,45-72 months,Stayed
5161-XEUVX,Male,0,Yes,No,37,Yes,Yes,Fiber optic,No,No,Yes,Yes,Yes,No,Two year,No,Mailed check,94.3,3460.95,0,0.1121526048558347,Predicted stay,Low,Standard engagement,Offer online security bundle,Not targeted,Not target,25-48 months,Stayed
3088-FVYWK,Male,0,Yes,Yes,53,Yes,Yes,No,No internet service,No internet service,No internet service,No internet service,No internet service,No internet service,Two year,No,Credit card (automatic),25.55,1336.1,0,0.0052261473370343,Predicted stay,Low,Standard engagement,,Not targeted,Not target,45-72 months,Stayed
9812-GHVRI,Female,0,No,No,40,Yes,Yes,Fiber optic,No,No,No,No,No,Yes,Month-to-month,No,Bank transfer (automatic),83.85,3532.25,0,0.3756790715543122,Predicted churn,High,Targeted retention campaign,Offer contract migration incentive; Offer online security bundle,Standard priority,Target,25-48 months,Stayed
1370-GGAWX,Female,0,No,No,46,Yes,Yes,Fiber optic,No,Yes,Yes,No,No,Yes,One year,Yes,Electronic check,94.15,4408.45,0,0.3114978677610054,Predicted stay,Moderate,Preventative engagement,Promote automatic payment; Offer online security bundle,Not targeted,Not target,25-48 months,Stayed
6023-YEBUP,Male,0,No,No,3,Yes,Yes,Fiber optic,No,No,Yes,No,Yes,Yes,Month-to-month,Yes,Electronic check,100.95,329.95,1,0.8106229953535181,Predicted churn,Very high,Priority outreach + personalized retention offer,Offer contract migration incentive; Promote automatic payment; Offer online security bundle; Provide proactive onboarding outreach,High priority,Target,0-6 months,Churned
9940-RHLFB,Female,0,No,No,1,Yes,No,Fiber optic,No,No,Yes,No,No,No,Month-to-month,No,Electronic check,75.3,75.3,1,0.6053617019521458,Predicted churn,Very high,Priority outreach + personalized retention offer,Offer contract migration incentive; Promote automatic payment; Offer online security bundle; Provide proactive onboarding outreach,High priority,Target,0-6 months,Churned
4541-RMRLG,Male,0,No,No,7,Yes,No,No,No internet service,No internet service,No internet service,No internet service,No internet service,No internet service,Month-to-month,No,Electronic check,19.25,112.3,1,0.2053948334657952,Predicted stay,Moderate,Preventative engagement,Offer contract migration incentive; Promote automatic payment; Provide proactive onboarding outreach,Not targeted,Not target,7-12 months,Churned
2606-RMDHZ,Male,0,No,No,6,No,No phone service,DSL,No,Yes,No,No,No,No,Month-to-month,Yes,Credit card (automatic),30.5,208.7,1,0.452812961138291,Predicted churn,High,Targeted retention campaign,Offer contract migration incentive; Offer online security bundle; Provide proactive onboarding outreach,Standard priority,Target,0-6 months,Churned
5575-TPIZQ,Male,0,No,No,46,Yes,Yes,Fiber optic,Yes,No,No,No,Yes,No,Month-to-month,Yes,Credit card (automatic),89.15,4245.55,0,0.326442023779499,Predicted stay,Moderate,Preventative engagement,Offer contract migration incentive,Not targeted,Not target,25-48 months,Stayed
9378-FXTIZ,Female,0,Yes,No,54,Yes,Yes,DSL,No,No,No,No,Yes,Yes,One year,Yes,Credit card (automatic),70.15,3715.65,1,0.1008580511295129,Predicted stay,Low,Standard engagement,Offer online security bundle,Not targeted,Not target,45-72 months,Churned
4631-OACRM,Male,1,No,No,15,Yes,No,Fiber optic,No,No,No,No,No,Yes,Month-to-month,Yes,Electronic check,79.4,1156.1,1,0.6936242210816205,Predicted churn,Very high,Priority outreach + personalized retention offer,Offer contract migration incentive; Promote automatic payment; Offer online security bundle,High priority,Target,13-24 months,Churned
8593-WHYHV,Male,0,No,No,3,Yes,Yes,Fiber optic,No,No,No,No,No,Yes,Month-to-month,Yes,Electronic check,85.3,264.8,1,0.7871172435800315,Predicted churn,Very high,Priority outreach + personalized retention offer,Offer contract migration incentive; Promote automatic payment; Offer online security bundle; Provide proactive onboarding outreach,High priority,Target,0-6 months,Churned
1403-GYAFU,Male,0,Yes,Yes,70,Yes,No,No,No internet service,No internet service,No internet service,No internet service,No internet service,No internet service,Two year,No,Credit card (automatic),20.05,1360.25,0,0.001674057956296,Predicted stay,Low,Standard engagement,,Not targeted,Not target,45-72 months,Stayed
7641-TQFHN,Male,0,No,Yes,39,Yes,Yes,Fiber optic,No,No,No,Yes,Yes,Yes,Two year,No,Mailed check,100.55,3895.35,0,0.1064851079078638,Predicted stay,Low,Standard engagement,Offer online security bundle,Not targeted,Not target,25-48 months,Stayed
4237-CLSMM,Male,0,Yes,No,2,Yes,No,No,No internet service,No internet service,No internet service,No internet service,No internet service,No internet service,Month-to-month,No,Mailed check,20.0,38.0,0,0.1908929045111726,Predicted stay,Low,Standard engagement,Offer contract migration incentive; Provide proactive onboarding outreach,Not targeted,Not target,0-6 months,Stayed
4360-PNRQB,Male,0,No,No,18,Yes,Yes,Fiber optic,No,No,No,No,No,No,Month-to-month,Yes,Bank transfer (automatic),75.6,1395.05,0,0.5449485627911076,Predicted churn,High,Targeted retention campaign,Offer contract migration incentive; Offer online security bundle,Standard priority,Target,13-24 months,Stayed
5334-AFQJB,Male,1,No,No,72,Yes,Yes,No,No internet service,No internet service,No internet service,No internet service,No internet service,No internet service,Two year,Yes,Credit card (automatic),25.1,1789.9,0,0.0045496724483087,Predicted stay,Low,Standard engagement,,Not targeted,Not target,45-72 months,Stayed
9308-ANMVE,Male,0,No,Yes,47,Yes,No,DSL,Yes,Yes,No,No,No,No,Month-to-month,Yes,Electronic check,55.3,2654.05,0,0.0731806346987122,Predicted stay,Low,Standard engagement,Offer contract migration incentive; Promote automatic payment,Not targeted,Not target,25-48 months,Stayed
3530-VWVGU,Female,0,Yes,Yes,22,Yes,No,No,No internet service,No internet service,No internet service,No internet service,No internet service,No internet service,Month-to-month,No,Mailed check,19.9,400.3,0,0.06621445895771,Predicted stay,Low,Standard engagement,Offer contract migration incentive,Not targeted,Not target,13-24 months,Stayed
4674-HGNUA,Male,0,Yes,Yes,71,Yes,Yes,DSL,Yes,Yes,Yes,Yes,Yes,Yes,Two year,No,Credit card (automatic),89.9,6457.15,0,0.0093993474267097,Predicted stay,Low,Standard engagement,,Not targeted,Not target,45-72 months,Stayed
3030-YDNRM,Male,0,No,No,8,Yes,Yes,Fiber optic,No,No,No,No,No,No,Month-to-month,Yes,Electronic check,74.85,572.45,0,0.717721347883594,Predicted churn,Very high,Priority outreach + personalized retention offer,Offer contract migration incentive; Promote automatic payment; Offer online security bundle; Provide proactive onboarding outreach,High priority,Target,7-12 months,Stayed
3642-BYHDO,Female,0,Yes,Yes,71,Yes,No,No,No internet service,No internet service,No internet service,No internet service,No internet service,No internet service,Two year,No,Bank transfer (automatic),19.9,1389.35,0,0.0016192843608624,Predicted stay,Low,Standard engagement,,Not targeted,Not target,45-72 months,Stayed
0440-UEDAI,Female,0,No,No,53,Yes,No,Fiber optic,No,Yes,Yes,Yes,No,Yes,One year,Yes,Credit card (automatic),94.45,5042.75,0,0.1098449808827694,Predicted stay,Low,Standard engagement,Offer online security bundle,Not targeted,Not target,45-72 months,Stayed
9819-FBNSV,Male,1,Yes,No,37,Yes,No,Fiber optic,No,No,No,No,No,No,Month-to-month,Yes,Bank transfer (automatic),72.25,2575.45,0,0.3220343833668744,Predicted stay,Moderate,Preventative engagement,Offer contract migration incentive; Offer online security bundle,Not targeted,Not target,25-48 months,Stayed
9289-LBQVU,Male,0,Yes,No,64,Yes,Yes,DSL,No,Yes,No,Yes,No,Yes,One year,Yes,Mailed check,70.15,4480.7,0,0.0400857168436296,Predicted stay,Low,Standard engagement,Offer online security bundle,Not targeted,Not target,45-72 months,Stayed
4468-YDOVK,Male,0,No,Yes,5,Yes,No,DSL,No,No,No,Yes,No,No,Month-to-month,Yes,Bank transfer (automatic),48.65,235.2,0,0.2725589444117745,Predicted stay,Moderate,Preventative engagement,Offer contract migration incentive; Offer online security bundle; Provide proactive onboarding outreach,Not targeted,Not target,0-6 months,Stayed
2001-EWBQU,Female,0,No,No,60,Yes,Yes,Fiber optic,No,Yes,Yes,No,Yes,Yes,Two year,No,Electronic check,104.7,6333.8,0,0.1290374970271049,Predicted stay,Low,Standard engagement,Promote automatic payment; Offer online security bundle,Not targeted,Not target,45-72 months,Stayed
9992-UJOEL,Male,0,No,No,2,Yes,No,DSL,No,Yes,No,No,No,No,Month-to-month,Yes,Mailed check,50.3,92.75,0,0.3842909540958744,Predicted churn,High,Targeted retention campaign,Offer contract migration incentive; Offer online security bundle; Provide proactive onboarding outreach,Standard priority,Target,0-6 months,Stayed
8409-WQJUX,Female,0,No,No,25,No,No phone service,DSL,No,No,Yes,Yes,Yes,Yes,One year,No,Electronic check,54.2,1423.15,0,0.2166861679816923,Predicted stay,Moderate,Preventative engagement,Promote automatic payment; Offer online security bundle,Not targeted,Not target,25-48 months,Stayed
3077-RSNTJ,Female,0,Yes,Yes,6,Yes,No,No,No internet service,No internet service,No internet service,No internet service,No internet service,No internet service,Month-to-month,No,Mailed check,19.7,113.5,0,0.1342959180908474,Predicted stay,Low,Standard engagement,Offer contract migration incentive; Provide proactive onboarding outreach,Not targeted,Not target,0-6 months,Stayed
6993-YCOBK,Male,0,Yes,Yes,60,Yes,Yes,Fiber optic,Yes,No,Yes,Yes,Yes,Yes,Two year,Yes,Electronic check,110.6,6586.85,0,0.0885886026045589,Predicted stay,Low,Standard engagement,Promote automatic payment,Not targeted,Not target,45-72 months,Stayed
4817-VYYWS,Female,0,No,No,30,Yes,Yes,Fiber optic,No,Yes,No,No,Yes,Yes,Month-to-month,Yes,Electronic check,100.2,2983.8,1,0.6416806968803691,Predicted churn,Very high,Priority outreach + personalized retention offer,Offer contract migration incentive; Promote automatic payment; Offer online security bundle,High priority,Target,25-48 months,Churned
4702-HDRKD,Male,0,No,No,67,No,No phone service,DSL,Yes,No,Yes,Yes,Yes,No,One year,Yes,Bank transfer (automatic),49.35,3321.35,0,0.0249256558096229,Predicted stay,Low,Standard engagement,,Not targeted,Not target,45-72 months,Stayed
3251-YMVWZ,Male,0,No,No,53,Yes,Yes,No,No internet service,No internet service,No internet service,No internet service,No internet service,No internet service,One year,No,Bank transfer (automatic),24.05,1301.9,0,0.0138959047407184,Predicted stay,Low,Standard engagement,,Not targeted,Not target,45-72 months,Stayed
4190-MFLUW,Female,0,Yes,Yes,10,Yes,No,DSL,No,No,Yes,Yes,No,No,Month-to-month,No,Credit card (automatic),55.2,528.35,1,0.153331920327519,Predicted stay,Low,Standard engagement,Offer contract migration incentive; Offer online security bundle; Provide proactive onboarding outreach,Not targeted,Not target,7-12 months,Churned
4678-DVQEO,Female,0,No,No,1,Yes,No,DSL,No,No,No,Yes,No,No,Month-to-month,Yes,Electronic check,52.2,52.2,1,0.3893018396548492,Predicted churn,High,Targeted retention campaign,Offer contract migration incentive; Promote automatic payment; Offer online security bundle; Provide proactive onboarding outreach,Standard priority,Target,0-6 months,Churned
4701-AHWMW,Male,0,Yes,No,55,No,No phone service,DSL,No,No,Yes,Yes,Yes,Yes,Month-to-month,Yes,Bank transfer (automatic),54.55,2978.3,1,0.1452382737626453,Predicted stay,Low,Standard engagement,Offer contract migration incentive; Offer online security bundle,Not targeted,Not target,45-72 months,Churned
2987-BJXIK,Female,0,No,No,70,Yes,Yes,DSL,Yes,Yes,Yes,No,Yes,Yes,Two year,No,Mailed check,84.7,5991.05,0,0.0171022833295019,Predicted stay,Low,Standard engagement,,Not targeted,Not target,45-72 months,Stayed
1730-VFMWO,Female,0,Yes,No,34,Yes,No,DSL,No,No,No,Yes,No,No,Month-to-month,No,Bank transfer (automatic),50.2,1815.3,0,0.086625330677733,Predicted stay,Low,Standard engagement,Offer contract migration incentive; Offer online security bundle,Not targeted,Not target,25-48 months,Stayed
1936-UAFEH,Female,0,No,No,68,Yes,Yes,Fiber optic,Yes,Yes,No,Yes,Yes,Yes,Two year,No,Credit card (automatic),110.25,7279.35,0,0.0356778595999139,Predicted stay,Low,Standard engagement,,Not targeted,Not target,45-72 months,Stayed
5140-FOMCQ,Female,0,Yes,No,59,Yes,Yes,Fiber optic,Yes,Yes,Yes,No,Yes,Yes,One year,Yes,Credit card (automatic),109.15,6557.75,0,0.1765715046347103,Predicted stay,Low,Standard engagement,,Not targeted,Not target,45-72 months,Stayed
8778-LMWTJ,Female,0,No,No,9,Yes,No,Fiber optic,Yes,No,No,No,No,No,Month-to-month,Yes,Electronic check,74.85,708.2,0,0.5452080257652065,Predicted churn,High,Targeted retention campaign,Offer contract migration incentive; Promote automatic payment; Provide proactive onboarding outreach,Standard priority,Target,7-12 months,Stayed
9840-DVNDC,Male,0,No,No,6,Yes,No,Fiber optic,No,No,No,No,Yes,No,Month-to-month,Yes,Credit card (automatic),80.5,463.05,1,0.6202478990390399,Predicted churn,Very high,Priority outreach + personalized retention offer,Offer contract migration incentive; Offer online security bundle; Provide proactive onboarding outreach,High priority,Target,0-6 months,Churned
8033-VCZGH,Male,0,Yes,No,50,Yes,Yes,Fiber optic,Yes,No,Yes,No,Yes,Yes,One year,Yes,Electronic check,103.95,5231.3,0,0.3169069118356076,Predicted stay,Moderate,Preventative engagement,Promote automatic payment,Not targeted,Not target,45-72 months,Stayed
8580-QVLOC,Female,1,Yes,Yes,72,Yes,Yes,DSL,Yes,Yes,Yes,Yes,Yes,Yes,Two year,No,Credit card (automatic),92.45,6440.25,1,0.0085761249320247,Predicted stay,Low,Standard engagement,,Not targeted,Not target,45-72 months,Churned
6128-AQBMT,Male,1,Yes,No,41,No,No phone service,DSL,No,Yes,Yes,No,Yes,Yes,Month-to-month,Yes,Electronic check,53.95,2215.4,0,0.3853123084125747,Predicted churn,High,Targeted retention campaign,Offer contract migration incentive; Promote automatic payment; Offer online security bundle,Standard priority,Target,25-48 months,Stayed
6257-RJOHI,Male,0,No,No,4,Yes,No,DSL,No,No,No,Yes,No,No,Month-to-month,Yes,Mailed check,50.8,202.3,0,0.316257522048518,Predicted stay,Moderate,Preventative engagement,Offer contract migration incentive; Offer online security bundle; Provide proactive onboarding outreach,Not targeted,Not target,0-6 months,Stayed
1929-ZCBHE,Male,0,Yes,Yes,47,No,No phone service,DSL,Yes,No,Yes,Yes,No,No,One year,No,Electronic check,40.3,1794.8,0,0.0305112058387685,Predicted stay,Low,Standard engagement,Promote automatic payment,Not targeted,Not target,25-48 months,Stayed
6242-SGYTS,Male,0,Yes,Yes,62,Yes,Yes,Fiber optic,Yes,Yes,No,No,Yes,No,One year,Yes,Credit card (automatic),94.95,5791.85,0,0.089979060436938,Predicted stay,Low,Standard engagement,,Not targeted,Not target,45-72 months,Stayed
7010-ZMVBF,Female,0,Yes,Yes,18,Yes,No,No,No internet service,No internet service,No internet service,No internet service,No internet service,No internet service,Month-to-month,No,Mailed check,20.45,357.0,0,0.0772050821879727,Predicted stay,Low,Standard engagement,Offer contract migration incentive,Not targeted,Not target,13-24 months,Stayed
3519-ZKXGG,Female,0,Yes,No,3,Yes,Yes,Fiber optic,No,No,No,No,No,No,Month-to-month,Yes,Electronic check,75.85,256.6,1,0.7414479963888444,Predicted churn,Very high,Priority outreach + personalized retention offer,Offer contract migration incentive; Promote automatic payment; Offer online security bundle; Provide proactive onboarding outreach,High priority,Target,0-6 months,Churned
5666-MBJPT,Male,0,No,No,65,Yes,Yes,No,No internet service,No internet service,No internet service,No internet service,No internet service,No internet service,Two year,Yes,Bank transfer (automatic),25.1,1725.0,0,0.0057274852686374,Predicted stay,Low,Standard engagement,,Not targeted,Not target,45-72 months,Stayed
3313-QKNKB,Male,0,Yes,No,59,Yes,Yes,Fiber optic,No,No,No,No,No,Yes,One year,No,Electronic check,85.55,5084.65,1,0.1835919122944625,Predicted stay,Low,Standard engagement,Promote automatic payment; Offer online security bundle,Not targeted,Not target,45-72 months,Churned
7581-EBBOU,Female,0,No,No,60,Yes,No,DSL,No,Yes,Yes,Yes,Yes,No,One year,Yes,Credit card (automatic),70.15,4224.7,0,0.0292127056966456,Predicted stay,Low,Standard engagement,Offer online security bundle,Not targeted,Not target,45-72 months,Stayed
1784-BXEFA,Female,0,No,No,10,Yes,No,No,No internet service,No internet service,No internet service,No internet service,No internet service,No internet service,Month-to-month,Yes,Mailed check,20.55,187.35,0,0.1772384952676101,Predicted stay,Low,Standard engagement,Offer contract migration incentive; Provide proactive onboarding outreach,Not targeted,Not target,7-12 months,Stayed
7492-TAFJD,Male,0,Yes,Yes,7,No,No phone service,DSL,Yes,Yes,Yes,No,No,No,Two year,No,Mailed check,38.55,280.0,0,0.0819125560791009,Predicted stay,Low,Standard engagement,Provide proactive onboarding outreach,Not targeted,Not target,7-12 months,Stayed
5213-TWWJU,Male,0,No,No,28,Yes,No,Fiber optic,No,No,Yes,Yes,No,Yes,Month-to-month,No,Electronic check,91.0,2626.15,0,0.3694846705682432,Predicted churn,High,Targeted retention campaign,Offer contract migration incentive; Promote automatic payment; Offer online security bundle,Standard priority,Target,25-48 months,Stayed
3312-ZWLGF,Male,1,Yes,No,29,Yes,Yes,Fiber optic,No,No,No,Yes,No,No,Month-to-month,Yes,Electronic check,79.3,2414.55,0,0.5286494285969058,Predicted churn,High,Targeted retention campaign,Offer contract migration incentive; Promote automatic payment; Offer online security bundle,Standard priority,Target,25-48 months,Stayed
2923-ARZLG,Male,0,Yes,Yes,0,Yes,No,No,No internet service,No internet service,No internet service,No internet service,No internet service,No internet service,One year,Yes,Mailed check,19.7,0.0,0,0.1323160648977606,Predicted stay,Low,Standard engagement,Provide proactive onboarding outreach,Not targeted,Not target,0-6 months,Stayed
7032-LMBHI,Female,0,No,No,37,Yes,Yes,DSL,Yes,No,No,No,Yes,No,One year,No,Bank transfer (automatic),64.65,2347.85,0,0.068214878307508,Predicted stay,Low,Standard engagement,,Not targeted,Not target,25-48 months,Stayed
8292-ITGYJ,Female,0,Yes,Yes,45,Yes,Yes,No,No internet service,No internet service,No internet service,No internet service,No internet service,No internet service,Two year,Yes,Bank transfer (automatic),24.65,1138.8,0,0.0115626731134346,Predicted stay,Low,Standard engagement,,Not targeted,Not target,25-48 months,Stayed
9107-UKCKY,Male,0,Yes,No,61,Yes,Yes,DSL,No,Yes,Yes,No,Yes,Yes,One year,Yes,Electronic check,79.8,4914.8,0,0.1160438392547046,Predicted stay,Low,Standard engagement,Promote automatic payment; Offer online security bundle,Not targeted,Not target,45-72 months,Stayed
6848-HJTXY,Female,0,Yes,No,64,Yes,No,No,No internet service,No internet service,No internet service,No internet service,No internet service,No internet service,Two year,No,Credit card (automatic),19.45,1208.6,0,0.0028053230755836,Predicted stay,Low,Standard engagement,,Not targeted,Not target,45-72 months,Stayed
4184-VODJZ,Male,0,Yes,Yes,63,Yes,Yes,Fiber optic,No,Yes,No,No,No,Yes,One year,Yes,Electronic check,91.35,5764.7,0,0.1649825522098655,Predicted stay,Low,Standard engagement,Promote automatic payment; Offer online security bundle,Not targeted,Not target,45-72 months,Stayed
4846-WHAFZ,Female,1,Yes,No,37,Yes,Yes,Fiber optic,No,No,No,No,No,No,Month-to-month,Yes,Electronic check,76.5,2868.15,1,0.5060193668570606,Predicted churn,High,Targeted retention campaign,Offer contract migration incentive; Promote automatic payment; Offer online security bundle,Standard priority,Target,25-48 months,Churned
8735-SDUFN,Female,1,Yes,No,72,Yes,Yes,No,No internet service,No internet service,No internet service,No internet service,No internet service,No internet service,Two year,No,Bank transfer (automatic),24.3,1778.7,0,0.0033764898910509,Predicted stay,Low,Standard engagement,,Not targeted,Not target,45-72 months,Stayed
0839-JTCUD,Female,0,Yes,Yes,66,Yes,Yes,DSL,Yes,Yes,Yes,Yes,Yes,Yes,Two year,No,Credit card (automatic),89.9,5958.85,0,0.0105437824391738,Predicted stay,Low,Standard engagement,,Not targeted,Not target,45-72 months,Stayed
6857-VWJDT,Female,0,No,No,1,Yes,Yes,Fiber optic,No,No,No,No,Yes,Yes,Month-to-month,No,Mailed check,95.65,95.65,1,0.7030359186774563,Predicted churn,Very high,Priority outreach + personalized retention offer,Offer contract migration incentive; Offer online security bundle; Provide proactive onboarding outreach,High priority,Target,0-6 months,Churned
7363-QTBIW,Female,0,Yes,No,9,Yes,No,Fiber optic,No,No,No,No,No,Yes,Month-to-month,Yes,Electronic check,79.75,769.1,0,0.7041577564114633,Predicted churn,Very high,Priority outreach + personalized retention offer,Offer contract migration incentive; Promote automatic payment; Offer online security bundle; Provide proactive onboarding outreach,High priority,Target,7-12 months,Stayed
6158-HDPXZ,Male,0,No,No,1,No,No phone service,DSL,No,No,No,No,No,No,Month-to-month,No,Mailed check,25.35,25.35,0,0.4883887467770622,Predicted churn,High,Targeted retention campaign,Offer contract migration incentive; Offer online security bundle; Provide proactive onboarding outreach,Standard priority,Target,0-6 months,Stayed
5419-CONWX,Female,1,No,No,4,Yes,No,Fiber optic,No,Yes,Yes,No,Yes,Yes,Month-to-month,Yes,Credit card (automatic),99.8,442.85,1,0.6779784587008323,Predicted churn,Very high,Priority outreach + personalized retention offer,Offer contract migration incentive; Offer online security bundle; Provide proactive onboarding outreach,High priority,Target,0-6 months,Churned
9286-DOJGF,Female,1,Yes,No,38,Yes,Yes,Fiber optic,No,No,No,No,No,No,Month-to-month,Yes,Bank transfer (automatic),74.95,2869.85,1,0.4212717239444496,Predicted churn,High,Targeted retention campaign,Offer contract migration incentive; Offer online security bundle,Standard priority,Target,25-48 months,Churned
2408-PSJVE,Male,0,Yes,Yes,44,Yes,No,DSL,No,Yes,Yes,Yes,No,No,Month-to-month,Yes,Mailed check,61.9,2924.05,0,0.0632236935621478,Predicted stay,Low,Standard engagement,Offer contract migration incentive; Offer online security bundle,Not targeted,Not target,25-48 months,Stayed
2087-QAREY,Female,0,Yes,No,22,Yes,No,DSL,No,Yes,Yes,No,No,No,Month-to-month,Yes,Mailed check,54.7,1178.75,0,0.2209462039424114,Predicted stay,Moderate,Preventative engagement,Offer contract migration incentive; Offer online security bundle,Not targeted,Not target,13-24 months,Stayed
6777-TGHTM,Female,0,No,No,53,Yes,Yes,Fiber optic,Yes,No,Yes,No,Yes,Yes,One year,Yes,Credit card (automatic),106.95,5785.5,1,0.1934281436390916,Predicted stay,Low,Standard engagement,,Not targeted,Not target,45-72 months,Churned
6507-ZJSUR,Male,1,Yes,No,23,Yes,No,Fiber optic,No,No,No,No,Yes,Yes,Month-to-month,Yes,Electronic check,90.45,2117.25,0,0.6916427761454652,Predicted churn,Very high,Priority outreach + personalized retention offer,Offer contract migration incentive; Promote automatic payment; Offer online security bundle,High priority,Target,13-24 months,Stayed
5025-GOOKI,Female,0,No,No,20,Yes,No,No,No internet service,No internet service,No internet service,No internet service,No internet service,No internet service,Month-to-month,Yes,Credit card (automatic),18.9,347.65,0,0.1171824957504039,Predicted stay,Low,Standard engagement,Offer contract migration incentive,Not targeted,Not target,13-24 months,Stayed
6080-LNESI,Male,0,No,No,51,Yes,Yes,No,No internet service,No internet service,No internet service,No internet service,No internet service,No internet service,Two year,No,Mailed check,24.75,1234.6,0,0.0080436345305206,Predicted stay,Low,Standard engagement,,Not targeted,Not target,45-72 months,Stayed
2236-HILPA,Male,0,Yes,Yes,62,Yes,No,No,No internet service,No internet service,No internet service,No internet service,No internet service,No internet service,Two year,No,Credit card (automatic),20.65,1218.45,0,0.0023695642265857,Predicted stay,Low,Standard engagement,,Not targeted,Not target,45-72 months,Stayed
1386-ZIKUV,Male,0,No,No,7,Yes,No,No,No internet service,No internet service,No internet service,No internet service,No internet service,No internet service,Month-to-month,Yes,Mailed check,18.95,130.55,0,0.2193339288100423,Predicted stay,Moderate,Preventative engagement,Offer contract migration incentive; Provide proactive onboarding outreach,Not targeted,Not target,7-12 months,Stayed
3365-SAIGS,Female,0,No,No,17,Yes,No,Fiber optic,No,Yes,No,No,Yes,No,Month-to-month,Yes,Electronic check,83.55,1329.15,0,0.6115762122366171,Predicted churn,Very high,Priority outreach + personalized retention offer,Offer contract migration incentive; Promote automatic payment; Offer online security bundle,High priority,Target,13-24 months,Stayed
6061-GWWAV,Male,0,No,Yes,41,Yes,No,DSL,Yes,Yes,Yes,No,Yes,No,One year,No,Mailed check,70.2,2894.55,0,0.0334928082149634,Predicted stay,Low,Standard engagement,,Not targeted,Not target,25-48 months,Stayed
9979-RGMZT,Female,0,No,No,7,Yes,No,Fiber optic,No,Yes,No,No,Yes,Yes,One year,Yes,Mailed check,94.05,633.45,0,0.4961188854213997,Predicted churn,High,Targeted retention campaign,Offer online security bundle; Provide proactive onboarding outreach,Standard priority,Target,7-12 months,Stayed
8445-DNBAE,Male,0,No,Yes,1,Yes,Yes,DSL,No,No,No,No,No,No,Month-to-month,Yes,Electronic check,50.05,50.05,0,0.5353129667561014,Predicted churn,High,Targeted retention campaign,Offer contract migration incentive; Promote automatic payment; Offer online security bundle; Provide proactive onboarding outreach,Standard priority,Target,0-6 months,Stayed
6872-HXFNF,Female,0,Yes,No,64,Yes,Yes,DSL,No,No,Yes,Yes,No,No,One year,No,Bank transfer (automatic),58.35,3756.45,0,0.0221102112496063,Predicted stay,Low,Standard engagement,Offer online security bundle,Not targeted,Not target,45-72 months,Stayed
1320-HTRDR,Female,0,No,No,3,Yes,Yes,Fiber optic,No,No,No,No,No,No,Month-to-month,Yes,Electronic check,75.5,220.6,1,0.7398992916300767,Predicted churn,Very high,Priority outreach + personalized retention offer,Offer contract migration incentive; Promote automatic payment; Offer online security bundle; Provide proactive onboarding outreach,High priority,Target,0-6 months,Churned
3923-CSIHK,Female,1,Yes,No,50,Yes,No,Fiber optic,No,No,No,No,No,No,Month-to-month,Yes,Electronic check,71.05,3444.85,1,0.3161030124033397,Predicted stay,Moderate,Preventative engagement,Offer contract migration incentive; Promote automatic payment; Offer online security bundle,Not targeted,Not target,45-72 months,Churned
2446-ZKVAF,Male,0,Yes,No,18,Yes,Yes,DSL,No,Yes,No,No,No,No,Month-to-month,No,Credit card (automatic),56.8,1074.65,0,0.2097051016308388,Predicted stay,Moderate,Preventative engagement,Offer contract migration incentive; Offer online security bundle,Not targeted,Not target,13-24 months,Stayed
4640-UHDOS,Female,0,Yes,Yes,13,Yes,No,DSL,No,No,No,No,No,Yes,Month-to-month,No,Electronic check,55.95,734.35,1,0.3071116072565568,Predicted stay,Moderate,Preventative engagement,Offer contract migration incentive; Promote automatic payment; Offer online security bundle,Not targeted,Not target,13-24 months,Churned
5457-COLHT,Male,0,Yes,Yes,69,Yes,No,DSL,Yes,Yes,No,Yes,Yes,Yes,Two year,No,Bank transfer (automatic),80.65,5542.55,0,0.006409227207124,Predicted stay,Low,Standard engagement,,Not targeted,Not target,45-72 months,Stayed
2254-DLXRI,Female,0,No,No,1,Yes,Yes,Fiber optic,No,Yes,No,No,No,No,Month-to-month,Yes,Mailed check,79.15,79.15,0,0.6690988294748047,Predicted churn,Very high,Priority outreach + personalized retention offer,Offer contract migration incentive; Offer online security bundle; Provide proactive onboarding outreach,High priority,Target,0-6 months,Stayed
5339-PXDVH,Male,0,No,No,4,Yes,Yes,Fiber optic,Yes,No,No,No,Yes,No,Month-to-month,No,Electronic check,90.65,367.95,0,0.6132078954668189,Predicted churn,Very high,Priority outreach + personalized retention offer,Offer contract migration incentive; Promote automatic payment; Provide proactive onboarding outreach,High priority,Target,0-6 months,Stayed
2386-LAHRK,Male,0,No,No,1,Yes,No,DSL,No,No,No,No,Yes,No,Month-to-month,Yes,Mailed check,53.5,53.5,1,0.5210803410932143,Predicted churn,High,Targeted retention campaign,Offer contract migration incentive; Offer online security bundle; Provide proactive onboarding outreach,Standard priority,Target,0-6 months,Churned
5062-CJJKH,Male,0,Yes,Yes,25,Yes,No,DSL,No,Yes,Yes,No,No,No,One year,No,Mailed check,53.65,1355.45,0,0.0706285896762277,Predicted stay,Low,Standard engagement,Offer online security bundle,Not targeted,Not target,25-48 months,Stayed
8930-XOTDP,Female,0,Yes,Yes,18,Yes,No,DSL,No,No,No,No,Yes,No,Month-to-month,No,Mailed check,55.95,1082.8,0,0.2140558778408189,Predicted stay,Moderate,Preventative engagement,Offer contract migration incentive; Offer online security bundle,Not targeted,Not target,13-24 months,Stayed
4779-ZGICK,Male,0,Yes,Yes,48,Yes,Yes,No,No internet service,No internet service,No internet service,No internet service,No internet service,No internet service,Two year,No,Mailed check,23.55,1173.35,0,0.0081565215003382,Predicted stay,Low,Standard engagement,,Not targeted,Not target,25-48 months,Stayed
9534-NSXEM,Male,0,No,No,26,Yes,No,No,No internet service,No internet service,No internet service,No internet service,No internet service,No internet service,One year,Yes,Credit card (automatic),20.65,595.5,0,0.0449247060586964,Predicted stay,Low,Standard engagement,,Not targeted,Not target,25-48 months,Stayed
3716-BDVDB,Male,0,No,No,1,Yes,No,Fiber optic,No,No,No,No,No,No,Month-to-month,Yes,Electronic check,69.1,69.1,1,0.7186814992872447,Predicted churn,Very high,Priority outreach + personalized retention offer,Offer contract migration incentive; Promote automatic payment; Offer online security bundle; Provide proactive onboarding outreach,High priority,Target,0-6 months,Churned
9842-EFSYY,Female,0,No,Yes,4,No,No phone service,DSL,Yes,Yes,Yes,No,Yes,Yes,Month-to-month,Yes,Mailed check,57.2,223.75,0,0.4851083888565247,Predicted churn,High,Targeted retention campaign,Offer contract migration incentive; Provide proactive onboarding outreach,Standard priority,Target,0-6 months,Stayed
9122-UMROB,Male,0,No,No,1,Yes,No,No,No internet service,No internet service,No internet service,No internet service,No internet service,No internet service,Month-to-month,No,Mailed check,20.3,20.3,0,0.1922283717291348,Predicted stay,Low,Standard engagement,Offer contract migration incentive; Provide proactive onboarding outreach,Not targeted,Not target,0-6 months,Stayed
1867-BDVFH,Male,0,Yes,Yes,11,Yes,Yes,Fiber optic,No,No,No,No,No,No,Month-to-month,Yes,Electronic check,74.35,834.2,1,0.6612242595898763,Predicted churn,Very high,Priority outreach + personalized retention offer,Offer contract migration incentive; Promote automatic payment; Offer online security bundle; Provide proactive onboarding outreach,High priority,Target,7-12 months,Churned
5949-EBSQK,Male,0,Yes,Yes,4,Yes,No,DSL,No,No,No,Yes,No,Yes,Month-to-month,No,Credit card (automatic),61.45,229.55,1,0.2205326936011408,Predicted stay,Moderate,Preventative engagement,Offer contract migration incentive; Offer online security bundle; Provide proactive onboarding outreach,Not targeted,Not target,0-6 months,Churned
4160-AMJTL,Female,1,No,No,8,Yes,No,No,No internet service,No internet service,No internet service,No internet service,No internet service,No internet service,Month-to-month,No,Electronic check,19.65,164.3,1,0.2151829776118738,Predicted stay,Moderate,Preventative engagement,Offer contract migration incentive; Promote automatic payment; Provide proactive onboarding outreach,Not targeted,Not target,7-12 months,Churned
8622-ZLFKO,Female,0,Yes,No,6,Yes,Yes,Fiber optic,No,Yes,No,No,No,Yes,Month-to-month,Yes,Electronic check,90.75,512.25,0,0.7304884105989543,Predicted churn,Very high,Priority outreach + personalized retention offer,Offer contract migration incentive; Promote automatic payment; Offer online security bundle; Provide proactive onboarding outreach,High priority,Target,0-6 months,Stayed
2990-IAJSV,Male,0,No,No,72,Yes,Yes,DSL,Yes,Yes,Yes,Yes,Yes,Yes,Two year,No,Bank transfer (automatic),92.0,6632.75,0,0.010260834861591,Predicted stay,Low,Standard engagement,,Not targeted,Not target,45-72 months,Stayed
6064-ZATLR,Female,0,No,No,27,Yes,No,DSL,Yes,Yes,No,No,No,No,Two year,No,Bank transfer (automatic),52.85,1498.65,0,0.0279983352487867,Predicted stay,Low,Standard engagement,,Not targeted,Not target,25-48 months,Stayed
7409-KIUTL,Female,1,No,Yes,1,Yes,No,Fiber optic,No,No,No,No,No,No,Month-to-month,Yes,Electronic check,71.0,71.0,1,0.6724113720061097,Predicted churn,Very high,Priority outreach + personalized retention offer,Offer contract migration incentive; Promote automatic payment; Offer online security bundle; Provide proactive onboarding outreach,High priority,Target,0-6 months,Churned
5505-OVWQW,Female,0,No,No,17,Yes,No,No,No internet service,No internet service,No internet service,No internet service,No internet service,No internet service,One year,No,Mailed check,20.15,353.65,0,0.0519713499088747,Predicted stay,Low,Standard engagement,,Not targeted,Not target,13-24 months,Stayed
3948-KXDUF,Male,0,No,No,66,Yes,Yes,DSL,Yes,Yes,Yes,Yes,No,No,Two year,No,Bank transfer (automatic),68.75,4447.55,0,0.0064915734887365,Predicted stay,Low,Standard engagement,,Not targeted,Not target,45-72 months,Stayed
9814-AOUDH,Male,0,No,No,53,Yes,No,No,No internet service,No internet service,No internet service,No internet service,No internet service,No internet service,Two year,No,Credit card (automatic),19.5,1050.5,0,0.0047926569504887,Predicted stay,Low,Standard engagement,,Not targeted,Not target,45-72 months,Stayed
7398-LXGYX,Male,0,Yes,No,44,Yes,Yes,Fiber optic,Yes,No,Yes,No,No,No,Month-to-month,Yes,Credit card (automatic),84.8,3626.35,0,0.2584511333821945,Predicted stay,Moderate,Preventative engagement,Offer contract migration incentive,Not targeted,Not target,25-48 months,Stayed
5266-PFRQK,Male,0,Yes,Yes,52,Yes,No,No,No internet service,No internet service,No internet service,No internet service,No internet service,No internet service,One year,Yes,Credit card (automatic),20.85,1071.6,0,0.0107504282766293,Predicted stay,Low,Standard engagement,,Not targeted,Not target,45-72 months,Stayed
1568-BEKZM,Male,1,Yes,No,70,Yes,Yes,DSL,Yes,Yes,Yes,Yes,Yes,Yes,Two year,No,Credit card (automatic),90.05,6333.4,0,0.0137132131070318,Predicted stay,Low,Standard engagement,,Not targeted,Not target,45-72 months,Stayed
2692-PFYTJ,Female,0,No,No,1,Yes,Yes,No,No internet service,No internet service,No internet service,No internet service,No internet service,No internet service,Month-to-month,Yes,Mailed check,25.75,25.75,0,0.303613713255597,Predicted stay,Moderate,Preventative engagement,Offer contract migration incentive; Provide proactive onboarding outreach,Not targeted,Not target,0-6 months,Stayed
2533-QVMSK,Male,0,Yes,No,61,Yes,Yes,Fiber optic,No,Yes,No,Yes,Yes,No,Two year,Yes,Electronic check,94.1,5638.3,1,0.0967191313429191,Predicted stay,Low,Standard engagement,Promote automatic payment; Offer online security bundle,Not targeted,Not target,45-72 months,Churned
5828-AVIPD,Male,0,Yes,Yes,19,Yes,Yes,Fiber optic,No,No,No,Yes,Yes,Yes,One year,Yes,Electronic check,100.95,1875.55,1,0.4423091948549532,Predicted churn,High,Targeted retention campaign,Promote automatic payment; Offer online security bundle,Standard priority,Target,13-24 months,Churned
2907-ILJBN,Female,0,Yes,Yes,11,Yes,No,No,No internet service,No internet service,No internet service,No internet service,No internet service,No internet service,One year,No,Mailed check,20.6,233.9,0,0.0547159679415951,Predicted stay,Low,Standard engagement,Provide proactive onboarding outreach,Not targeted,Not target,7-12 months,Stayed
5226-NOZFC,Male,0,No,No,26,Yes,No,Fiber optic,No,Yes,No,No,Yes,No,Month-to-month,Yes,Electronic check,85.75,2146.5,0,0.5175237550516002,Predicted churn,High,Targeted retention campaign,Offer contract migration incentive; Promote automatic payment; Offer online security bundle,Standard priority,Target,25-48 months,Stayed
7114-AEOZE,Female,0,No,No,60,Yes,No,No,No internet service,No internet service,No internet service,No internet service,No internet service,No internet service,Two year,No,Bank transfer (automatic),19.85,1128.1,0,0.0033212230426948,Predicted stay,Low,Standard engagement,,Not targeted,Not target,45-72 months,Stayed
2202-CUYXZ,Male,0,No,No,1,Yes,No,Fiber optic,No,No,Yes,No,Yes,No,Month-to-month,Yes,Electronic check,84.85,84.85,1,0.7437819476462075,Predicted churn,Very high,Priority outreach + personalized retention offer,Offer contract migration incentive; Promote automatic payment; Offer online security bundle; Provide proactive onboarding outreach,High priority,Target,0-6 months,Churned
3466-RITXD,Male,0,No,No,26,Yes,Yes,Fiber optic,Yes,Yes,No,No,Yes,No,Month-to-month,Yes,Credit card (automatic),92.4,2349.8,0,0.4443732704463431,Predicted churn,High,Targeted retention campaign,Offer contract migration incentive,Standard priority,Target,25-48 months,Stayed
7278-CKDNC,Male,1,No,No,24,Yes,Yes,Fiber optic,No,Yes,No,No,No,No,Month-to-month,Yes,Electronic check,80.5,2088.45,0,0.5965303007597034,Predicted churn,High,Targeted retention campaign,Offer contract migration incentive; Promote automatic payment; Offer online security bundle,Standard priority,Target,13-24 months,Stayed
1956-YIFGE,Male,0,Yes,Yes,22,Yes,No,Fiber optic,No,Yes,Yes,No,Yes,Yes,One year,Yes,Mailed check,100.05,2090.25,0,0.325663459230631,Predicted stay,Moderate,Preventative engagement,Offer online security bundle,Not targeted,Not target,13-24 months,Stayed
0422-UXFAP,Female,0,Yes,No,51,Yes,Yes,Fiber optic,No,No,Yes,No,Yes,Yes,One year,Yes,Electronic check,98.85,4947.55,0,0.3820595606145324,Predicted churn,High,Targeted retention campaign,Promote automatic payment; Offer online security bundle,Standard priority,Target,45-72 months,Stayed
3733-UOCWF,Male,1,Yes,No,61,Yes,Yes,Fiber optic,No,Yes,No,Yes,No,No,One year,Yes,Bank transfer (automatic),85.55,5251.75,0,0.0993935979951599,Predicted stay,Low,Standard engagement,Offer online security bundle,Not targeted,Not target,45-72 months,Stayed
7191-ADRGF,Male,0,Yes,No,44,No,No phone service,DSL,No,Yes,Yes,No,Yes,Yes,Two year,No,Bank transfer (automatic),54.3,2390.45,0,0.0534119873784957,Predicted stay,Low,Standard engagement,Offer online security bundle,Not targeted,Not target,25-48 months,Stayed
5709-LVOEQ,Female,0,Yes,Yes,0,Yes,No,DSL,Yes,Yes,Yes,No,Yes,Yes,Two year,No,Mailed check,80.85,0.0,0,0.0809745960983891,Predicted stay,Low,Standard engagement,Provide proactive onboarding outreach,Not targeted,Not target,0-6 months,Stayed
6034-YMTOB,Female,0,No,No,5,Yes,No,Fiber optic,No,No,No,Yes,No,No,Month-to-month,Yes,Mailed check,75.65,399.45,0,0.5013602991446858,Predicted churn,High,Targeted retention campaign,Offer contract migration incentive; Offer online security bundle; Provide proactive onboarding outreach,Standard priority,Target,0-6 months,Stayed
6372-RFVNS,Female,0,Yes,No,1,Yes,No,Fiber optic,No,No,No,No,Yes,No,Month-to-month,No,Electronic check,78.8,78.8,1,0.6906317595974345,Predicted churn,Very high,Priority outreach + personalized retention offer,Offer contract migration incentive; Promote automatic payment; Offer online security bundle; Provide proactive onboarding outreach,High priority,Target,0-6 months,Churned
9052-DHNKM,Male,0,No,No,26,Yes,Yes,DSL,Yes,Yes,No,No,No,No,One year,No,Electronic check,61.55,1581.95,0,0.0879816178655262,Predicted stay,Low,Standard engagement,Promote automatic payment,Not targeted,Not target,25-48 months,Stayed
5609-IMCGG,Female,0,No,No,15,Yes,Yes,Fiber optic,Yes,No,Yes,No,No,No,Month-to-month,Yes,Credit card (automatic),84.35,1302.65,0,0.4686836821909191,Predicted churn,High,Targeted retention campaign,Offer contract migration incentive,Standard priority,Target,13-24 months,Stayed
2959-MJHIC,Male,0,Yes,No,4,Yes,No,Fiber optic,No,No,No,No,Yes,No,Month-to-month,Yes,Electronic check,80.35,307.4,1,0.7306526832146703,Predicted churn,Very high,Priority outreach + personalized retention offer,Offer contract migration incentive; Promote automatic payment; Offer online security bundle; Provide proactive onboarding outreach,High priority,Target,0-6 months,Churned
1319-YLZJG,Male,0,Yes,No,12,Yes,No,Fiber optic,Yes,Yes,Yes,No,No,No,Month-to-month,Yes,Electronic check,84.6,959.9,0,0.4787916915710521,Predicted churn,High,Targeted retention campaign,Offer contract migration incentive; Promote automatic payment; Provide proactive onboarding outreach,Standard priority,Target,7-12 months,Stayed
7623-TRNQN,Male,0,No,Yes,1,Yes,No,DSL,No,No,No,Yes,No,No,Month-to-month,Yes,Mailed check,49.9,49.9,1,0.3058835238445477,Predicted stay,Moderate,Preventative engagement,Offer contract migration incentive; Offer online security bundle; Provide proactive onboarding outreach,Not targeted,Not target,0-6 months,Churned
0377-JBKKT,Male,0,Yes,Yes,22,Yes,No,DSL,Yes,Yes,No,Yes,No,No,Month-to-month,Yes,Mailed check,57.95,1271.8,0,0.1102562809709157,Predicted stay,Low,Standard engagement,Offer contract migration incentive,Not targeted,Not target,13-24 months,Stayed
1936-CZAKF,Male,0,Yes,No,49,No,No phone service,DSL,No,Yes,No,No,Yes,Yes,Two year,No,Credit card (automatic),49.65,2409.9,0,0.041679963391868,Predicted stay,Low,Standard engagement,Offer online security bundle,Not targeted,Not target,45-72 months,Stayed
5063-IUOKK,Male,0,No,No,13,Yes,No,No,No internet service,No internet service,No internet service,No internet service,No internet service,No internet service,Two year,No,Mailed check,19.75,265.75,0,0.0341707595749917,Predicted stay,Low,Standard engagement,,Not targeted,Not target,13-24 months,Stayed
8646-JCOMS,Female,0,Yes,No,66,Yes,Yes,Fiber optic,No,Yes,Yes,Yes,No,No,One year,Yes,Bank transfer (automatic),90.55,6130.95,0,0.0787925842859201,Predicted stay,Low,Standard engagement,Offer online security bundle,Not targeted,Not target,45-72 months,Stayed
0979-MOZQI,Male,0,Yes,No,62,No,No phone service,DSL,No,No,No,Yes,Yes,No,Two year,Yes,Bank transfer (automatic),39.0,2337.45,0,0.0216769947863238,Predicted stay,Low,Standard engagement,Offer online security bundle,Not targeted,Not target,45-72 months,Stayed
1525-LNLOJ,Male,0,Yes,Yes,66,Yes,Yes,DSL,No,No,Yes,No,Yes,No,Two year,Yes,Bank transfer (automatic),63.3,4189.7,0,0.0241950911223463,Predicted stay,Low,Standard engagement,Offer online security bundle,Not targeted,Not target,45-72 months,Stayed
5759-RCVCB,Female,0,No,No,3,No,No phone service,DSL,No,No,No,No,Yes,No,Month-to-month,No,Credit card (automatic),35.2,108.95,1,0.4927066408040145,Predicted churn,High,Targeted retention campaign,Offer contract migration incentive; Offer online security bundle; Provide proactive onboarding outreach,Standard priority,Target,0-6 months,Churned
9968-FFVVH,Male,0,No,No,63,Yes,Yes,DSL,Yes,Yes,Yes,Yes,No,No,One year,No,Bank transfer (automatic),68.8,4111.35,0,0.0135624836678197,Predicted stay,Low,Standard engagement,,Not targeted,Not target,45-72 months,Stayed
2266-FUBDZ,Male,0,Yes,Yes,15,Yes,No,No,No internet service,No internet service,No internet service,No internet service,No internet service,No internet service,Two year,No,Mailed check,19.35,278.85,0,0.0260319100220723,Predicted stay,Low,Standard engagement,,Not targeted,Not target,13-24 months,Stayed
4760-THGOT,Female,0,Yes,No,43,Yes,Yes,Fiber optic,Yes,Yes,No,No,No,Yes,Month-to-month,Yes,Electronic check,94.1,4107.3,0,0.4079497584714522,Predicted churn,High,Targeted retention campaign,Offer contract migration incentive; Promote automatic payment,Standard priority,Target,25-48 months,Stayed
2307-FYNNL,Male,1,No,No,65,Yes,Yes,Fiber optic,Yes,No,Yes,Yes,Yes,Yes,Two year,Yes,Electronic check,109.05,7108.2,0,0.1173611669970958,Predicted stay,Low,Standard engagement,Promote automatic payment,Not targeted,Not target,45-72 months,Stayed
1143-NMNQJ,Female,0,No,No,2,Yes,Yes,Fiber optic,No,No,No,No,No,Yes,Month-to-month,Yes,Electronic check,85.7,169.8,1,0.7840413535026192,Predicted churn,Very high,Priority outreach + personalized retention offer,Offer contract migration incentive; Promote automatic payment; Offer online security bundle; Provide proactive onboarding outreach,High priority,Target,0-6 months,Churned
1629-DQQVB,Female,0,No,No,14,Yes,No,DSL,Yes,No,No,No,No,No,Month-to-month,No,Bank transfer (automatic),50.1,709.5,0,0.1616908280656376,Predicted stay,Low,Standard engagement,Offer contract migration incentive,Not targeted,Not target,13-24 months,Stayed
3766-EJLFL,Female,0,Yes,Yes,68,Yes,Yes,Fiber optic,Yes,No,Yes,Yes,Yes,Yes,Two year,Yes,Bank transfer (automatic),109.05,7508.55,0,0.0556019761283367,Predicted stay,Low,Standard engagement,,Not targeted,Not target,45-72 months,Stayed
8457-XIGKN,Male,0,No,No,20,Yes,No,No,No internet service,No internet service,No internet service,No internet service,No internet service,No internet service,Month-to-month,Yes,Credit card (automatic),19.6,356.15,0,0.1151867669092367,Predicted stay,Low,Standard engagement,Offer contract migration incentive,Not targeted,Not target,13-24 months,Stayed
4981-FLTMF,Female,0,Yes,Yes,57,Yes,Yes,DSL,Yes,Yes,No,Yes,No,No,Month-to-month,No,Bank transfer (automatic),65.2,3687.85,0,0.0253633000846002,Predicted stay,Low,Standard engagement,Offer contract migration incentive,Not targeted,Not target,45-72 months,Stayed
7606-BPHHN,Male,0,No,No,72,Yes,No,No,No internet service,No internet service,No internet service,No internet service,No internet service,No internet service,Two year,Yes,Credit card (automatic),19.8,1468.75,0,0.0027873369804879,Predicted stay,Low,Standard engagement,,Not targeted,Not target,45-72 months,Stayed
7005-CCBKV,Male,0,No,No,6,Yes,No,Fiber optic,No,Yes,No,No,No,Yes,Month-to-month,Yes,Electronic check,84.4,556.35,1,0.6919832708351278,Predicted churn,Very high,Priority outreach + personalized retention offer,Offer contract migration incentive; Promote automatic payment; Offer online security bundle; Provide proactive onboarding outreach,High priority,Target,0-6 months,Churned
4648-YPBTM,Male,0,No,No,53,Yes,Yes,DSL,No,Yes,Yes,Yes,No,Yes,Two year,Yes,Bank transfer (automatic),73.9,3958.25,0,0.0303242577465898,Predicted stay,Low,Standard engagement,Offer online security bundle,Not targeted,Not target,45-72 months,Stayed
2325-ZUSFD,Female,0,Yes,Yes,57,Yes,No,DSL,Yes,No,No,No,Yes,Yes,One year,Yes,Bank transfer (automatic),70.1,3913.3,1,0.0390303690639804,Predicted stay,Low,Standard engagement,,Not targeted,Not target,45-72 months,Churned
1240-KNSEZ,Male,0,No,No,1,Yes,No,No,No internet service,No internet service,No internet service,No internet service,No internet service,No internet service,Month-to-month,Yes,Mailed check,20.1,20.1,1,0.2586223027146466,Predicted stay,Moderate,Preventative engagement,Offer contract migration incentive; Provide proactive onboarding outreach,Not targeted,Not target,0-6 months,Churned
0430-IHCDJ,Male,0,No,No,15,Yes,Yes,DSL,No,No,No,No,No,No,Month-to-month,Yes,Electronic check,49.0,749.25,0,0.467469449800319,Predicted churn,High,Targeted retention campaign,Offer contract migration incentive; Promote automatic payment; Offer online security bundle,Standard priority,Target,13-24 months,Stayed
7957-RYHQD,Female,1,No,No,40,Yes,No,Fiber optic,Yes,Yes,No,No,No,No,Month-to-month,Yes,Credit card (automatic),79.2,3233.85,1,0.226726753685545,Predicted stay,Moderate,Preventative engagement,Offer contract migration incentive,Not targeted,Not target,25-48 months,Churned
6164-HAQTX,Male,0,No,No,71,No,No phone service,DSL,Yes,Yes,Yes,Yes,Yes,No,Two year,No,Bank transfer (automatic),53.95,3888.65,0,0.0071124275005235,Predicted stay,Low,Standard engagement,,Not targeted,Not target,45-72 months,Stayed
0749-IRGQE,Female,1,Yes,No,13,No,No phone service,DSL,No,No,No,No,Yes,Yes,Month-to-month,No,Electronic check,45.3,528.45,0,0.5835296421110411,Predicted churn,High,Targeted retention campaign,Offer contract migration incentive; Promote automatic payment; Offer online security bundle,Standard priority,Target,13-24 months,Stayed
1227-UDMZR,Female,0,Yes,No,72,Yes,Yes,DSL,Yes,Yes,Yes,Yes,Yes,Yes,Two year,Yes,Bank transfer (automatic),91.15,6637.9,0,0.0155810350285756,Predicted stay,Low,Standard engagement,,Not targeted,Not target,45-72 months,Stayed
5473-KHBPS,Female,0,Yes,Yes,52,Yes,Yes,Fiber optic,No,Yes,Yes,No,Yes,No,One year,Yes,Credit card (automatic),95.7,4976.15,0,0.1572611930941059,Predicted stay,Low,Standard engagement,Offer online security bundle,Not targeted,Not target,45-72 months,Stayed
5297-MDOIR,Female,0,Yes,No,63,Yes,No,Fiber optic,Yes,No,Yes,No,No,No,One year,Yes,Credit card (automatic),81.15,5224.5,0,0.0606304269766876,Predicted stay,Low,Standard engagement,,Not targeted,Not target,45-72 months,Stayed
8873-TMKGR,Male,0,No,No,29,Yes,No,No,No internet service,No internet service,No internet service,No internet service,No internet service,No internet service,One year,No,Mailed check,19.1,529.5,0,0.0321798214679017,Predicted stay,Low,Standard engagement,,Not targeted,Not target,25-48 months,Stayed
6481-ESCNL,Female,0,No,No,29,Yes,Yes,Fiber optic,No,No,Yes,No,Yes,Yes,Month-to-month,No,Bank transfer (automatic),100.55,2878.75,0,0.492930146792372,Predicted churn,High,Targeted retention campaign,Offer contract migration incentive; Offer online security bundle,Standard priority,Target,25-48 months,Stayed
0463-WZZKO,Male,0,No,No,3,Yes,No,No,No internet service,No internet service,No internet service,No internet service,No internet service,No internet service,Month-to-month,Yes,Credit card (automatic),20.75,67.1,0,0.216171589404995,Predicted stay,Moderate,Preventative engagement,Offer contract migration incentive; Provide proactive onboarding outreach,Not targeted,Not target,0-6 months,Stayed
1038-RQOST,Male,0,Yes,Yes,19,Yes,No,No,No internet service,No internet service,No internet service,No internet service,No internet service,No internet service,Month-to-month,No,Mailed check,20.6,414.95,0,0.0754179316228235,Predicted stay,Low,Standard engagement,Offer contract migration incentive,Not targeted,Not target,13-24 months,Stayed
4937-QPZPO,Male,0,Yes,Yes,61,Yes,Yes,Fiber optic,No,No,Yes,No,Yes,Yes,One year,Yes,Electronic check,99.9,6241.35,0,0.2788473146183743,Predicted stay,Moderate,Preventative engagement,Promote automatic payment; Offer online security bundle,Not targeted,Not target,45-72 months,Stayed
3604-WLABM,Female,0,No,No,10,Yes,No,DSL,No,No,Yes,Yes,No,No,Month-to-month,No,Electronic check,54.25,583.0,0,0.2647477760206708,Predicted stay,Moderate,Preventative engagement,Offer contract migration incentive; Promote automatic payment; Offer online security bundle; Provide proactive onboarding outreach,Not targeted,Not target,7-12 months,Stayed
1360-XFJMR,Female,0,Yes,No,67,Yes,Yes,Fiber optic,No,Yes,Yes,Yes,Yes,Yes,One year,Yes,Credit card (automatic),109.7,7344.45,0,0.1484423541325321,Predicted stay,Low,Standard engagement,Offer online security bundle,Not targeted,Not target,45-72 months,Stayed
8717-VCTXJ,Male,0,No,No,42,Yes,No,No,No internet service,No internet service,No internet service,No internet service,No internet service,No internet service,One year,Yes,Mailed check,19.55,839.4,0,0.024882625652848,Predicted stay,Low,Standard engagement,,Not targeted,Not target,25-48 months,Stayed
5196-SGOAK,Female,0,No,No,1,Yes,No,Fiber optic,No,Yes,No,No,No,No,Month-to-month,Yes,Electronic check,75.7,75.7,1,0.6530036414320722,Predicted churn,Very high,Priority outreach + personalized retention offer,Offer contract migration incentive; Promote automatic payment; Offer online security bundle; Provide proactive onboarding outreach,High priority,Target,0-6 months,Churned
8739-XNIKG,Female,0,No,No,5,Yes,Yes,Fiber optic,No,No,No,No,Yes,No,Month-to-month,Yes,Electronic check,84.0,424.75,0,0.7858755658010608,Predicted churn,Very high,Priority outreach + personalized retention offer,Offer contract migration incentive; Promote automatic payment; Offer online security bundle; Provide proactive onboarding outreach,High priority,Target,0-6 months,Stayed
2320-TZRRH,Female,0,No,No,20,Yes,No,No,No internet service,No internet service,No internet service,No internet service,No internet service,No internet service,One year,No,Mailed check,19.5,403.15,0,0.0470363929302273,Predicted stay,Low,Standard engagement,,Not targeted,Not target,13-24 months,Stayed
5186-SAMNZ,Male,1,No,No,1,Yes,No,Fiber optic,No,No,No,No,No,No,Month-to-month,Yes,Bank transfer (automatic),69.5,69.5,1,0.6620761664489326,Predicted churn,Very high,Priority outreach + personalized retention offer,Offer contract migration incentive; Offer online security bundle; Provide proactive onboarding outreach,High priority,Target,0-6 months,Churned
5760-FXFVO,Male,0,No,No,6,Yes,No,Fiber optic,Yes,Yes,No,No,No,No,Month-to-month,Yes,Electronic check,78.95,494.95,0,0.5445348486524468,Predicted churn,High,Targeted retention campaign,Offer contract migration incentive; Promote automatic payment; Provide proactive onboarding outreach,Standard priority,Target,0-6 months,Stayed
5380-WJKOV,Male,0,No,No,34,Yes,Yes,Fiber optic,No,Yes,Yes,No,Yes,Yes,Month-to-month,Yes,Electronic check,106.35,3549.25,1,0.6034204179667554,Predicted churn,Very high,Priority outreach + personalized retention offer,Offer contract migration incentive; Promote automatic payment; Offer online security bundle,High priority,Target,25-48 months,Churned
4703-MQYKT,Male,0,No,No,21,Yes,No,No,No internet service,No internet service,No internet service,No internet service,No internet service,No internet service,Two year,No,Mailed check,19.6,390.4,0,0.0236109500696003,Predicted stay,Low,Standard engagement,,Not targeted,Not target,13-24 months,Stayed
2001-MCUUW,Male,0,No,No,46,Yes,Yes,Fiber optic,No,Yes,Yes,Yes,Yes,Yes,Two year,No,Electronic check,108.65,4903.2,0,0.1394388251625644,Predicted stay,Low,Standard engagement,Promote automatic payment; Offer online security bundle,Not targeted,Not target,25-48 months,Stayed
4947-DSMXK,Male,0,Yes,Yes,34,Yes,Yes,Fiber optic,No,Yes,No,No,Yes,Yes,Month-to-month,Yes,Bank transfer (automatic),97.7,3410.0,0,0.5169023539106631,Predicted churn,High,Targeted retention campaign,Offer contract migration incentive; Offer online security bundle,Standard priority,Target,25-48 months,Stayed
0076-LVEPS,Male,0,No,Yes,29,No,No phone service,DSL,Yes,Yes,Yes,Yes,No,No,Month-to-month,Yes,Mailed check,45.0,1242.45,0,0.111009212890272,Predicted stay,Low,Standard engagement,Offer contract migration incentive,Not targeted,Not target,25-48 months,Stayed
5566-SOEZD,Male,0,Yes,Yes,27,Yes,No,Fiber optic,Yes,Yes,No,No,No,No,One year,Yes,Credit card (automatic),80.65,2209.75,0,0.1285821420986087,Predicted stay,Low,Standard engagement,,Not targeted,Not target,25-48 months,Stayed
7408-OFWXJ,Female,0,Yes,Yes,72,Yes,Yes,DSL,Yes,Yes,Yes,Yes,Yes,Yes,Two year,No,Credit card (automatic),89.8,6510.45,0,0.0088996337661885,Predicted stay,Low,Standard engagement,,Not targeted,Not target,45-72 months,Stayed
1097-FSPVW,Female,0,No,No,42,Yes,No,DSL,Yes,No,Yes,No,No,No,Month-to-month,No,Credit card (automatic),54.55,2455.05,0,0.0619917407946198,Predicted stay,Low,Standard engagement,Offer contract migration incentive,Not targeted,Not target,25-48 months,Stayed
4412-YLTKF,Female,1,No,No,27,Yes,Yes,Fiber optic,No,No,Yes,No,No,No,Month-to-month,Yes,Electronic check,78.05,2135.5,1,0.6263075869751327,Predicted churn,Very high,Priority outreach + personalized retention offer,Offer contract migration incentive; Promote automatic payment; Offer online security bundle,High priority,Target,25-48 months,Churned
0420-TXVSG,Male,0,Yes,No,66,Yes,Yes,DSL,Yes,Yes,Yes,No,No,No,Two year,Yes,Credit card (automatic),66.1,4428.45,0,0.0116585459477215,Predicted stay,Low,Standard engagement,,Not targeted,Not target,45-72 months,Stayed
7817-BOQPW,Female,0,No,No,2,Yes,Yes,Fiber optic,No,No,No,No,No,No,Month-to-month,Yes,Electronic check,75.55,166.3,1,0.7467480717162948,Predicted churn,Very high,Priority outreach + personalized retention offer,Offer contract migration incentive; Promote automatic payment; Offer online security bundle; Provide proactive onboarding outreach,High priority,Target,0-6 months,Churned
0963-ZBDRN,Male,0,No,No,32,Yes,No,Fiber optic,No,No,No,Yes,Yes,Yes,Month-to-month,Yes,Electronic check,96.2,3183.4,1,0.5030735808774579,Predicted churn,High,Targeted retention campaign,Offer contract migration incentive; Promote automatic payment; Offer online security bundle,Standard priority,Target,25-48 months,Churned
9685-WKZGT,Male,1,No,No,14,Yes,Yes,Fiber optic,No,No,No,No,No,No,Month-to-month,Yes,Electronic check,74.95,1036.75,1,0.7054140673445425,Predicted churn,Very high,Priority outreach + personalized retention offer,Offer contract migration incentive; Promote automatic payment; Offer online security bundle,High priority,Target,13-24 months,Churned
2139-FQHLM,Male,0,No,No,19,Yes,No,Fiber optic,No,No,Yes,Yes,Yes,No,Month-to-month,No,Mailed check,89.95,1682.4,0,0.3674428974497544,Predicted churn,High,Targeted retention campaign,Offer contract migration incentive; Offer online security bundle,Standard priority,Target,13-24 months,Stayed
5825-XJOCM,Male,0,No,Yes,48,Yes,Yes,DSL,Yes,Yes,Yes,No,No,No,One year,Yes,Bank transfer (automatic),64.4,3035.35,0,0.0361663968944197,Predicted stay,Low,Standard engagement,,Not targeted,Not target,25-48 months,Stayed
0004-TLHLJ,Male,0,No,No,4,Yes,No,Fiber optic,No,No,Yes,No,No,No,Month-to-month,Yes,Electronic check,73.9,280.85,1,0.6901860827762551,Predicted churn,Very high,Priority outreach + personalized retention offer,Offer contract migration incentive; Promote automatic payment; Offer online security bundle; Provide proactive onboarding outreach,High priority,Target,0-6 months,Churned
7529-ZDFXI,Male,1,Yes,No,57,Yes,Yes,Fiber optic,No,Yes,No,No,No,Yes,Month-to-month,Yes,Electronic check,89.85,4925.35,0,0.4118537253917739,Predicted churn,High,Targeted retention campaign,Offer contract migration incentive; Promote automatic payment; Offer online security bundle,Standard priority,Target,45-72 months,Stayed
6848-YLDFR,Male,0,Yes,Yes,58,Yes,No,DSL,No,Yes,No,Yes,Yes,Yes,One year,Yes,Credit card (automatic),75.2,4300.8,0,0.0354900627430572,Predicted stay,Low,Standard engagement,Offer online security bundle,Not targeted,Not target,45-72 months,Stayed
5820-PTRYM,Female,1,Yes,No,56,Yes,Yes,DSL,Yes,Yes,Yes,Yes,No,No,One year,Yes,Credit card (automatic),68.45,4014.0,0,0.0313334040567781,Predicted stay,Low,Standard engagement,,Not targeted,Not target,45-72 months,Stayed
2984-RGEYA,Female,0,Yes,Yes,69,Yes,No,No,No internet service,No internet service,No internet service,No internet service,No internet service,No internet service,Two year,No,Bank transfer (automatic),19.75,1375.4,0,0.0018093117672497,Predicted stay,Low,Standard engagement,,Not targeted,Not target,45-72 months,Stayed
6434-TTGJP,Male,0,Yes,Yes,10,No,No phone service,DSL,Yes,Yes,Yes,Yes,No,Yes,Two year,No,Credit card (automatic),53.7,521.0,0,0.058200259477977,Predicted stay,Low,Standard engagement,Provide proactive onboarding outreach,Not targeted,Not target,7-12 months,Stayed
9643-AVVWI,Female,0,Yes,Yes,3,Yes,No,Fiber optic,No,Yes,No,Yes,No,No,Month-to-month,Yes,Electronic check,80.0,241.3,0,0.5081951454859484,Predicted churn,High,Targeted retention campaign,Offer contract migration incentive; Promote automatic payment; Offer online security bundle; Provide proactive onboarding outreach,Standard priority,Target,0-6 months,Stayed
3506-OVLKD,Male,0,No,No,35,Yes,Yes,No,No internet service,No internet service,No internet service,No internet service,No internet service,No internet service,One year,No,Bank transfer (automatic),26.2,954.9,0,0.0283118497656158,Predicted stay,Low,Standard engagement,,Not targeted,Not target,25-48 months,Stayed
4946-EDSEW,Female,0,Yes,Yes,11,Yes,No,No,No internet service,No internet service,No internet service,No internet service,No internet service,No internet service,Month-to-month,Yes,Mailed check,19.25,180.3,1,0.152921824723284,Predicted stay,Low,Standard engagement,Offer contract migration incentive; Provide proactive onboarding outreach,Not targeted,Not target,7-12 months,Churned
2924-KHUVI,Male,0,Yes,No,56,Yes,Yes,Fiber optic,Yes,No,No,No,Yes,Yes,One year,Yes,Electronic check,100.55,5514.95,0,0.2558013840317515,Predicted stay,Moderate,Preventative engagement,Promote automatic payment,Not targeted,Not target,45-72 months,Stayed
2263-SFSQZ,Male,0,Yes,Yes,51,Yes,Yes,No,No internet service,No internet service,No internet service,No internet service,No internet service,No internet service,Two year,Yes,Mailed check,24.95,1222.25,0,0.0093430142474061,Predicted stay,Low,Standard engagement,,Not targeted,Not target,45-72 months,Stayed
5281-BUZGT,Male,1,No,No,36,Yes,Yes,Fiber optic,Yes,No,No,No,Yes,No,Month-to-month,Yes,Electronic check,90.85,3186.7,1,0.4966988412089739,Predicted churn,High,Targeted retention campaign,Offer contract migration incentive; Promote automatic payment,Standard priority,Target,25-48 months,Churned
3717-FDJFU,Male,0,No,Yes,5,Yes,No,No,No internet service,No internet service,No internet service,No internet service,No internet service,No internet service,Two year,No,Mailed check,20.45,106.9,0,0.0381168892422868,Predicted stay,Low,Standard engagement,Provide proactive onboarding outreach,Not targeted,Not target,0-6 months,Stayed
2239-CFOUJ,Male,0,Yes,Yes,1,Yes,No,No,No internet service,No internet service,No internet service,No internet service,No internet service,No internet service,One year,No,Mailed check,20.4,20.4,0,0.0877148764432388,Predicted stay,Low,Standard engagement,Provide proactive onboarding outreach,Not targeted,Not target,0-6 months,Stayed
8699-ASUFO,Male,1,Yes,No,7,Yes,Yes,Fiber optic,No,No,No,No,No,No,Month-to-month,Yes,Mailed check,74.4,527.9,1,0.7025003277888879,Predicted churn,Very high,Priority outreach + personalized retention offer,Offer contract migration incentive; Offer online security bundle; Provide proactive onboarding outreach,High priority,Target,7-12 months,Churned
1122-YJBCS,Male,0,Yes,No,69,Yes,No,DSL,Yes,Yes,No,No,No,No,One year,Yes,Credit card (automatic),53.65,3804.4,0,0.0152499684478466,Predicted stay,Low,Standard engagement,,Not targeted,Not target,45-72 months,Stayed
0628-CNQRM,Male,0,Yes,Yes,22,Yes,No,DSL,Yes,No,Yes,Yes,Yes,No,One year,Yes,Bank transfer (automatic),67.5,1544.05,1,0.082525802224692,Predicted stay,Low,Standard engagement,,Not targeted,Not target,13-24 months,Churned
1705-GUHPV,Female,0,No,No,63,Yes,Yes,No,No internet service,No internet service,No internet service,No internet service,No internet service,No internet service,Two year,No,Mailed check,24.2,1618.2,0,0.0047821551162656,Predicted stay,Low,Standard engagement,,Not targeted,Not target,45-72 months,Stayed
4877-TSOFF,Female,0,Yes,Yes,55,Yes,Yes,DSL,Yes,Yes,No,Yes,No,Yes,One year,Yes,Bank transfer (automatic),75.75,4264.25,0,0.0281071473183143,Predicted stay,Low,Standard engagement,,Not targeted,Not target,45-72 months,Stayed
7404-JLKQG,Female,0,No,No,3,Yes,No,DSL,No,No,Yes,No,Yes,No,Month-to-month,No,Electronic check,57.55,161.45,0,0.4846675069476943,Predicted churn,High,Targeted retention campaign,Offer contract migration incentive; Promote automatic payment; Offer online security bundle; Provide proactive onboarding outreach,Standard priority,Target,0-6 months,Stayed
0379-DJQHR,Male,0,Yes,Yes,67,Yes,No,DSL,Yes,Yes,Yes,No,Yes,Yes,Two year,No,Credit card (automatic),81.35,5398.6,0,0.0089115694004666,Predicted stay,Low,Standard engagement,,Not targeted,Not target,45-72 months,Stayed
8993-PHFWD,Female,0,No,No,3,No,No phone service,DSL,No,No,No,No,No,No,Month-to-month,No,Electronic check,25.25,58.9,1,0.5376217702296426,Predicted churn,High,Targeted retention campaign,Offer contract migration incentive; Promote automatic payment; Offer online security bundle; Provide proactive onboarding outreach,Standard priority,Target,0-6 months,Churned
3930-ZGWVE,Male,0,No,No,1,Yes,No,No,No internet service,No internet service,No internet service,No internet service,No internet service,No internet service,Month-to-month,No,Mailed check,19.75,19.75,0,0.1975912456796779,Predicted stay,Low,Standard engagement,Offer contract migration incentive; Provide proactive onboarding outreach,Not targeted,Not target,0-6 months,Stayed
1965-DDBWU,Male,0,No,No,16,Yes,Yes,Fiber optic,No,No,No,Yes,No,Yes,Month-to-month,Yes,Credit card (automatic),89.05,1448.6,1,0.5526604712684021,Predicted churn,High,Targeted retention campaign,Offer contract migration incentive; Offer online security bundle,Standard priority,Target,13-24 months,Churned
7572-KPVKK,Male,0,No,Yes,62,Yes,Yes,Fiber optic,No,No,Yes,Yes,Yes,Yes,Two year,Yes,Electronic check,104.05,6590.5,0,0.126465373994772,Predicted stay,Low,Standard engagement,Promote automatic payment; Offer online security bundle,Not targeted,Not target,45-72 months,Stayed
6854-EXGSF,Female,0,No,No,8,Yes,Yes,DSL,Yes,Yes,Yes,No,No,No,Month-to-month,Yes,Bank transfer (automatic),65.5,573.15,0,0.2759275909041334,Predicted stay,Moderate,Preventative engagement,Offer contract migration incentive; Provide proactive onboarding outreach,Not targeted,Not target,7-12 months,Stayed
9483-GCPWE,Male,0,No,Yes,9,Yes,No,No,No internet service,No internet service,No internet service,No internet service,No internet service,No internet service,One year,No,Mailed check,20.1,190.25,0,0.0616555568763703,Predicted stay,Low,Standard engagement,Provide proactive onboarding outreach,Not targeted,Not target,7-12 months,Stayed
8053-WWDRO,Female,0,Yes,No,6,Yes,No,No,No internet service,No internet service,No internet service,No internet service,No internet service,No internet service,Month-to-month,No,Bank transfer (automatic),19.5,146.3,1,0.1551601998587224,Predicted stay,Low,Standard engagement,Offer contract migration incentive; Provide proactive onboarding outreach,Not targeted,Not target,0-6 months,Churned
9473-CBZOP,Female,0,No,No,28,Yes,Yes,DSL,Yes,No,Yes,No,No,No,One year,No,Mailed check,59.0,1654.45,0,0.0788669529731764,Predicted stay,Low,Standard engagement,,Not targeted,Not target,25-48 months,Stayed
3985-HOYPM,Male,0,No,No,26,Yes,No,No,No internet service,No internet service,No internet service,No internet service,No internet service,No internet service,One year,No,Mailed check,19.4,525.55,0,0.0367748607465509,Predicted stay,Low,Standard engagement,,Not targeted,Not target,25-48 months,Stayed
8378-LKJAF,Male,0,Yes,Yes,38,Yes,Yes,Fiber optic,No,No,Yes,No,Yes,Yes,Month-to-month,Yes,Credit card (automatic),101.15,3956.7,0,0.4737768229963029,Predicted churn,High,Targeted retention campaign,Offer contract migration incentive; Offer online security bundle,Standard priority,Target,25-48 months,Stayed
1310-QRITU,Female,0,No,No,18,Yes,Yes,DSL,No,No,No,No,No,No,Month-to-month,Yes,Electronic check,50.3,913.3,0,0.4133132856157146,Predicted churn,High,Targeted retention campaign,Offer contract migration incentive; Promote automatic payment; Offer online security bundle,Standard priority,Target,13-24 months,Stayed
3237-AJGEH,Female,0,Yes,Yes,3,No,No phone service,DSL,No,No,No,Yes,No,No,Month-to-month,Yes,Mailed check,31.0,95.05,1,0.3997949189657126,Predicted churn,High,Targeted retention campaign,Offer contract migration incentive; Offer online security bundle; Provide proactive onboarding outreach,Standard priority,Target,0-6 months,Churned
6542-LWGXJ,Male,0,Yes,No,3,No,No phone service,DSL,No,No,No,No,No,No,Month-to-month,No,Mailed check,25.0,78.25,0,0.4760759941150206,Predicted churn,High,Targeted retention campaign,Offer contract migration incentive; Offer online security bundle; Provide proactive onboarding outreach,Standard priority,Target,0-6 months,Stayed
6953-PBDIN,Male,0,Yes,No,70,Yes,Yes,DSL,No,Yes,Yes,Yes,Yes,No,Two year,No,Bank transfer (automatic),72.95,5265.55,0,0.013086328595268,Predicted stay,Low,Standard engagement,Offer online security bundle,Not targeted,Not target,45-72 months,Stayed
6332-FBZRI,Male,0,Yes,Yes,67,Yes,Yes,DSL,Yes,Yes,Yes,Yes,No,No,One year,Yes,Credit card (automatic),69.35,4653.25,0,0.0140109715913828,Predicted stay,Low,Standard engagement,,Not targeted,Not target,45-72 months,Stayed
9365-CSLBQ,Male,0,No,Yes,71,Yes,Yes,No,No internet service,No internet service,No internet service,No internet service,No internet service,No internet service,Two year,No,Mailed check,24.35,1654.6,0,0.0025691162427532,Predicted stay,Low,Standard engagement,,Not targeted,Not target,45-72 months,Stayed
3466-WAESX,Male,0,No,Yes,16,Yes,Yes,DSL,Yes,Yes,No,No,No,Yes,Month-to-month,Yes,Electronic check,69.1,1083.7,0,0.3262237788096072,Predicted stay,Moderate,Preventative engagement,Offer contract migration incentive; Promote automatic payment,Not targeted,Not target,13-24 months,Stayed
9700-ISPUP,Female,0,Yes,Yes,10,Yes,No,DSL,No,Yes,No,Yes,No,Yes,Month-to-month,Yes,Electronic check,65.5,616.9,0,0.2997424074860443,Predicted stay,Moderate,Preventative engagement,Offer contract migration incentive; Promote automatic payment; Offer online security bundle; Provide proactive onboarding outreach,Not targeted,Not target,7-12 months,Stayed
5167-ZFFMM,Male,0,No,No,1,Yes,Yes,Fiber optic,No,Yes,No,No,No,Yes,Month-to-month,Yes,Credit card (automatic),90.85,90.85,1,0.6767062251276029,Predicted churn,Very high,Priority outreach + personalized retention offer,Offer contract migration incentive; Offer online security bundle; Provide proactive onboarding outreach,High priority,Target,0-6 months,Churned
7669-LCRSD,Male,0,Yes,Yes,12,Yes,No,DSL,No,No,No,No,Yes,No,Month-to-month,Yes,Mailed check,56.3,628.65,0,0.3255310248969384,Predicted stay,Moderate,Preventative engagement,Offer contract migration incentive; Offer online security bundle; Provide proactive onboarding outreach,Not targeted,Not target,7-12 months,Stayed
0870-VEMYL,Female,0,No,No,5,Yes,No,DSL,Yes,No,No,Yes,No,No,Month-to-month,No,Credit card (automatic),53.85,259.8,1,0.1669255030611968,Predicted stay,Low,Standard engagement,Offer contract migration incentive; Provide proactive onboarding outreach,Not targeted,Not target,0-6 months,Churned
2995-UPRYS,Female,1,Yes,No,40,Yes,No,Fiber optic,No,Yes,No,Yes,Yes,Yes,One year,Yes,Credit card (automatic),99.2,4062.2,1,0.2293325649584965,Predicted stay,Moderate,Preventative engagement,Offer online security bundle,Not targeted,Not target,25-48 months,Churned
3179-GBRWV,Male,1,Yes,No,21,Yes,No,DSL,Yes,Yes,No,No,No,Yes,Month-to-month,Yes,Bank transfer (automatic),64.95,1339.8,0,0.2215020289999063,Predicted stay,Moderate,Preventative engagement,Offer contract migration incentive,Not targeted,Not target,13-24 months,Stayed
0701-TJSEF,Male,0,No,No,9,Yes,No,DSL,Yes,No,Yes,Yes,No,Yes,Month-to-month,Yes,Bank transfer (automatic),68.25,576.95,0,0.2474349635124303,Predicted stay,Moderate,Preventative engagement,Offer contract migration incentive; Provide proactive onboarding outreach,Not targeted,Not target,7-12 months,Stayed
1848-LBZHY,Female,0,Yes,No,7,Yes,No,DSL,Yes,No,No,No,No,No,Month-to-month,Yes,Bank transfer (automatic),50.3,355.1,0,0.2713633898384095,Predicted stay,Moderate,Preventative engagement,Offer contract migration incentive; Provide proactive onboarding outreach,Not targeted,Not target,7-12 months,Stayed
5380-XPJNZ,Female,0,No,No,38,Yes,No,No,No internet service,No internet service,No internet service,No internet service,No internet service,No internet service,One year,No,Mailed check,20.05,678.2,0,0.0194248189669439,Predicted stay,Low,Standard engagement,,Not targeted,Not target,25-48 months,Stayed
6608-QQLVK,Male,0,No,No,1,Yes,No,DSL,No,No,Yes,No,No,No,Month-to-month,Yes,Electronic check,50.5,50.5,1,0.5022278963810157,Predicted churn,High,Targeted retention campaign,Offer contract migration incentive; Promote automatic payment; Offer online security bundle; Provide proactive onboarding outreach,Standard priority,Target,0-6 months,Churned
1475-VWVDO,Male,0,No,No,7,Yes,No,Fiber optic,No,No,Yes,No,No,No,Month-to-month,Yes,Electronic check,74.9,490.55,0,0.6532355885899751,Predicted churn,Very high,Priority outreach + personalized retention offer,Offer contract migration incentive; Promote automatic payment; Offer online security bundle; Provide proactive onboarding outreach,High priority,Target,7-12 months,Stayed
3721-CNEYS,Female,0,No,No,2,Yes,No,Fiber optic,No,No,No,No,No,No,Month-to-month,Yes,Electronic check,70.95,137.95,1,0.6824458833068292,Predicted churn,Very high,Priority outreach + personalized retention offer,Offer contract migration incentive; Promote automatic payment; Offer online security bundle; Provide proactive onboarding outreach,High priority,Target,0-6 months,Churned
4299-OPXEJ,Female,0,No,No,56,Yes,No,No,No internet service,No internet service,No internet service,No internet service,No internet service,No internet service,Two year,Yes,Bank transfer (automatic),19.55,1080.55,0,0.0059600580555957,Predicted stay,Low,Standard engagement,,Not targeted,Not target,45-72 months,Stayed
0096-BXERS,Female,0,Yes,No,6,Yes,Yes,DSL,No,No,No,No,No,No,Month-to-month,No,Electronic check,50.35,314.55,0,0.444951557170737,Predicted churn,High,Targeted retention campaign,Offer contract migration incentive; Promote automatic payment; Offer online security bundle; Provide proactive onboarding outreach,Standard priority,Target,0-6 months,Stayed
3055-VTCGS,Female,0,No,No,63,Yes,No,DSL,No,No,Yes,No,No,Yes,One year,No,Credit card (automatic),58.55,3503.5,0,0.0279227417356982,Predicted stay,Low,Standard engagement,Offer online security bundle,Not targeted,Not target,45-72 months,Stayed
9405-GPBBG,Female,0,No,No,64,Yes,Yes,Fiber optic,No,Yes,Yes,Yes,Yes,Yes,Two year,Yes,Credit card (automatic),110.5,7069.25,0,0.0829976642557157,Predicted stay,Low,Standard engagement,Offer online security bundle,Not targeted,Not target,45-72 months,Stayed
6704-UTUKK,Male,0,Yes,No,29,No,No phone service,DSL,No,No,No,No,Yes,Yes,Month-to-month,Yes,Electronic check,45.9,1332.4,0,0.4764699443030242,Predicted churn,High,Targeted retention campaign,Offer contract migration incentive; Promote automatic payment; Offer online security bundle,Standard priority,Target,25-48 months,Stayed
9944-AEXBM,Male,0,No,No,32,Yes,Yes,Fiber optic,No,No,No,No,No,Yes,Month-to-month,Yes,Bank transfer (automatic),85.65,2664.3,0,0.493802240251543,Predicted churn,High,Targeted retention campaign,Offer contract migration incentive; Offer online security bundle,Standard priority,Target,25-48 months,Stayed
2545-EBUPK,Female,1,No,No,2,Yes,Yes,Fiber optic,No,No,No,No,No,Yes,Month-to-month,Yes,Electronic check,84.05,186.05,0,0.8237563006972963,Predicted churn,Very high,Priority outreach + personalized retention offer,Offer contract migration incentive; Promote automatic payment; Offer online security bundle; Provide proactive onboarding outreach,High priority,Target,0-6 months,Stayed
6270-OMFIW,Male,0,Yes,No,60,Yes,No,Fiber optic,No,Yes,No,No,Yes,Yes,One year,Yes,Electronic check,94.4,5610.25,1,0.2269701365845173,Predicted stay,Moderate,Preventative engagement,Promote automatic payment; Offer online security bundle,Not targeted,Not target,45-72 months,Churned
1852-XEMDW,Male,0,No,No,22,Yes,Yes,DSL,Yes,Yes,Yes,No,No,No,Month-to-month,No,Mailed check,65.05,1427.55,0,0.1504544263685109,Predicted stay,Low,Standard engagement,Offer contract migration incentive,Not targeted,Not target,13-24 months,Stayed
8158-WPEZG,Male,0,No,No,11,No,No phone service,DSL,No,Yes,No,Yes,No,No,Month-to-month,Yes,Electronic check,35.65,425.1,0,0.4078781136119488,Predicted churn,High,Targeted retention campaign,Offer contract migration incentive; Promote automatic payment; Offer online security bundle; Provide proactive onboarding outreach,Standard priority,Target,7-12 months,Stayed
5198-EFNBM,Male,1,Yes,No,57,Yes,No,Fiber optic,No,Yes,Yes,No,Yes,No,One year,Yes,Electronic check,90.65,5199.8,0,0.2035729615634763,Predicted stay,Moderate,Preventative engagement,Promote automatic payment; Offer online security bundle,Not targeted,Not target,45-72 months,Stayed
7663-RGWBC,Male,0,No,No,1,Yes,No,DSL,No,No,No,No,No,No,Month-to-month,Yes,Mailed check,44.15,44.15,1,0.4566618382675113,Predicted churn,High,Targeted retention campaign,Offer contract migration incentive; Offer online security bundle; Provide proactive onboarding outreach,Standard priority,Target,0-6 months,Churned
3970-XGJDU,Female,0,No,No,62,Yes,No,No,No internet service,No internet service,No internet service,No internet service,No internet service,No internet service,Two year,Yes,Credit card (automatic),19.2,1123.65,0,0.0043870753496868,Predicted stay,Low,Standard engagement,,Not targeted,Not target,45-72 months,Stayed
6845-RGTYS,Female,0,Yes,No,47,Yes,Yes,Fiber optic,Yes,Yes,Yes,No,Yes,No,Month-to-month,Yes,Electronic check,98.75,4533.7,1,0.3775287146334491,Predicted churn,High,Targeted retention campaign,Offer contract migration incentive; Promote automatic payment,Standard priority,Target,25-48 months,Churned
0123-CRBRT,Female,0,Yes,Yes,61,Yes,Yes,DSL,Yes,Yes,Yes,Yes,Yes,Yes,Two year,No,Mailed check,88.1,5526.75,0,0.0151630386724203,Predicted stay,Low,Standard engagement,,Not targeted,Not target,45-72 months,Stayed
6077-BDPXA,Female,0,No,No,3,Yes,No,Fiber optic,No,No,No,No,No,No,Month-to-month,Yes,Electronic check,70.15,194.2,0,0.6849081662840394,Predicted churn,Very high,Priority outreach + personalized retention offer,Offer contract migration incentive; Promote automatic payment; Offer online security bundle; Provide proactive onboarding outreach,High priority,Target,0-6 months,Stayed
2250-IVBWA,Male,0,Yes,Yes,64,Yes,No,Fiber optic,Yes,Yes,No,No,No,No,Month-to-month,No,Electronic check,81.05,5135.35,0,0.0820679059553511,Predicted stay,Low,Standard engagement,Offer contract migration incentive; Promote automatic payment,Not targeted,Not target,45-72 months,Stayed
6137-NICCO,Female,0,Yes,Yes,6,Yes,Yes,Fiber optic,No,Yes,Yes,No,Yes,No,Month-to-month,Yes,Mailed check,94.05,518.75,0,0.6282460894770887,Predicted churn,Very high,Priority outreach + personalized retention offer,Offer contract migration incentive; Offer online security bundle; Provide proactive onboarding outreach,High priority,Target,0-6 months,Stayed
8129-GMVGI,Female,0,Yes,Yes,56,Yes,No,No,No internet service,No internet service,No internet service,No internet service,No internet service,No internet service,Two year,No,Mailed check,20.05,1090.1,0,0.0035305855432275,Predicted stay,Low,Standard engagement,,Not targeted,Not target,45-72 months,Stayed
4353-HYOJD,Female,0,Yes,Yes,27,Yes,No,DSL,No,Yes,No,No,No,No,Month-to-month,No,Mailed check,49.85,1336.15,0,0.1147721149842642,Predicted stay,Low,Standard engagement,Offer contract migration incentive; Offer online security bundle,Not targeted,Not target,25-48 months,Stayed
8671-KKKOS,Female,0,Yes,No,46,No,No phone service,DSL,Yes,Yes,No,No,Yes,No,Month-to-month,No,Electronic check,45.55,2062.15,0,0.1186621243358305,Predicted stay,Low,Standard engagement,Offer contract migration incentive; Promote automatic payment,Not targeted,Not target,25-48 months,Stayed
8080-DDEMJ,Male,1,No,No,1,Yes,No,DSL,No,No,No,No,No,No,Month-to-month,No,Electronic check,45.1,45.1,1,0.4632471605095177,Predicted churn,High,Targeted retention campaign,Offer contract migration incentive; Promote automatic payment; Offer online security bundle; Provide proactive onboarding outreach,Standard priority,Target,0-6 months,Churned
6698-OXETB,Male,0,No,No,11,Yes,No,No,No internet service,No internet service,No internet service,No internet service,No internet service,No internet service,Two year,No,Mailed check,20.4,231.45,0,0.0360724731920879,Predicted stay,Low,Standard engagement,Provide proactive onboarding outreach,Not targeted,Not target,7-12 months,Stayed
3312-UUMZW,Male,0,Yes,No,32,Yes,Yes,Fiber optic,No,Yes,No,No,Yes,Yes,Month-to-month,Yes,Credit card (automatic),98.85,3145.9,0,0.558325767934812,Predicted churn,High,Targeted retention campaign,Offer contract migration incentive; Offer online security bundle,Standard priority,Target,25-48 months,Stayed
6376-GAHQE,Male,0,No,No,4,Yes,No,Fiber optic,No,No,No,No,Yes,No,Month-to-month,No,Electronic check,77.85,299.2,1,0.6815641483356156,Predicted churn,Very high,Priority outreach + personalized retention offer,Offer contract migration incentive; Promote automatic payment; Offer online security bundle; Provide proactive onboarding outreach,High priority,Target,0-6 months,Churned
0733-VUNUW,Male,0,No,No,24,Yes,Yes,DSL,Yes,No,No,No,No,No,Month-to-month,Yes,Bank transfer (automatic),55.65,1400.55,1,0.2047831329124701,Predicted stay,Moderate,Preventative engagement,Offer contract migration incentive,Not targeted,Not target,13-24 months,Churned
6733-LRIZX,Male,0,No,No,35,Yes,Yes,Fiber optic,Yes,No,Yes,Yes,Yes,Yes,Two year,Yes,Electronic check,108.95,4025.5,0,0.2056410294231107,Predicted stay,Moderate,Preventative engagement,Promote automatic payment,Not targeted,Not target,25-48 months,Stayed
2165-VOEGB,Female,0,No,Yes,46,Yes,No,Fiber optic,Yes,Yes,No,Yes,Yes,Yes,One year,Yes,Bank transfer (automatic),105.2,4822.85,1,0.1004416240632419,Predicted stay,Low,Standard engagement,,Not targeted,Not target,25-48 months,Churned
1853-UDXBW,Male,0,Yes,Yes,1,Yes,No,Fiber optic,No,No,No,No,No,No,Month-to-month,Yes,Electronic check,70.0,70.0,1,0.663429595245789,Predicted churn,Very high,Priority outreach + personalized retention offer,Offer contract migration incentive; Promote automatic payment; Offer online security bundle; Provide proactive onboarding outreach,High priority,Target,0-6 months,Churned
9070-BCKQP,Female,0,Yes,No,72,Yes,Yes,Fiber optic,Yes,No,Yes,Yes,Yes,Yes,Two year,Yes,Credit card (automatic),110.15,7881.2,0,0.0563312265165445,Predicted stay,Low,Standard engagement,,Not targeted,Not target,45-72 months,Stayed
1035-IPQPU,Female,1,Yes,No,63,Yes,Yes,Fiber optic,No,Yes,Yes,No,Yes,Yes,Month-to-month,Yes,Electronic check,103.5,6479.4,0,0.4876653259513226,Predicted churn,High,Targeted retention campaign,Offer contract migration incentive; Promote automatic payment; Offer online security bundle,Standard priority,Target,45-72 months,Stayed
2057-ZBLPD,Female,0,Yes,No,21,Yes,Yes,Fiber optic,No,No,No,No,No,Yes,Month-to-month,Yes,Electronic check,86.5,1808.7,1,0.6618185240257535,Predicted churn,Very high,Priority outreach + personalized retention offer,Offer contract migration incentive; Promote automatic payment; Offer online security bundle,High priority,Target,13-24 months,Churned
6967-PEJLL,Male,0,Yes,Yes,37,No,No phone service,DSL,Yes,No,Yes,Yes,No,No,One year,Yes,Electronic check,40.2,1525.35,0,0.0676368614901431,Predicted stay,Low,Standard engagement,Promote automatic payment,Not targeted,Not target,25-48 months,Stayed
7879-CGSFV,Male,0,No,No,55,Yes,No,Fiber optic,Yes,Yes,No,No,Yes,Yes,One year,Yes,Mailed check,100.9,5552.05,0,0.1384488105945324,Predicted stay,Low,Standard engagement,,Not targeted,Not target,45-72 months,Stayed
2257-BOVXD,Male,0,Yes,No,14,Yes,Yes,DSL,No,No,No,Yes,Yes,No,Month-to-month,Yes,Credit card (automatic),66.6,979.5,0,0.3245603540445694,Predicted stay,Moderate,Preventative engagement,Offer contract migration incentive; Offer online security bundle,Not targeted,Not target,13-24 months,Stayed
9822-BIIGN,Male,0,Yes,Yes,53,Yes,Yes,DSL,Yes,No,No,Yes,No,Yes,Month-to-month,No,Electronic check,71.85,3827.9,0,0.0632193512236031,Predicted stay,Low,Standard engagement,Offer contract migration incentive; Promote automatic payment,Not targeted,Not target,45-72 months,Stayed
1136-XGEQU,Female,0,Yes,Yes,50,Yes,Yes,DSL,No,Yes,Yes,Yes,Yes,Yes,One year,Yes,Credit card (automatic),84.15,4164.4,0,0.0670813441946947,Predicted stay,Low,Standard engagement,Offer online security bundle,Not targeted,Not target,45-72 months,Stayed
2439-LYPMQ,Male,1,Yes,No,38,Yes,Yes,Fiber optic,No,Yes,Yes,No,Yes,Yes,Month-to-month,Yes,Electronic check,102.6,4009.2,0,0.6737162948718257,Predicted churn,Very high,Priority outreach + personalized retention offer,Offer contract migration incentive; Promote automatic payment; Offer online security bundle,High priority,Target,25-48 months,Stayed
6543-XRMYR,Female,1,No,No,30,Yes,Yes,Fiber optic,No,Yes,No,No,Yes,Yes,Month-to-month,Yes,Electronic check,99.7,2967.35,1,0.680341003046652,Predicted churn,Very high,Priority outreach + personalized retention offer,Offer contract migration incentive; Promote automatic payment; Offer online security bundle,High priority,Target,25-48 months,Churned
5753-QQWPW,Female,0,No,No,28,Yes,No,DSL,Yes,Yes,No,Yes,No,No,One year,Yes,Electronic check,59.9,1654.7,0,0.0669209647599478,Predicted stay,Low,Standard engagement,Promote automatic payment,Not targeted,Not target,25-48 months,Stayed
4785-QRJHC,Male,1,Yes,No,46,No,No phone service,DSL,No,Yes,Yes,Yes,Yes,Yes,One year,Yes,Bank transfer (automatic),59.9,2816.65,1,0.1093424565706011,Predicted stay,Low,Standard engagement,Offer online security bundle,Not targeted,Not target,25-48 months,Churned
0052-YNYOT,Female,0,No,No,67,Yes,No,No,No internet service,No internet service,No internet service,No internet service,No internet service,No internet service,One year,No,Electronic check,20.55,1343.4,0,0.0066754121736225,Predicted stay,Low,Standard engagement,Promote automatic payment,Not targeted,Not target,45-72 months,Stayed
7054-LGEQW,Female,0,No,No,1,Yes,No,DSL,No,No,No,No,No,No,Month-to-month,No,Mailed check,45.95,45.95,1,0.3367584323903888,Predicted stay,Moderate,Preventative engagement,Offer contract migration incentive; Offer online security bundle; Provide proactive onboarding outreach,Not targeted,Not target,0-6 months,Churned
0608-JDVEC,Male,0,Yes,No,50,Yes,No,No,No internet service,No internet service,No internet service,No internet service,No internet service,No internet service,Two year,No,Electronic check,19.8,1013.2,0,0.0083736945794468,Predicted stay,Low,Standard engagement,Promote automatic payment,Not targeted,Not target,45-72 months,Stayed
6284-KMNUF,Female,0,Yes,No,56,Yes,Yes,Fiber optic,Yes,No,No,No,Yes,Yes,One year,Yes,Electronic check,98.0,5270.6,0,0.2704683446452593,Predicted stay,Moderate,Preventative engagement,Promote automatic payment,Not targeted,Not target,45-72 months,Stayed
6286-SUUWT,Male,0,No,No,1,Yes,No,No,No internet service,No internet service,No internet service,No internet service,No internet service,No internet service,Month-to-month,No,Mailed check,19.95,19.95,0,0.1956281673349961,Predicted stay,Low,Standard engagement,Offer contract migration incentive; Provide proactive onboarding outreach,Not targeted,Not target,0-6 months,Stayed
3594-KADLU,Male,0,Yes,No,3,No,No phone service,DSL,Yes,No,No,Yes,No,No,Month-to-month,No,Mailed check,35.1,101.1,0,0.289201868454592,Predicted stay,Moderate,Preventative engagement,Offer contract migration incentive; Provide proactive onboarding outreach,Not targeted,Not target,0-6 months,Stayed
0536-ACXIP,Female,0,Yes,No,72,Yes,Yes,Fiber optic,Yes,Yes,Yes,No,Yes,Yes,Two year,Yes,Electronic check,109.55,8165.1,0,0.1082945210136794,Predicted stay,Low,Standard engagement,Promote automatic payment,Not targeted,Not target,45-72 months,Stayed
8869-TORSS,Female,0,No,No,48,Yes,No,DSL,Yes,No,Yes,Yes,No,No,One year,Yes,Credit card (automatic),60.35,2896.4,1,0.0247358893918091,Predicted stay,Low,Standard engagement,,Not targeted,Not target,25-48 months,Churned
0373-AIVNJ,Male,0,No,No,9,No,No phone service,DSL,Yes,Yes,Yes,No,No,No,One year,No,Mailed check,39.55,373.0,0,0.156555724075048,Predicted stay,Low,Standard engagement,Provide proactive onboarding outreach,Not targeted,Not target,7-12 months,Stayed
6429-SHBCB,Male,0,No,No,19,Yes,Yes,DSL,No,No,No,No,Yes,Yes,Month-to-month,No,Mailed check,69.6,1394.55,0,0.3859017516468785,Predicted churn,High,Targeted retention campaign,Offer contract migration incentive; Offer online security bundle,Standard priority,Target,13-24 months,Stayed
5751-USDBL,Male,0,Yes,Yes,46,Yes,No,DSL,Yes,No,Yes,Yes,Yes,Yes,Two year,No,Mailed check,81.0,3846.35,0,0.01690015647147,Predicted stay,Low,Standard engagement,,Not targeted,Not target,25-48 months,Stayed
6815-ABQFQ,Male,0,Yes,No,56,Yes,Yes,Fiber optic,No,Yes,No,Yes,Yes,Yes,One year,Yes,Electronic check,107.25,6033.3,0,0.235350383410355,Predicted stay,Moderate,Preventative engagement,Promote automatic payment; Offer online security bundle,Not targeted,Not target,45-72 months,Stayed
9450-TRJUU,Male,0,No,No,35,Yes,Yes,Fiber optic,No,No,No,No,Yes,No,Month-to-month,No,Electronic check,83.15,2848.45,0,0.5085768251261972,Predicted churn,High,Targeted retention campaign,Offer contract migration incentive; Promote automatic payment; Offer online security bundle,Standard priority,Target,25-48 months,Stayed
2805-AUFQN,Female,0,No,No,25,Yes,No,No,No internet service,No internet service,No internet service,No internet service,No internet service,No internet service,Two year,No,Credit card (automatic),19.8,475.2,0,0.0171752340672827,Predicted stay,Low,Standard engagement,,Not targeted,Not target,25-48 months,Stayed
7855-DIWPO,Female,0,No,No,21,Yes,No,Fiber optic,No,No,No,No,No,No,Month-to-month,Yes,Electronic check,68.65,1493.2,0,0.561787583174575,Predicted churn,High,Targeted retention campaign,Offer contract migration incentive; Promote automatic payment; Offer online security bundle,Standard priority,Target,13-24 months,Stayed
0174-QRVVY,Male,0,Yes,Yes,71,Yes,Yes,No,No internet service,No internet service,No internet service,No internet service,No internet service,No internet service,Two year,No,Credit card (automatic),25.35,1847.55,0,0.0023391183157504,Predicted stay,Low,Standard engagement,,Not targeted,Not target,45-72 months,Stayed
9507-EXLTT,Female,0,Yes,No,1,Yes,No,Fiber optic,No,No,No,No,Yes,No,Month-to-month,Yes,Bank transfer (automatic),79.35,79.35,1,0.679788928146282,Predicted churn,Very high,Priority outreach + personalized retention offer,Offer contract migration incentive; Offer online security bundle; Provide proactive onboarding outreach,High priority,Target,0-6 months,Churned
8390-FESFV,Female,0,No,No,62,Yes,Yes,DSL,No,Yes,Yes,Yes,Yes,Yes,Two year,No,Bank transfer (automatic),84.5,5193.2,0,0.0209763876422531,Predicted stay,Low,Standard engagement,Offer online security bundle,Not targeted,Not target,45-72 months,Stayed
0661-KBKPA,Male,0,Yes,Yes,53,Yes,Yes,DSL,No,No,Yes,Yes,Yes,Yes,One year,Yes,Mailed check,78.75,3942.45,0,0.0749729099493776,Predicted stay,Low,Standard engagement,Offer online security bundle,Not targeted,Not target,45-72 months,Stayed
6856-RAURS,Female,0,No,No,2,Yes,Yes,Fiber optic,No,No,No,No,No,No,Month-to-month,Yes,Mailed check,74.9,136.05,0,0.6909019938889054,Predicted churn,Very high,Priority outreach + personalized retention offer,Offer contract migration incentive; Offer online security bundle; Provide proactive onboarding outreach,High priority,Target,0-6 months,Stayed
7322-OCWHC,Male,1,Yes,No,72,Yes,Yes,Fiber optic,Yes,Yes,Yes,Yes,No,No,Two year,Yes,Bank transfer (automatic),93.05,6735.05,0,0.0322991445652978,Predicted stay,Low,Standard engagement,,Not targeted,Not target,45-72 months,Stayed
2203-GHNWN,Female,0,Yes,No,24,Yes,Yes,Fiber optic,No,No,Yes,No,No,No,Month-to-month,Yes,Mailed check,79.65,1928.7,0,0.5219624681496013,Predicted churn,High,Targeted retention campaign,Offer contract migration incentive; Offer online security bundle,Standard priority,Target,13-24 months,Stayed
3413-CSSTH,Male,0,No,No,41,Yes,Yes,DSL,No,No,Yes,No,No,No,Month-to-month,Yes,Bank transfer (automatic),55.7,2237.55,0,0.1594433190791055,Predicted stay,Low,Standard engagement,Offer contract migration incentive; Offer online security bundle,Not targeted,Not target,25-48 months,Stayed
3006-XIMLN,Female,0,No,Yes,2,Yes,Yes,Fiber optic,No,No,No,No,Yes,Yes,Month-to-month,Yes,Bank transfer (automatic),94.2,193.8,1,0.7298522580200935,Predicted churn,Very high,Priority outreach + personalized retention offer,Offer contract migration incentive; Offer online security bundle; Provide proactive onboarding outreach,High priority,Target,0-6 months,Churned
3750-CKVKH,Male,0,No,No,2,Yes,No,Fiber optic,No,No,No,No,No,No,Month-to-month,Yes,Electronic check,67.75,116.65,1,0.7273954925821818,Predicted churn,Very high,Priority outreach + personalized retention offer,Offer contract migration incentive; Promote automatic payment; Offer online security bundle; Provide proactive onboarding outreach,High priority,Target,0-6 months,Churned
0576-WNXXC,Male,1,Yes,No,27,Yes,Yes,Fiber optic,No,Yes,Yes,No,No,Yes,Month-to-month,Yes,Electronic check,95.55,2510.2,1,0.6291514536263685,Predicted churn,Very high,Priority outreach + personalized retention offer,Offer contract migration incentive; Promote automatic payment; Offer online security bundle,High priority,Target,25-48 months,Churned
7056-IMHCC,Male,1,Yes,No,53,Yes,Yes,Fiber optic,No,Yes,No,No,Yes,Yes,Month-to-month,Yes,Electronic check,101.9,5549.4,1,0.5245513824711723,Predicted churn,High,Targeted retention campaign,Offer contract migration incentive; Promote automatic payment; Offer online security bundle,Standard priority,Target,45-72 months,Churned
0866-QLSIR,Female,0,No,No,34,Yes,Yes,DSL,Yes,Yes,No,Yes,No,No,One year,Yes,Mailed check,64.4,2088.75,1,0.0553862655308061,Predicted stay,Low,Standard engagement,,Not targeted,Not target,25-48 months,Churned
1628-BIZYP,Male,0,No,No,1,Yes,No,Fiber optic,No,Yes,No,No,No,Yes,Month-to-month,Yes,Electronic check,85.0,85.0,0,0.7144089090070271,Predicted churn,Very high,Priority outreach + personalized retention offer,Offer contract migration incentive; Promote automatic payment; Offer online security bundle; Provide proactive onboarding outreach,High priority,Target,0-6 months,Stayed
2230-XTUWL,Female,0,Yes,Yes,48,Yes,No,No,No internet service,No internet service,No internet service,No internet service,No internet service,No internet service,Two year,No,Mailed check,19.55,883.35,0,0.0052603970420688,Predicted stay,Low,Standard engagement,,Not targeted,Not target,25-48 months,Stayed
1980-KXVPM,Female,1,No,No,3,Yes,Yes,Fiber optic,No,No,No,No,No,No,Month-to-month,Yes,Credit card (automatic),75.05,256.25,1,0.6936390639032579,Predicted churn,Very high,Priority outreach + personalized retention offer,Offer contract migration incentive; Offer online security bundle; Provide proactive onboarding outreach,High priority,Target,0-6 months,Churned
8619-IJNDK,Female,0,Yes,Yes,71,Yes,No,DSL,Yes,Yes,Yes,Yes,No,No,Two year,No,Credit card (automatic),64.05,4492.9,0,0.002912557045234,Predicted stay,Low,Standard engagement,,Not targeted,Not target,45-72 months,Stayed
2960-NKRSO,Male,0,No,No,24,Yes,No,Fiber optic,No,Yes,Yes,Yes,No,No,Month-to-month,Yes,Electronic check,85.95,2107.15,0,0.381575077553396,Predicted churn,High,Targeted retention campaign,Offer contract migration incentive; Promote automatic payment; Offer online security bundle,Standard priority,Target,13-24 months,Stayed
6705-LXORM,Female,1,Yes,No,5,Yes,No,Fiber optic,No,No,No,No,No,No,Month-to-month,No,Electronic check,70.05,302.6,0,0.6226987339768603,Predicted churn,Very high,Priority outreach + personalized retention offer,Offer contract migration incentive; Promote automatic payment; Offer online security bundle; Provide proactive onboarding outreach,High priority,Target,0-6 months,Stayed
7130-VTEWQ,Female,1,No,No,8,Yes,Yes,Fiber optic,No,No,No,No,No,No,Month-to-month,Yes,Electronic check,75.75,606.25,1,0.7328281565988148,Predicted churn,Very high,Priority outreach + personalized retention offer,Offer contract migration incentive; Promote automatic payment; Offer online security bundle; Provide proactive onboarding outreach,High priority,Target,7-12 months,Churned
9364-YKUVW,Male,0,No,No,15,Yes,No,No,No internet service,No internet service,No internet service,No internet service,No internet service,No internet service,Month-to-month,Yes,Mailed check,19.8,309.4,0,0.1546125203198176,Predicted stay,Low,Standard engagement,Offer contract migration incentive,Not targeted,Not target,13-24 months,Stayed
2761-OCIAX,Male,1,No,No,2,Yes,No,Fiber optic,No,Yes,No,No,No,No,Month-to-month,Yes,Electronic check,74.7,165.4,1,0.6968284217922588,Predicted churn,Very high,Priority outreach + personalized retention offer,Offer contract migration incentive; Promote automatic payment; Offer online security bundle; Provide proactive onboarding outreach,High priority,Target,0-6 months,Churned
7996-BPXHY,Female,0,Yes,Yes,13,Yes,Yes,No,No internet service,No internet service,No internet service,No internet service,No internet service,No internet service,Two year,Yes,Bank transfer (automatic),25.0,332.5,0,0.047977900767827,Predicted stay,Low,Standard engagement,,Not targeted,Not target,13-24 months,Stayed
4248-QPAVC,Female,1,Yes,No,17,Yes,Yes,Fiber optic,Yes,No,Yes,No,No,No,Month-to-month,Yes,Bank transfer (automatic),85.35,1463.45,1,0.4846259778677877,Predicted churn,High,Targeted retention campaign,Offer contract migration incentive,Standard priority,Target,13-24 months,Churned
9357-UJRUN,Male,0,Yes,No,24,Yes,Yes,DSL,Yes,No,No,Yes,No,No,One year,Yes,Electronic check,58.35,1346.9,0,0.1309765902239333,Predicted stay,Low,Standard engagement,Promote automatic payment,Not targeted,Not target,13-24 months,Stayed
6340-DACFT,Female,0,Yes,Yes,50,Yes,No,No,No internet service,No internet service,No internet service,No internet service,No internet service,No internet service,Two year,No,Credit card (automatic),20.55,1070.25,0,0.0042188257767009,Predicted stay,Low,Standard engagement,,Not targeted,Not target,45-72 months,Stayed
1023-BQXZE,Male,0,No,No,57,Yes,No,DSL,Yes,No,Yes,No,Yes,Yes,Two year,Yes,Bank transfer (automatic),74.35,4317.35,0,0.0279759722529719,Predicted stay,Low,Standard engagement,,Not targeted,Not target,45-72 months,Stayed
5480-HPRRX,Female,1,No,No,3,No,No phone service,DSL,No,No,No,No,No,No,Month-to-month,No,Electronic check,25.3,77.75,1,0.5739511511046083,Predicted churn,High,Targeted retention campaign,Offer contract migration incentive; Promote automatic payment; Offer online security bundle; Provide proactive onboarding outreach,Standard priority,Target,0-6 months,Churned
9576-SYUHJ,Male,0,No,No,37,Yes,Yes,Fiber optic,Yes,No,No,No,Yes,No,Month-to-month,Yes,Electronic check,91.15,3369.25,0,0.4540417541916661,Predicted churn,High,Targeted retention campaign,Offer contract migration incentive; Promote automatic payment,Standard priority,Target,25-48 months,Stayed
2169-RRLFW,Female,0,Yes,No,71,Yes,Yes,No,No internet service,No internet service,No internet service,No internet service,No internet service,No internet service,Two year,No,Credit card (automatic),25.6,1888.25,0,0.0028463310223621,Predicted stay,Low,Standard engagement,,Not targeted,Not target,45-72 months,Stayed
8338-QIUNR,Male,0,Yes,Yes,72,Yes,Yes,DSL,Yes,No,Yes,Yes,No,No,Two year,Yes,Credit card (automatic),66.5,4811.6,0,0.0060624257117183,Predicted stay,Low,Standard engagement,,Not targeted,Not target,45-72 months,Stayed
0463-TXOAK,Male,0,No,Yes,52,Yes,Yes,No,No internet service,No internet service,No internet service,No internet service,No internet service,No internet service,Two year,No,Credit card (automatic),25.6,1334.5,0,0.0053751549538465,Predicted stay,Low,Standard engagement,,Not targeted,Not target,45-72 months,Stayed
4396-KLSEH,Male,0,No,No,4,Yes,No,No,No internet service,No internet service,No internet service,No internet service,No internet service,No internet service,Month-to-month,Yes,Electronic check,19.85,63.0,0,0.2942662935651054,Predicted stay,Moderate,Preventative engagement,Offer contract migration incentive; Promote automatic payment; Provide proactive onboarding outreach,Not targeted,Not target,0-6 months,Stayed
5186-EJEGL,Male,0,No,No,9,Yes,No,DSL,Yes,No,Yes,Yes,Yes,No,Month-to-month,Yes,Mailed check,69.5,653.25,0,0.250438360804309,Predicted stay,Moderate,Preventative engagement,Offer contract migration incentive; Provide proactive onboarding outreach,Not targeted,Not target,7-12 months,Stayed
9334-GWGOW,Male,1,Yes,No,7,Yes,Yes,Fiber optic,No,No,No,No,No,No,Month-to-month,Yes,Electronic check,74.85,485.25,0,0.7559155909480416,Predicted churn,Very high,Priority outreach + personalized retention offer,Offer contract migration incentive; Promote automatic payment; Offer online security bundle; Provide proactive onboarding outreach,High priority,Target,7-12 months,Stayed
5696-JVVQY,Female,0,Yes,Yes,48,Yes,No,DSL,Yes,Yes,Yes,No,No,Yes,Two year,Yes,Credit card (automatic),70.1,3238.4,0,0.017246657467933,Predicted stay,Low,Standard engagement,,Not targeted,Not target,25-48 months,Stayed
9633-DENPU,Female,0,Yes,No,47,Yes,No,DSL,No,Yes,No,No,Yes,No,Month-to-month,Yes,Bank transfer (automatic),58.6,2723.4,0,0.1260595451560625,Predicted stay,Low,Standard engagement,Offer contract migration incentive; Offer online security bundle,Not targeted,Not target,25-48 months,Stayed
0581-BXBUB,Female,1,No,No,4,Yes,No,Fiber optic,No,Yes,No,No,No,No,Month-to-month,No,Electronic check,72.75,317.75,0,0.6212179876426982,Predicted churn,Very high,Priority outreach + personalized retention offer,Offer contract migration incentive; Promote automatic payment; Offer online security bundle; Provide proactive onboarding outreach,High priority,Target,0-6 months,Stayed
2750-BJLSB,Female,0,No,No,47,Yes,No,Fiber optic,Yes,No,Yes,Yes,Yes,Yes,One year,Yes,Electronic check,103.7,4730.6,0,0.1941270379182683,Predicted stay,Low,Standard engagement,Promote automatic payment,Not targeted,Not target,25-48 months,Stayed
2770-NSVDG,Male,0,Yes,No,24,No,No phone service,DSL,No,No,Yes,No,No,No,Month-to-month,No,Electronic check,29.1,688.0,0,0.3258917567718516,Predicted stay,Moderate,Preventative engagement,Offer contract migration incentive; Promote automatic payment; Offer online security bundle,Not targeted,Not target,13-24 months,Stayed
8280-MQRQN,Female,0,No,No,1,Yes,No,DSL,No,No,Yes,No,No,No,Month-to-month,Yes,Mailed check,50.45,50.45,1,0.4206631719379096,Predicted churn,High,Targeted retention campaign,Offer contract migration incentive; Offer online security bundle; Provide proactive onboarding outreach,Standard priority,Target,0-6 months,Churned
7851-FLGGQ,Male,0,No,No,1,No,No phone service,DSL,No,Yes,No,Yes,No,Yes,Month-to-month,Yes,Mailed check,44.65,44.65,1,0.5067928015117943,Predicted churn,High,Targeted retention campaign,Offer contract migration incentive; Offer online security bundle; Provide proactive onboarding outreach,Standard priority,Target,0-6 months,Churned
9374-YOLBJ,Female,0,Yes,Yes,1,Yes,No,No,No internet service,No internet service,No internet service,No internet service,No internet service,No internet service,Month-to-month,No,Electronic check,19.25,19.25,0,0.216551747869302,Predicted stay,Moderate,Preventative engagement,Offer contract migration incentive; Promote automatic payment; Provide proactive onboarding outreach,Not targeted,Not target,0-6 months,Stayed
6583-SZVGP,Male,0,No,No,48,Yes,Yes,Fiber optic,No,Yes,Yes,No,Yes,Yes,Two year,Yes,Bank transfer (automatic),108.1,5067.45,0,0.1416417237045449,Predicted stay,Low,Standard engagement,Offer online security bundle,Not targeted,Not target,25-48 months,Stayed
2150-OEGBV,Male,0,No,No,27,Yes,No,No,No internet service,No internet service,No internet service,No internet service,No internet service,No internet service,One year,No,Bank transfer (automatic),20.1,562.6,0,0.0314119793121461,Predicted stay,Low,Standard engagement,,Not targeted,Not target,25-48 months,Stayed
9372-TXXPS,Female,0,Yes,No,60,Yes,No,DSL,Yes,Yes,No,Yes,No,No,Two year,No,Bank transfer (automatic),59.85,3483.45,0,0.0051359843510036,Predicted stay,Low,Standard engagement,,Not targeted,Not target,45-72 months,Stayed
6933-FHBZC,Female,0,No,No,26,Yes,No,DSL,No,Yes,Yes,No,No,No,One year,Yes,Mailed check,56.05,1553.2,0,0.1016965130235014,Predicted stay,Low,Standard engagement,Offer online security bundle,Not targeted,Not target,25-48 months,Stayed
4698-KVLLG,Female,1,No,No,51,Yes,No,No,No internet service,No internet service,No internet service,No internet service,No internet service,No internet service,Two year,No,Credit card (automatic),19.6,967.9,0,0.0058581688116868,Predicted stay,Low,Standard engagement,,Not targeted,Not target,45-72 months,Stayed
8752-STIVR,Female,0,No,No,4,Yes,No,Fiber optic,No,No,No,No,Yes,No,Month-to-month,Yes,Electronic check,79.0,303.15,1,0.7384890886106791,Predicted churn,Very high,Priority outreach + personalized retention offer,Offer contract migration incentive; Promote automatic payment; Offer online security bundle; Provide proactive onboarding outreach,High priority,Target,0-6 months,Churned
8623-ULFNQ,Female,1,No,No,26,Yes,Yes,DSL,No,No,No,Yes,No,Yes,Month-to-month,Yes,Electronic check,66.05,1652.4,0,0.3437424817984335,Predicted stay,Moderate,Preventative engagement,Offer contract migration incentive; Promote automatic payment; Offer online security bundle,Not targeted,Not target,25-48 months,Stayed
9822-WMWVG,Female,0,No,No,41,Yes,Yes,Fiber optic,Yes,Yes,Yes,Yes,Yes,No,Month-to-month,Yes,Electronic check,106.5,4282.4,0,0.3066706461179876,Predicted stay,Moderate,Preventative engagement,Offer contract migration incentive; Promote automatic payment,Not targeted,Not target,25-48 months,Stayed
4304-TSPVK,Female,0,Yes,No,68,Yes,Yes,Fiber optic,Yes,Yes,Yes,Yes,Yes,Yes,Two year,No,Bank transfer (automatic),114.9,7843.55,0,0.0417891204665287,Predicted stay,Low,Standard engagement,,Not targeted,Not target,45-72 months,Stayed
1716-LSAMB,Male,0,Yes,Yes,45,Yes,No,DSL,Yes,No,No,Yes,No,No,Two year,No,Bank transfer (automatic),54.65,2553.7,0,0.0088866117624869,Predicted stay,Low,Standard engagement,,Not targeted,Not target,25-48 months,Stayed
3523-QRQLL,Female,0,Yes,Yes,22,Yes,No,DSL,No,Yes,No,No,Yes,Yes,One year,Yes,Bank transfer (automatic),69.5,1498.2,1,0.1560171442911478,Predicted stay,Low,Standard engagement,Offer online security bundle,Not targeted,Not target,13-24 months,Churned
2187-PKZAY,Male,0,No,No,12,Yes,No,Fiber optic,No,No,No,No,No,Yes,Month-to-month,Yes,Bank transfer (automatic),79.95,1043.4,0,0.5940489838465838,Predicted churn,High,Targeted retention campaign,Offer contract migration incentive; Offer online security bundle; Provide proactive onboarding outreach,Standard priority,Target,7-12 months,Stayed
1895-QTKDO,Female,0,No,No,1,Yes,No,DSL,No,No,No,No,No,No,Month-to-month,No,Credit card (automatic),43.95,43.95,0,0.3419953691601226,Predicted stay,Moderate,Preventative engagement,Offer contract migration incentive; Offer online security bundle; Provide proactive onboarding outreach,Not targeted,Not target,0-6 months,Stayed
8161-QYMTT,Male,0,No,No,7,Yes,Yes,Fiber optic,No,No,No,No,Yes,Yes,Month-to-month,Yes,Electronic check,94.1,701.3,0,0.8170880788071763,Predicted churn,Very high,Priority outreach + personalized retention offer,Offer contract migration incentive; Promote automatic payment; Offer online security bundle; Provide proactive onboarding outreach,High priority,Target,7-12 months,Stayed
2955-PSXOE,Female,0,No,No,1,Yes,No,No,No internet service,No internet service,No internet service,No internet service,No internet service,No internet service,Month-to-month,Yes,Bank transfer (automatic),20.2,20.2,1,0.2391007361886185,Predicted stay,Moderate,Preventative engagement,Offer contract migration incentive; Provide proactive onboarding outreach,Not targeted,Not target,0-6 months,Churned
6834-NXDCA,Female,0,No,No,13,No,No phone service,DSL,No,No,No,No,No,No,Month-to-month,Yes,Electronic check,23.9,300.8,1,0.5347614814210448,Predicted churn,High,Targeted retention campaign,Offer contract migration incentive; Promote automatic payment; Offer online security bundle,Standard priority,Target,13-24 months,Churned
8701-DGLVH,Male,0,No,No,51,Yes,No,No,No internet service,No internet service,No internet service,No internet service,No internet service,No internet service,Two year,No,Mailed check,20.45,1042.65,0,0.0055362287363651,Predicted stay,Low,Standard engagement,,Not targeted,Not target,45-72 months,Stayed
2480-SQIOB,Male,0,Yes,Yes,4,Yes,No,DSL,No,No,No,No,No,No,Month-to-month,No,Electronic check,44.8,169.65,0,0.3533758412605292,Predicted churn,High,Targeted retention campaign,Offer contract migration incentive; Promote automatic payment; Offer online security bundle; Provide proactive onboarding outreach,Standard priority,Target,0-6 months,Stayed
4993-JCRGJ,Male,0,No,No,26,Yes,Yes,Fiber optic,No,No,Yes,Yes,No,No,Month-to-month,Yes,Mailed check,84.3,2281.6,0,0.4300197792802649,Predicted churn,High,Targeted retention campaign,Offer contract migration incentive; Offer online security bundle,Standard priority,Target,25-48 months,Stayed
0581-MDMPW,Female,0,No,No,24,Yes,Yes,Fiber optic,No,No,Yes,No,Yes,No,Month-to-month,Yes,Credit card (automatic),88.95,2072.75,0,0.5649339183566958,Predicted churn,High,Targeted retention campaign,Offer contract migration incentive; Offer online security bundle,Standard priority,Target,13-24 months,Stayed
7789-CRUVC,Female,1,Yes,No,61,Yes,Yes,Fiber optic,Yes,Yes,Yes,Yes,No,No,Month-to-month,Yes,Credit card (automatic),94.2,5895.45,0,0.1443082489151718,Predicted stay,Low,Standard engagement,Offer contract migration incentive,Not targeted,Not target,45-72 months,Stayed
0164-APGRB,Female,0,No,No,72,Yes,Yes,Fiber optic,Yes,Yes,Yes,Yes,Yes,Yes,Two year,Yes,Electronic check,114.9,8496.7,0,0.0798939321604488,Predicted stay,Low,Standard engagement,Promote automatic payment,Not targeted,Not target,45-72 months,Stayed
8034-RYTVV,Female,0,No,No,55,Yes,Yes,Fiber optic,Yes,No,Yes,No,No,No,One year,Yes,Credit card (automatic),84.25,4589.85,0,0.1094256285712431,Predicted stay,Low,Standard engagement,,Not targeted,Not target,45-72 months,Stayed
3018-TFTSU,Male,0,No,No,12,Yes,No,Fiber optic,Yes,No,Yes,No,No,No,Month-to-month,No,Bank transfer (automatic),81.7,858.6,1,0.3030198312117743,Predicted stay,Moderate,Preventative engagement,Offer contract migration incentive; Provide proactive onboarding outreach,Not targeted,Not target,7-12 months,Churned
9777-IQHWP,Male,0,Yes,Yes,64,Yes,Yes,Fiber optic,Yes,No,Yes,No,No,Yes,Two year,No,Bank transfer (automatic),93.4,5822.3,0,0.0394832714128758,Predicted stay,Low,Standard engagement,,Not targeted,Not target,45-72 months,Stayed
6899-PPEEA,Female,1,No,No,37,Yes,Yes,Fiber optic,No,No,No,No,Yes,Yes,Month-to-month,Yes,Electronic check,96.55,3580.3,1,0.648083786448574,Predicted churn,Very high,Priority outreach + personalized retention offer,Offer contract migration incentive; Promote automatic payment; Offer online security bundle,High priority,Target,25-48 months,Churned
6701-YVNQG,Male,0,Yes,No,72,Yes,Yes,DSL,Yes,Yes,Yes,Yes,Yes,Yes,Two year,Yes,Credit card (automatic),88.7,6301.7,0,0.0166232293445688,Predicted stay,Low,Standard engagement,,Not targeted,Not target,45-72 months,Stayed
7649-PHJVR,Male,0,No,No,11,Yes,No,No,No internet service,No internet service,No internet service,No internet service,No internet service,No internet service,One year,No,Mailed check,19.5,226.8,0,0.0719584797701722,Predicted stay,Low,Standard engagement,Provide proactive onboarding outreach,Not targeted,Not target,7-12 months,Stayed
9278-VZKCD,Female,1,Yes,No,52,Yes,Yes,Fiber optic,Yes,Yes,Yes,No,Yes,Yes,Month-to-month,Yes,Electronic check,109.1,5647.95,0,0.4642327952268497,Predicted churn,High,Targeted retention campaign,Offer contract migration incentive; Promote automatic payment,Standard priority,Target,45-72 months,Stayed
7636-PEPNS,Female,0,Yes,Yes,58,Yes,No,DSL,No,No,No,No,No,No,One year,Yes,Mailed check,44.1,2413.05,0,0.0293374640689453,Predicted stay,Low,Standard engagement,Offer online security bundle,Not targeted,Not target,45-72 months,Stayed
1575-KRZZE,Female,0,No,No,4,Yes,No,DSL,Yes,Yes,No,No,No,No,Month-to-month,No,Electronic check,55.2,220.65,0,0.2597173121378952,Predicted stay,Moderate,Preventative engagement,Offer contract migration incentive; Promote automatic payment; Provide proactive onboarding outreach,Not targeted,Not target,0-6 months,Stayed
8590-OHDIW,Female,0,Yes,Yes,38,Yes,No,No,No internet service,No internet service,No internet service,No internet service,No internet service,No internet service,One year,No,Mailed check,20.3,749.35,0,0.01594220907644,Predicted stay,Low,Standard engagement,,Not targeted,Not target,25-48 months,Stayed
7764-BDPEE,Male,0,No,Yes,3,Yes,No,No,No internet service,No internet service,No internet service,No internet service,No internet service,No internet service,Month-to-month,No,Mailed check,20.85,60.65,0,0.1431548933975777,Predicted stay,Low,Standard engagement,Offer contract migration incentive; Provide proactive onboarding outreach,Not targeted,Not target,0-6 months,Stayed
9480-BQJEI,Male,0,No,No,62,Yes,Yes,Fiber optic,Yes,Yes,No,No,No,Yes,One year,Yes,Bank transfer (automatic),92.3,5731.45,0,0.1262751327847086,Predicted stay,Low,Standard engagement,,Not targeted,Not target,45-72 months,Stayed
3354-OADJP,Female,0,No,No,8,Yes,No,DSL,Yes,No,No,Yes,No,No,One year,No,Bank transfer (automatic),54.25,447.75,0,0.0820215492437444,Predicted stay,Low,Standard engagement,Provide proactive onboarding outreach,Not targeted,Not target,7-12 months,Stayed
3181-MIZBN,Male,0,Yes,Yes,16,Yes,No,No,No internet service,No internet service,No internet service,No internet service,No internet service,No internet service,Month-to-month,No,Electronic check,19.75,313.4,0,0.1180688769864159,Predicted stay,Low,Standard engagement,Offer contract migration incentive; Promote automatic payment,Not targeted,Not target,13-24 months,Stayed
9327-QSDED,Male,0,No,No,8,Yes,No,DSL,No,No,No,No,No,No,Month-to-month,No,Mailed check,43.55,335.4,0,0.3096396379996424,Predicted stay,Moderate,Preventative engagement,Offer contract migration incentive; Offer online security bundle; Provide proactive onboarding outreach,Not targeted,Not target,7-12 months,Stayed
4892-VLANZ,Male,0,No,No,1,Yes,No,No,No internet service,No internet service,No internet service,No internet service,No internet service,No internet service,Month-to-month,No,Mailed check,19.8,19.8,1,0.197099088093992,Predicted stay,Low,Standard engagement,Offer contract migration incentive; Provide proactive onboarding outreach,Not targeted,Not target,0-6 months,Churned
0298-XACET,Male,0,Yes,Yes,52,No,No phone service,DSL,No,Yes,Yes,Yes,Yes,No,Two year,No,Mailed check,50.2,2554.0,0,0.0170943972075183,Predicted stay,Low,Standard engagement,Offer online security bundle,Not targeted,Not target,45-72 months,Stayed
6917-FIJHC,Female,0,Yes,No,72,Yes,Yes,No,No internet service,No internet service,No internet service,No internet service,No internet service,No internet service,Two year,Yes,Mailed check,26.0,1776.0,0,0.0040957302350891,Predicted stay,Low,Standard engagement,,Not targeted,Not target,45-72 months,Stayed
6557-BZXLQ,Male,1,No,No,16,Yes,No,Fiber optic,No,No,No,No,No,No,Month-to-month,No,Electronic check,69.65,1043.3,0,0.5334549486723164,Predicted churn,High,Targeted retention campaign,Offer contract migration incentive; Promote automatic payment; Offer online security bundle,Standard priority,Target,13-24 months,Stayed
2432-TFSMK,Male,0,No,No,18,Yes,Yes,Fiber optic,No,No,Yes,No,Yes,No,One year,Yes,Credit card (automatic),89.6,1633.0,0,0.4382172831263763,Predicted churn,High,Targeted retention campaign,Offer online security bundle,Standard priority,Target,13-24 months,Stayed
4211-MMAZN,Male,0,No,No,1,Yes,No,No,No internet service,No internet service,No internet service,No internet service,No internet service,No internet service,Month-to-month,No,Mailed check,20.25,20.25,1,0.1927112862653623,Predicted stay,Low,Standard engagement,Offer contract migration incentive; Provide proactive onboarding outreach,Not targeted,Not target,0-6 months,Churned
4751-ERMAN,Male,0,Yes,Yes,72,Yes,No,DSL,No,Yes,Yes,No,Yes,Yes,Two year,Yes,Bank transfer (automatic),75.4,5480.25,0,0.0167381795461825,Predicted stay,Low,Standard engagement,Offer online security bundle,Not targeted,Not target,45-72 months,Stayed
8430-TWCBX,Female,0,Yes,No,49,Yes,No,No,No internet service,No internet service,No internet service,No internet service,No internet service,No internet service,One year,No,Credit card (automatic),20.7,1032.05,0,0.010639288448358,Predicted stay,Low,Standard engagement,,Not targeted,Not target,45-72 months,Stayed
1942-OQFRW,Male,0,No,No,1,Yes,No,DSL,No,No,No,No,No,No,Month-to-month,No,Electronic check,44.0,44.0,0,0.4441026448746346,Predicted churn,High,Targeted retention campaign,Offer contract migration incentive; Promote automatic payment; Offer online security bundle; Provide proactive onboarding outreach,Standard priority,Target,0-6 months,Stayed
4075-JFPGR,Female,0,Yes,No,51,Yes,No,Fiber optic,Yes,Yes,Yes,No,Yes,No,One year,Yes,Electronic check,93.5,4619.55,0,0.1605162139129133,Predicted stay,Low,Standard engagement,Promote automatic payment,Not targeted,Not target,45-72 months,Stayed
3339-EAQNV,Male,1,Yes,No,72,Yes,Yes,Fiber optic,No,Yes,No,No,Yes,Yes,One year,Yes,Credit card (automatic),97.25,7133.1,0,0.2104996677751296,Predicted stay,Moderate,Preventative engagement,Offer online security bundle,Not targeted,Not target,45-72 months,Stayed
5329-KRDTM,Male,1,Yes,No,72,Yes,Yes,DSL,No,Yes,Yes,Yes,Yes,No,Two year,No,Credit card (automatic),77.35,5396.25,0,0.0104650949848055,Predicted stay,Low,Standard engagement,Offer online security bundle,Not targeted,Not target,45-72 months,Stayed
0307-BCOPK,Female,0,No,No,16,Yes,No,No,No internet service,No internet service,No internet service,No internet service,No internet service,No internet service,One year,No,Mailed check,19.05,326.65,0,0.057911104058052,Predicted stay,Low,Standard engagement,,Not targeted,Not target,13-24 months,Stayed
6473-ULUHT,Male,0,Yes,Yes,16,Yes,Yes,DSL,Yes,Yes,No,Yes,Yes,Yes,Month-to-month,No,Electronic check,84.9,1398.25,0,0.2303708291082977,Predicted stay,Moderate,Preventative engagement,Offer contract migration incentive; Promote automatic payment,Not targeted,Not target,13-24 months,Stayed
1194-SPVSP,Male,0,No,No,1,Yes,No,No,No internet service,No internet service,No internet service,No internet service,No internet service,No internet service,Month-to-month,No,Bank transfer (automatic),19.65,19.65,0,0.186736165486493,Predicted stay,Low,Standard engagement,Offer contract migration incentive; Provide proactive onboarding outreach,Not targeted,Not target,0-6 months,Stayed
7249-WBIYX,Male,0,Yes,No,10,Yes,Yes,Fiber optic,No,No,No,No,Yes,No,Month-to-month,Yes,Electronic check,85.6,813.85,1,0.746080148726809,Predicted churn,Very high,Priority outreach + personalized retention offer,Offer contract migration incentive; Promote automatic payment; Offer online security bundle; Provide proactive onboarding outreach,High priority,Target,7-12 months,Churned
2293-IJWPS,Female,0,Yes,No,57,Yes,Yes,Fiber optic,No,No,Yes,No,Yes,Yes,One year,Yes,Credit card (automatic),100.75,5985.0,0,0.25621810359585,Predicted stay,Moderate,Preventative engagement,Offer online security bundle,Not targeted,Not target,45-72 months,Stayed
4377-VDHYI,Male,0,Yes,Yes,32,Yes,No,Fiber optic,Yes,Yes,No,No,No,Yes,One year,Yes,Electronic check,90.8,3023.85,0,0.2051522882177304,Predicted stay,Moderate,Preventative engagement,Promote automatic payment,Not targeted,Not target,25-48 months,Stayed
0019-EFAEP,Female,0,No,No,72,Yes,Yes,Fiber optic,Yes,Yes,Yes,No,Yes,No,Two year,Yes,Bank transfer (automatic),101.3,7261.25,0,0.0444532857954293,Predicted stay,Low,Standard engagement,,Not targeted,Not target,45-72 months,Stayed
2480-EJWYP,Female,1,Yes,No,58,Yes,Yes,Fiber optic,No,Yes,No,No,Yes,Yes,One year,Yes,Bank transfer (automatic),97.8,5458.8,0,0.2617723077390089,Predicted stay,Moderate,Preventative engagement,Offer online security bundle,Not targeted,Not target,45-72 months,Stayed
8970-ANWXO,Female,0,No,No,23,Yes,Yes,DSL,No,No,No,Yes,Yes,Yes,One year,Yes,Mailed check,73.75,1756.6,0,0.221657043519421,Predicted stay,Moderate,Preventative engagement,Offer online security bundle,Not targeted,Not target,13-24 months,Stayed
8739-WWKDU,Male,1,No,No,25,Yes,Yes,Fiber optic,No,Yes,No,No,Yes,No,Month-to-month,Yes,Electronic check,89.5,2196.15,1,0.655446146618329,Predicted churn,Very high,Priority outreach + personalized retention offer,Offer contract migration incentive; Promote automatic payment; Offer online security bundle,High priority,Target,25-48 months,Churned
2171-UDMFD,Male,0,Yes,Yes,32,Yes,No,No,No internet service,No internet service,No internet service,No internet service,No internet service,No internet service,Month-to-month,Yes,Credit card (automatic),19.45,674.55,0,0.0581565595932488,Predicted stay,Low,Standard engagement,Offer contract migration incentive,Not targeted,Not target,25-48 months,Stayed
7036-TYDEC,Female,0,No,No,69,Yes,Yes,Fiber optic,No,No,Yes,Yes,Yes,Yes,Two year,No,Electronic check,104.0,7028.5,0,0.0865958035100095,Predicted stay,Low,Standard engagement,Promote automatic payment; Offer online security bundle,Not targeted,Not target,45-72 months,Stayed
3831-YCPUO,Female,0,Yes,Yes,72,Yes,No,Fiber optic,Yes,Yes,Yes,Yes,Yes,Yes,Two year,Yes,Credit card (automatic),109.5,7854.9,0,0.0299317503686578,Predicted stay,Low,Standard engagement,,Not targeted,Not target,45-72 months,Stayed
0121-SNYRK,Male,0,No,No,50,No,No phone service,DSL,Yes,No,No,Yes,No,No,One year,Yes,Mailed check,35.4,1748.9,0,0.0346798572483973,Predicted stay,Low,Standard engagement,,Not targeted,Not target,45-72 months,Stayed
3325-FUYCG,Male,0,Yes,Yes,28,Yes,Yes,Fiber optic,Yes,Yes,No,No,Yes,Yes,One year,No,Electronic check,106.1,2847.4,1,0.2540080392282789,Predicted stay,Moderate,Preventative engagement,Promote automatic payment,Not targeted,Not target,25-48 months,Churned
1952-DVVSW,Female,0,Yes,No,10,Yes,No,No,No internet service,No internet service,No internet service,No internet service,No internet service,No internet service,One year,No,Mailed check,20.1,184.4,0,0.0721810332923234,Predicted stay,Low,Standard engagement,Provide proactive onboarding outreach,Not targeted,Not target,7-12 months,Stayed
3571-DPYUH,Male,0,Yes,Yes,58,Yes,Yes,Fiber optic,No,Yes,No,Yes,Yes,No,One year,Yes,Credit card (automatic),94.7,5430.35,0,0.106448666308044,Predicted stay,Low,Standard engagement,Offer online security bundle,Not targeted,Not target,45-72 months,Stayed
2077-MPJQO,Male,1,Yes,No,7,Yes,Yes,Fiber optic,No,No,No,No,No,No,Month-to-month,Yes,Electronic check,75.4,533.05,0,0.751774447397807,Predicted churn,Very high,Priority outreach + personalized retention offer,Offer contract migration incentive; Promote automatic payment; Offer online security bundle; Provide proactive onboarding outreach,High priority,Target,7-12 months,Stayed
2391-SOORI,Male,0,No,Yes,4,Yes,No,DSL,Yes,No,No,No,No,No,Month-to-month,No,Electronic check,49.35,219.65,1,0.2667027442258219,Predicted stay,Moderate,Preventative engagement,Offer contract migration incentive; Promote automatic payment; Provide proactive onboarding outreach,Not targeted,Not target,0-6 months,Churned
4086-ATNFV,Female,0,Yes,Yes,34,Yes,No,DSL,Yes,Yes,Yes,No,No,No,One year,Yes,Mailed check,60.8,2042.05,0,0.0434498919038611,Predicted stay,Low,Standard engagement,,Not targeted,Not target,25-48 months,Stayed
3396-DKDEL,Female,0,Yes,Yes,70,Yes,Yes,Fiber optic,Yes,Yes,Yes,Yes,Yes,Yes,Two year,Yes,Credit card (automatic),115.15,8250.0,0,0.0460758796118662,Predicted stay,Low,Standard engagement,,Not targeted,Not target,45-72 months,Stayed
7471-MQPOS,Male,1,Yes,Yes,71,Yes,Yes,DSL,No,Yes,Yes,Yes,No,Yes,One year,Yes,Bank transfer (automatic),72.9,5139.65,0,0.031128777725061,Predicted stay,Low,Standard engagement,Offer online security bundle,Not targeted,Not target,45-72 months,Stayed
7181-OQCUT,Male,0,No,No,21,Yes,Yes,Fiber optic,Yes,No,Yes,No,Yes,Yes,Month-to-month,No,Mailed check,103.85,2215.0,0,0.5009170957788988,Predicted churn,High,Targeted retention campaign,Offer contract migration incentive,Standard priority,Target,13-24 months,Stayed
3489-VSFRD,Female,0,No,No,56,Yes,No,DSL,Yes,No,Yes,Yes,No,No,One year,Yes,Credit card (automatic),60.25,3282.75,0,0.018120663243395,Predicted stay,Low,Standard engagement,,Not targeted,Not target,45-72 months,Stayed
6283-GITPX,Male,0,No,Yes,71,Yes,No,DSL,Yes,Yes,Yes,Yes,Yes,No,Two year,Yes,Credit card (automatic),76.9,5522.7,0,0.0056602958467856,Predicted stay,Low,Standard engagement,,Not targeted,Not target,45-72 months,Stayed
2845-HSJCY,Female,0,Yes,Yes,14,Yes,Yes,Fiber optic,No,No,Yes,No,No,Yes,Month-to-month,Yes,Electronic check,87.25,1258.6,1,0.7105679073544966,Predicted churn,Very high,Priority outreach + personalized retention offer,Offer contract migration incentive; Promote automatic payment; Offer online security bundle,High priority,Target,13-24 months,Churned
7216-KAOID,Male,0,Yes,Yes,41,Yes,No,No,No internet service,No internet service,No internet service,No internet service,No internet service,No internet service,One year,No,Bank transfer (automatic),19.5,798.2,0,0.0137546006603056,Predicted stay,Low,Standard engagement,,Not targeted,Not target,25-48 months,Stayed
6680-WKXRZ,Female,0,No,No,3,Yes,Yes,Fiber optic,No,No,No,No,No,No,Month-to-month,No,Bank transfer (automatic),74.4,215.8,1,0.5882475742205728,Predicted churn,High,Targeted retention campaign,Offer contract migration incentive; Offer online security bundle; Provide proactive onboarding outreach,Standard priority,Target,0-6 months,Churned
2346-LOCWC,Female,0,Yes,Yes,58,Yes,No,No,No internet service,No internet service,No internet service,No internet service,No internet service,No internet service,Two year,No,Credit card (automatic),20.5,1191.4,0,0.0028669878012235,Predicted stay,Low,Standard engagement,,Not targeted,Not target,45-72 months,Stayed
0769-MURVM,Female,0,Yes,Yes,72,No,No phone service,DSL,Yes,Yes,Yes,Yes,Yes,Yes,Two year,No,Bank transfer (automatic),65.7,4575.35,0,0.0071234341087411,Predicted stay,Low,Standard engagement,,Not targeted,Not target,45-72 months,Stayed
3374-LXDEV,Female,0,No,No,13,Yes,Yes,Fiber optic,No,Yes,Yes,Yes,No,No,Month-to-month,No,Electronic check,89.4,1132.35,1,0.4601790490939211,Predicted churn,High,Targeted retention campaign,Offer contract migration incentive; Promote automatic payment; Offer online security bundle,Standard priority,Target,13-24 months,Churned
5318-YKDPV,Male,0,Yes,Yes,43,Yes,No,DSL,Yes,No,Yes,Yes,Yes,Yes,Two year,Yes,Credit card (automatic),79.15,3566.6,0,0.0268273650764939,Predicted stay,Low,Standard engagement,,Not targeted,Not target,25-48 months,Stayed
8190-ZTQFB,Male,0,No,No,41,No,No phone service,DSL,No,No,Yes,No,Yes,Yes,One year,Yes,Electronic check,51.35,2075.1,0,0.2091981783131791,Predicted stay,Moderate,Preventative engagement,Promote automatic payment; Offer online security bundle,Not targeted,Not target,25-48 months,Stayed
4512-ZUIYL,Female,0,No,No,2,Yes,No,Fiber optic,No,No,No,No,No,No,Month-to-month,No,Bank transfer (automatic),70.0,153.05,1,0.5179802042224682,Predicted churn,High,Targeted retention campaign,Offer contract migration incentive; Offer online security bundle; Provide proactive onboarding outreach,Standard priority,Target,0-6 months,Churned
3090-QFUVD,Female,0,No,No,1,Yes,No,No,No internet service,No internet service,No internet service,No internet service,No internet service,No internet service,Month-to-month,No,Credit card (automatic),20.3,20.3,0,0.1738441848114616,Predicted stay,Low,Standard engagement,Offer contract migration incentive; Provide proactive onboarding outreach,Not targeted,Not target,0-6 months,Stayed
4806-KEXQR,Male,0,No,No,4,Yes,No,Fiber optic,No,No,No,No,No,Yes,Month-to-month,Yes,Electronic check,79.9,324.3,1,0.7331464107164919,Predicted churn,Very high,Priority outreach + personalized retention offer,Offer contract migration incentive; Promote automatic payment; Offer online security bundle; Provide proactive onboarding outreach,High priority,Target,0-6 months,Churned
2369-FEVNO,Male,0,No,No,1,Yes,No,No,No internet service,No internet service,No internet service,No internet service,No internet service,No internet service,Month-to-month,Yes,Mailed check,19.9,19.9,0,0.2610123897657165,Predicted stay,Moderate,Preventative engagement,Offer contract migration incentive; Provide proactive onboarding outreach,Not targeted,Not target,0-6 months,Stayed
9637-CDTKZ,Male,0,Yes,No,72,Yes,Yes,Fiber optic,Yes,Yes,Yes,Yes,Yes,Yes,Two year,Yes,Credit card (automatic),114.1,8086.4,0,0.0539219555156273,Predicted stay,Low,Standard engagement,,Not targeted,Not target,45-72 months,Stayed
2954-PIBKO,Female,0,Yes,Yes,69,Yes,Yes,DSL,Yes,No,Yes,Yes,No,No,Two year,Yes,Credit card (automatic),64.15,4254.1,0,0.0069845443957242,Predicted stay,Low,Standard engagement,,Not targeted,Not target,45-72 months,Stayed
2212-LYASK,Male,0,Yes,Yes,27,No,No phone service,DSL,No,Yes,Yes,No,No,Yes,One year,Yes,Credit card (automatic),45.85,1246.4,0,0.1437557037365867,Predicted stay,Low,Standard engagement,Offer online security bundle,Not targeted,Not target,25-48 months,Stayed
9481-SFCQY,Female,0,No,Yes,14,Yes,No,DSL,No,No,Yes,No,Yes,No,Month-to-month,Yes,Credit card (automatic),59.8,824.85,0,0.2932922891294516,Predicted stay,Moderate,Preventative engagement,Offer contract migration incentive; Offer online security bundle,Not targeted,Not target,13-24 months,Stayed
2828-SLQPF,Male,0,No,No,19,Yes,No,DSL,No,No,No,No,No,No,Month-to-month,Yes,Bank transfer (automatic),45.0,865.85,0,0.2603064835376475,Predicted stay,Moderate,Preventative engagement,Offer contract migration incentive; Offer online security bundle,Not targeted,Not target,13-24 months,Stayed
4647-MUZON,Female,0,Yes,No,18,Yes,No,Fiber optic,No,No,Yes,No,Yes,Yes,Month-to-month,Yes,Credit card (automatic),95.95,1745.5,0,0.5801303370819938,Predicted churn,High,Targeted retention campaign,Offer contract migration incentive; Offer online security bundle,Standard priority,Target,13-24 months,Stayed
8212-DJRCH,Male,0,Yes,Yes,5,Yes,No,Fiber optic,Yes,No,Yes,No,No,Yes,Month-to-month,Yes,Mailed check,90.35,434.5,0,0.4931637002114281,Predicted churn,High,Targeted retention campaign,Offer contract migration incentive; Provide proactive onboarding outreach,Standard priority,Target,0-6 months,Stayed
0516-OOHAR,Male,0,Yes,Yes,28,Yes,No,Fiber optic,No,Yes,Yes,No,Yes,Yes,One year,No,Bank transfer (automatic),100.35,2799.0,0,0.2090366947255657,Predicted stay,Moderate,Preventative engagement,Offer online security bundle,Not targeted,Not target,25-48 months,Stayed
4973-RLZVI,Female,0,No,No,30,Yes,No,DSL,Yes,Yes,Yes,Yes,Yes,No,One year,No,Credit card (automatic),74.65,2308.6,0,0.0402786707496142,Predicted stay,Low,Standard engagement,,Not targeted,Not target,25-48 months,Stayed
8089-UZWLX,Female,1,No,No,71,Yes,Yes,Fiber optic,No,No,Yes,No,Yes,Yes,Two year,No,Bank transfer (automatic),104.05,7413.55,0,0.0728225414764607,Predicted stay,Low,Standard engagement,Offer online security bundle,Not targeted,Not target,45-72 months,Stayed
9732-KPKBW,Male,0,No,No,1,Yes,No,DSL,Yes,No,No,Yes,No,No,Month-to-month,Yes,Electronic check,53.95,53.95,1,0.3425668992851919,Predicted stay,Moderate,Preventative engagement,Offer contract migration incentive; Promote automatic payment; Provide proactive onboarding outreach,Not targeted,Not target,0-6 months,Churned
9715-WZCLW,Male,0,Yes,Yes,71,Yes,Yes,Fiber optic,Yes,No,No,No,Yes,Yes,Two year,Yes,Electronic check,97.2,6910.3,0,0.100099597204511,Predicted stay,Low,Standard engagement,Promote automatic payment,Not targeted,Not target,45-72 months,Stayed
0257-KXZGU,Female,0,Yes,Yes,32,Yes,Yes,DSL,No,Yes,Yes,No,No,No,Month-to-month,No,Bank transfer (automatic),62.45,2045.55,0,0.106515982821356,Predicted stay,Low,Standard engagement,Offer contract migration incentive; Offer online security bundle,Not targeted,Not target,25-48 months,Stayed
0707-HOVVN,Female,1,No,No,70,Yes,Yes,DSL,No,Yes,Yes,Yes,Yes,No,Two year,Yes,Bank transfer (automatic),75.5,5212.65,0,0.0175891003247394,Predicted stay,Low,Standard engagement,Offer online security bundle,Not targeted,Not target,45-72 months,Stayed
5501-TVMGM,Male,0,No,No,1,Yes,No,DSL,No,No,No,No,No,Yes,Month-to-month,Yes,Electronic check,55.25,55.25,0,0.5712231577943083,Predicted churn,High,Targeted retention campaign,Offer contract migration incentive; Promote automatic payment; Offer online security bundle; Provide proactive onboarding outreach,Standard priority,Target,0-6 months,Stayed
3422-LYEPQ,Male,0,Yes,Yes,1,Yes,No,Fiber optic,No,No,No,No,No,No,Month-to-month,Yes,Electronic check,71.0,71.0,1,0.6494162517927434,Predicted churn,Very high,Priority outreach + personalized retention offer,Offer contract migration incentive; Promote automatic payment; Offer online security bundle; Provide proactive onboarding outreach,High priority,Target,0-6 months,Churned
2277-VWCNI,Female,1,No,No,4,Yes,Yes,DSL,No,No,No,No,No,No,Month-to-month,No,Mailed check,48.75,179.85,0,0.4415184772211001,Predicted churn,High,Targeted retention campaign,Offer contract migration incentive; Offer online security bundle; Provide proactive onboarding outreach,Standard priority,Target,0-6 months,Stayed
5461-QKNTN,Male,1,Yes,No,43,Yes,Yes,Fiber optic,No,Yes,No,Yes,Yes,No,Month-to-month,Yes,Electronic check,94.3,3953.15,0,0.448617205839201,Predicted churn,High,Targeted retention campaign,Offer contract migration incentive; Promote automatic payment; Offer online security bundle,Standard priority,Target,25-48 months,Stayed
3967-KXAPS,Male,0,Yes,No,72,Yes,Yes,DSL,Yes,Yes,Yes,Yes,Yes,Yes,Two year,No,Credit card (automatic),92.3,6719.9,0,0.0102532594034244,Predicted stay,Low,Standard engagement,,Not targeted,Not target,45-72 months,Stayed
6919-ELBGL,Male,1,Yes,Yes,72,Yes,Yes,Fiber optic,Yes,Yes,Yes,Yes,Yes,Yes,Two year,Yes,Bank transfer (automatic),114.95,8196.4,0,0.0500167489275673,Predicted stay,Low,Standard engagement,,Not targeted,Not target,45-72 months,Stayed
8361-LTMKD,Male,1,Yes,No,4,Yes,Yes,Fiber optic,No,No,No,No,No,No,Month-to-month,Yes,Mailed check,74.4,306.6,1,0.7234472385359393,Predicted churn,Very high,Priority outreach + personalized retention offer,Offer contract migration incentive; Offer online security bundle; Provide proactive onboarding outreach,High priority,Target,0-6 months,Churned
1131-ALZWV,Female,0,No,No,24,Yes,Yes,No,No internet service,No internet service,No internet service,No internet service,No internet service,No internet service,One year,No,Bank transfer (automatic),24.6,605.25,0,0.0489542905230971,Predicted stay,Low,Standard engagement,,Not targeted,Not target,13-24 months,Stayed
5178-LMXOP,Male,1,Yes,No,1,Yes,Yes,Fiber optic,No,No,No,No,Yes,Yes,Month-to-month,Yes,Electronic check,95.1,95.1,1,0.8537773629982828,Predicted churn,Very high,Priority outreach + personalized retention offer,Offer contract migration incentive; Promote automatic payment; Offer online security bundle; Provide proactive onboarding outreach,High priority,Target,0-6 months,Churned
8992-CEUEN,Female,0,No,No,1,Yes,No,No,No internet service,No internet service,No internet service,No internet service,No internet service,No internet service,Month-to-month,No,Electronic check,18.85,18.85,0,0.2577625077537518,Predicted stay,Moderate,Preventative engagement,Offer contract migration incentive; Promote automatic payment; Provide proactive onboarding outreach,Not targeted,Not target,0-6 months,Stayed
3320-VEOYC,Male,1,No,No,14,Yes,Yes,Fiber optic,No,No,No,No,Yes,Yes,Month-to-month,Yes,Electronic check,95.6,1273.3,0,0.7898144675611231,Predicted churn,Very high,Priority outreach + personalized retention offer,Offer contract migration incentive; Promote automatic payment; Offer online security bundle,High priority,Target,13-24 months,Stayed
3672-YITQD,Male,1,Yes,No,36,Yes,Yes,Fiber optic,No,No,No,No,No,Yes,Month-to-month,Yes,Electronic check,84.1,3021.6,1,0.6233056820694819,Predicted churn,Very high,Priority outreach + personalized retention offer,Offer contract migration incentive; Promote automatic payment; Offer online security bundle,High priority,Target,25-48 months,Churned
6080-TCMYC,Male,0,Yes,Yes,40,Yes,Yes,Fiber optic,No,No,Yes,No,No,No,Month-to-month,Yes,Electronic check,81.2,3292.3,0,0.4010574976587748,Predicted churn,High,Targeted retention campaign,Offer contract migration incentive; Promote automatic payment; Offer online security bundle,Standard priority,Target,25-48 months,Stayed
6734-FQAJX,Male,1,No,No,67,Yes,No,Fiber optic,Yes,Yes,No,Yes,Yes,Yes,Two year,Yes,Electronic check,105.05,7171.7,0,0.0694996843663601,Predicted stay,Low,Standard engagement,Promote automatic payment,Not targeted,Not target,45-72 months,Stayed
1063-DHQJF,Male,0,Yes,Yes,69,Yes,No,Fiber optic,No,Yes,No,Yes,Yes,No,Two year,Yes,Mailed check,92.15,6480.9,0,0.0306900498151735,Predicted stay,Low,Standard engagement,Offer online security bundle,Not targeted,Not target,45-72 months,Stayed
3976-NLDEZ,Male,0,No,No,1,Yes,No,No,No internet service,No internet service,No internet service,No internet service,No internet service,No internet service,Month-to-month,No,Mailed check,20.6,20.6,0,0.1893502497561348,Predicted stay,Low,Standard engagement,Offer contract migration incentive; Provide proactive onboarding outreach,Not targeted,Not target,0-6 months,Stayed
1729-VLAZJ,Female,0,No,Yes,10,No,No phone service,DSL,Yes,Yes,No,Yes,No,No,One year,No,Mailed check,40.25,411.45,0,0.0871831548184626,Predicted stay,Low,Standard engagement,Provide proactive onboarding outreach,Not targeted,Not target,7-12 months,Stayed
3400-ESFUW,Male,0,Yes,Yes,55,Yes,No,DSL,Yes,Yes,No,Yes,No,No,Two year,No,Bank transfer (automatic),57.55,3046.4,1,0.0056443064716468,Predicted stay,Low,Standard engagement,,Not targeted,Not target,45-72 months,Churned
5271-YNWVR,Male,0,Yes,Yes,68,Yes,Yes,Fiber optic,Yes,Yes,Yes,Yes,Yes,Yes,Two year,Yes,Electronic check,113.15,7856.0,1,0.0782675878911241,Predicted stay,Low,Standard engagement,Promote automatic payment,Not targeted,Not target,45-72 months,Churned
1587-FKLZB,Male,1,Yes,Yes,66,Yes,Yes,Fiber optic,No,No,Yes,No,Yes,Yes,Month-to-month,Yes,Credit card (automatic),99.5,6822.15,1,0.3517633247584227,Predicted churn,High,Targeted retention campaign,Offer contract migration incentive; Offer online security bundle,Standard priority,Target,45-72 months,Churned
0958-YHXGP,Female,0,No,No,7,Yes,No,Fiber optic,No,No,No,No,No,No,Month-to-month,Yes,Mailed check,69.9,497.3,0,0.586022279995151,Predicted churn,High,Targeted retention campaign,Offer contract migration incentive; Offer online security bundle; Provide proactive onboarding outreach,Standard priority,Target,7-12 months,Stayed
1494-EJZDW,Female,0,Yes,Yes,10,Yes,No,No,No internet service,No internet service,No internet service,No internet service,No internet service,No internet service,Two year,No,Mailed check,20.15,220.8,0,0.030906123181187,Predicted stay,Low,Standard engagement,Provide proactive onboarding outreach,Not targeted,Not target,7-12 months,Stayed
1816-FLZDK,Male,0,No,No,1,No,No phone service,DSL,No,No,No,Yes,No,No,Month-to-month,No,Mailed check,29.15,29.15,0,0.4141894935887976,Predicted churn,High,Targeted retention campaign,Offer contract migration incentive; Offer online security bundle; Provide proactive onboarding outreach,Standard priority,Target,0-6 months,Stayed
2075-PUEPR,Male,0,Yes,Yes,55,Yes,No,No,No internet service,No internet service,No internet service,No internet service,No internet service,No internet service,Two year,No,Bank transfer (automatic),19.35,1153.25,0,0.0037410869885498,Predicted stay,Low,Standard engagement,,Not targeted,Not target,45-72 months,Stayed
1833-TCXKK,Male,0,Yes,No,45,Yes,Yes,Fiber optic,No,Yes,Yes,No,Yes,Yes,Month-to-month,Yes,Bank transfer (automatic),107.75,4882.8,0,0.4311279898829612,Predicted churn,High,Targeted retention campaign,Offer contract migration incentive; Offer online security bundle,Standard priority,Target,25-48 months,Stayed
1436-ZMJAN,Female,0,Yes,No,10,Yes,No,DSL,No,No,Yes,No,Yes,Yes,Month-to-month,Yes,Credit card (automatic),67.8,653.15,0,0.4686551227988098,Predicted churn,High,Targeted retention campaign,Offer contract migration incentive; Offer online security bundle; Provide proactive onboarding outreach,Standard priority,Target,7-12 months,Stayed
0106-UGRDO,Female,0,Yes,No,69,Yes,Yes,Fiber optic,Yes,Yes,Yes,Yes,Yes,Yes,Two year,Yes,Electronic check,116.0,8182.85,0,0.0822323816787009,Predicted stay,Low,Standard engagement,Promote automatic payment,Not targeted,Not target,45-72 months,Stayed
1069-XAIEM,Female,1,No,No,1,Yes,Yes,Fiber optic,No,No,No,No,No,Yes,Month-to-month,Yes,Electronic check,85.05,85.05,1,0.8186028148657359,Predicted churn,Very high,Priority outreach + personalized retention offer,Offer contract migration incentive; Promote automatic payment; Offer online security bundle; Provide proactive onboarding outreach,High priority,Target,0-6 months,Churned
4213-HKBJO,Female,0,No,No,33,Yes,Yes,No,No internet service,No internet service,No internet service,No internet service,No internet service,No internet service,Two year,No,Credit card (automatic),25.7,826.1,0,0.0154895261745886,Predicted stay,Low,Standard engagement,,Not targeted,Not target,25-48 months,Stayed
8345-MVDYC,Female,0,No,No,45,Yes,No,DSL,Yes,No,Yes,Yes,Yes,Yes,Two year,No,Bank transfer (automatic),81.65,3618.7,0,0.0179278248891993,Predicted stay,Low,Standard engagement,,Not targeted,Not target,25-48 months,Stayed
2672-OJQZP,Female,0,No,No,1,Yes,No,DSL,No,No,No,No,No,No,Month-to-month,No,Mailed check,44.75,44.75,0,0.3536109920728134,Predicted churn,High,Targeted retention campaign,Offer contract migration incentive; Offer online security bundle; Provide proactive onboarding outreach,Standard priority,Target,0-6 months,Stayed
5136-RGMZO,Male,0,No,No,31,Yes,Yes,DSL,No,Yes,No,Yes,Yes,No,Month-to-month,Yes,Electronic check,71.05,2168.15,0,0.2515093062877305,Predicted stay,Moderate,Preventative engagement,Offer contract migration incentive; Promote automatic payment; Offer online security bundle,Not targeted,Not target,25-48 months,Stayed
5774-QPLTF,Male,0,Yes,Yes,50,Yes,No,No,No internet service,No internet service,No internet service,No internet service,No internet service,No internet service,One year,Yes,Mailed check,20.35,938.95,0,0.0131527645650051,Predicted stay,Low,Standard engagement,,Not targeted,Not target,45-72 months,Stayed
5240-CAOYT,Female,0,No,No,57,Yes,Yes,Fiber optic,Yes,Yes,No,Yes,No,No,Month-to-month,Yes,Bank transfer (automatic),87.55,4884.85,0,0.1397738030452237,Predicted stay,Low,Standard engagement,Offer contract migration incentive,Not targeted,Not target,45-72 months,Stayed
3707-GNWHM,Male,0,No,No,1,Yes,Yes,Fiber optic,No,No,No,No,No,No,Month-to-month,Yes,Mailed check,74.25,74.25,1,0.7117984038411423,Predicted churn,Very high,Priority outreach + personalized retention offer,Offer contract migration incentive; Offer online security bundle; Provide proactive onboarding outreach,High priority,Target,0-6 months,Churned
5159-YFPKQ,Female,0,No,No,2,Yes,No,Fiber optic,No,No,Yes,No,No,No,Month-to-month,Yes,Electronic check,75.8,160.75,1,0.6760083319915715,Predicted churn,Very high,Priority outreach + personalized retention offer,Offer contract migration incentive; Promote automatic payment; Offer online security bundle; Provide proactive onboarding outreach,High priority,Target,0-6 months,Churned
5052-PNLOS,Male,0,No,No,3,Yes,Yes,Fiber optic,No,Yes,Yes,No,Yes,Yes,Month-to-month,Yes,Bank transfer (automatic),105.35,323.25,1,0.7146975870055099,Predicted churn,Very high,Priority outreach + personalized retention offer,Offer contract migration incentive; Offer online security bundle; Provide proactive onboarding outreach,High priority,Target,0-6 months,Churned
6173-GOLSU,Male,1,Yes,No,67,Yes,Yes,Fiber optic,No,No,No,No,Yes,Yes,Month-to-month,Yes,Credit card (automatic),94.65,6079.0,0,0.3564134220847749,Predicted churn,High,Targeted retention campaign,Offer contract migration incentive; Offer online security bundle,Standard priority,Target,45-72 months,Stayed
6661-HBGWL,Female,1,No,No,42,Yes,Yes,Fiber optic,No,Yes,Yes,No,Yes,Yes,Month-to-month,Yes,Bank transfer (automatic),104.75,4323.45,1,0.5075245598157629,Predicted churn,High,Targeted retention campaign,Offer contract migration incentive; Offer online security bundle,Standard priority,Target,25-48 months,Churned
8207-VVMYB,Female,0,Yes,No,70,Yes,Yes,No,No internet service,No internet service,No internet service,No internet service,No internet service,No internet service,Two year,Yes,Bank transfer (automatic),26.0,2006.95,0,0.0044668555102766,Predicted stay,Low,Standard engagement,,Not targeted,Not target,45-72 months,Stayed
5324-KTGCG,Male,0,Yes,No,71,Yes,No,No,No internet service,No internet service,No internet service,No internet service,No internet service,No internet service,One year,No,Electronic check,20.85,1539.75,0,0.0058254344284221,Predicted stay,Low,Standard engagement,Promote automatic payment,Not targeted,Not target,45-72 months,Stayed
7354-OIJLX,Male,0,No,No,9,Yes,Yes,Fiber optic,No,No,No,No,No,No,Month-to-month,Yes,Electronic check,75.85,724.65,0,0.7018978194363543,Predicted churn,Very high,Priority outreach + personalized retention offer,Offer contract migration incentive; Promote automatic payment; Offer online security bundle; Provide proactive onboarding outreach,High priority,Target,7-12 months,Stayed
9286-BHDQG,Male,0,Yes,Yes,72,No,No phone service,DSL,Yes,Yes,Yes,Yes,No,No,Two year,No,Credit card (automatic),45.25,3139.8,0,0.0033218042630847,Predicted stay,Low,Standard engagement,,Not targeted,Not target,45-72 months,Stayed
3567-PQTSO,Male,0,Yes,Yes,53,Yes,Yes,Fiber optic,No,Yes,Yes,No,Yes,Yes,One year,Yes,Electronic check,105.25,5576.3,0,0.2884001242432317,Predicted stay,Moderate,Preventative engagement,Promote automatic payment; Offer online security bundle,Not targeted,Not target,45-72 months,Stayed
3197-ARFOY,Female,1,No,No,19,Yes,No,Fiber optic,Yes,Yes,No,Yes,Yes,Yes,Month-to-month,Yes,Mailed check,105.0,2007.25,0,0.4200799632046801,Predicted churn,High,Targeted retention campaign,Offer contract migration incentive,Standard priority,Target,13-24 months,Stayed
5698-BQJOH,Female,0,No,No,9,Yes,Yes,Fiber optic,No,No,No,No,Yes,Yes,Month-to-month,No,Electronic check,94.4,857.25,1,0.7349228080454366,Predicted churn,Very high,Priority outreach + personalized retention offer,Offer contract migration incentive; Promote automatic payment; Offer online security bundle; Provide proactive onboarding outreach,High priority,Target,7-12 months,Churned
1090-ESELR,Male,0,Yes,Yes,72,Yes,No,Fiber optic,Yes,Yes,No,Yes,Yes,Yes,Two year,No,Bank transfer (automatic),105.5,7611.55,0,0.0202241508207328,Predicted stay,Low,Standard engagement,,Not targeted,Not target,45-72 months,Stayed
0056-EPFBG,Male,0,Yes,Yes,20,No,No phone service,DSL,Yes,No,Yes,Yes,No,No,Two year,Yes,Credit card (automatic),39.4,825.4,0,0.0502711549058751,Predicted stay,Low,Standard engagement,,Not targeted,Not target,13-24 months,Stayed
4955-VCWBI,Female,0,Yes,Yes,43,Yes,No,No,No internet service,No internet service,No internet service,No internet service,No internet service,No internet service,One year,No,Mailed check,20.0,817.95,0,0.0127421528244392,Predicted stay,Low,Standard engagement,,Not targeted,Not target,25-48 months,Stayed
4717-GHADL,Female,0,No,No,50,Yes,Yes,DSL,No,Yes,No,Yes,Yes,Yes,Two year,Yes,Mailed check,79.6,4024.2,0,0.0465192605516894,Predicted stay,Low,Standard engagement,Offer online security bundle,Not targeted,Not target,45-72 months,Stayed
0058-EVZWM,Female,0,Yes,No,55,Yes,Yes,Fiber optic,Yes,No,No,No,Yes,No,Month-to-month,Yes,Bank transfer (automatic),89.8,4959.6,0,0.2619339273451961,Predicted stay,Moderate,Preventative engagement,Offer contract migration incentive,Not targeted,Not target,45-72 months,Stayed
7218-HKQFK,Male,0,Yes,No,2,Yes,No,Fiber optic,No,No,No,Yes,Yes,Yes,Month-to-month,Yes,Electronic check,94.2,167.5,1,0.7271744595350983,Predicted churn,Very high,Priority outreach + personalized retention offer,Offer contract migration incentive; Promote automatic payment; Offer online security bundle; Provide proactive onboarding outreach,High priority,Target,0-6 months,Churned
5057-RKGLH,Female,0,Yes,Yes,9,Yes,No,No,No internet service,No internet service,No internet service,No internet service,No internet service,No internet service,Two year,No,Mailed check,20.35,191.1,0,0.0319011219025445,Predicted stay,Low,Standard engagement,Provide proactive onboarding outreach,Not targeted,Not target,7-12 months,Stayed
2309-OSFEU,Male,0,No,No,10,No,No phone service,DSL,No,No,No,No,No,Yes,Month-to-month,Yes,Mailed check,33.9,298.45,1,0.5560819760475018,Predicted churn,High,Targeted retention campaign,Offer contract migration incentive; Offer online security bundle; Provide proactive onboarding outreach,Standard priority,Target,7-12 months,Churned
3429-IFLEM,Female,0,No,No,71,Yes,No,DSL,Yes,Yes,Yes,Yes,Yes,No,Two year,No,Credit card (automatic),77.35,5550.1,0,0.0046897278112963,Predicted stay,Low,Standard engagement,,Not targeted,Not target,45-72 months,Stayed
1550-LOAHA,Female,0,Yes,No,32,Yes,No,Fiber optic,No,Yes,No,No,No,Yes,Month-to-month,No,Bank transfer (automatic),84.15,2585.95,1,0.3117909316592141,Predicted stay,Moderate,Preventative engagement,Offer contract migration incentive; Offer online security bundle,Not targeted,Not target,25-48 months,Churned
1400-MMYXY,Male,1,Yes,No,3,Yes,Yes,Fiber optic,No,Yes,Yes,No,Yes,Yes,Month-to-month,Yes,Electronic check,105.9,334.65,1,0.8083688438386533,Predicted churn,Very high,Priority outreach + personalized retention offer,Offer contract migration incentive; Promote automatic payment; Offer online security bundle; Provide proactive onboarding outreach,High priority,Target,0-6 months,Churned
7503-QQRVF,Male,1,Yes,No,16,Yes,No,Fiber optic,No,Yes,No,No,No,No,Month-to-month,Yes,Credit card (automatic),74.3,1178.25,1,0.4960865379494514,Predicted churn,High,Targeted retention campaign,Offer contract migration incentive; Offer online security bundle,Standard priority,Target,13-24 months,Churned
7504-UWHNB,Male,0,No,No,25,Yes,No,Fiber optic,No,No,No,No,No,No,Month-to-month,No,Electronic check,69.75,1729.35,0,0.4208109862177501,Predicted churn,High,Targeted retention campaign,Offer contract migration incentive; Promote automatic payment; Offer online security bundle,Standard priority,Target,25-48 months,Stayed
9565-JSNFM,Male,0,No,No,38,Yes,No,Fiber optic,No,No,No,No,No,No,One year,Yes,Bank transfer (automatic),70.45,2597.6,1,0.176193446916872,Predicted stay,Low,Standard engagement,Offer online security bundle,Not targeted,Not target,25-48 months,Churned
4735-BJKOU,Female,0,No,No,40,Yes,No,No,No internet service,No internet service,No internet service,No internet service,No internet service,No internet service,Two year,No,Mailed check,20.15,804.85,0,0.0092407881378366,Predicted stay,Low,Standard engagement,,Not targeted,Not target,25-48 months,Stayed
3580-GICBM,Female,0,Yes,Yes,61,Yes,Yes,No,No internet service,No internet service,No internet service,No internet service,No internet service,No internet service,Two year,Yes,Mailed check,24.2,1445.2,0,0.0060024704930382,Predicted stay,Low,Standard engagement,,Not targeted,Not target,45-72 months,Stayed
7632-YUTXB,Female,0,Yes,Yes,25,Yes,No,No,No internet service,No internet service,No internet service,No internet service,No internet service,No internet service,One year,No,Mailed check,20.05,520.1,0,0.0298796805279532,Predicted stay,Low,Standard engagement,,Not targeted,Not target,25-48 months,Stayed
9412-ARGBX,Female,0,No,Yes,48,Yes,No,Fiber optic,No,Yes,Yes,Yes,Yes,No,Two year,Yes,Mailed check,95.5,4627.85,1,0.0574951362162913,Predicted stay,Low,Standard engagement,Offer online security bundle,Not targeted,Not target,25-48 months,Churned
9576-ANLXO,Female,0,No,No,3,Yes,No,Fiber optic,No,No,No,No,No,No,Month-to-month,Yes,Bank transfer (automatic),69.55,222.3,1,0.6070166592365202,Predicted churn,Very high,Priority outreach + personalized retention offer,Offer contract migration incentive; Offer online security bundle; Provide proactive onboarding outreach,High priority,Target,0-6 months,Churned
1110-KYLGQ,Female,0,No,No,63,Yes,Yes,Fiber optic,Yes,Yes,Yes,No,Yes,Yes,Month-to-month,No,Credit card (automatic),108.25,6780.1,0,0.2087294172017205,Predicted stay,Moderate,Preventative engagement,Offer contract migration incentive,Not targeted,Not target,45-72 months,Stayed
8696-JKZNU,Female,1,No,No,37,Yes,Yes,Fiber optic,No,No,No,No,No,No,Month-to-month,Yes,Electronic check,76.25,2841.55,1,0.5030339582675466,Predicted churn,High,Targeted retention campaign,Offer contract migration incentive; Promote automatic payment; Offer online security bundle,Standard priority,Target,25-48 months,Churned
8757-TFHHJ,Male,0,No,No,1,Yes,No,DSL,Yes,No,No,No,No,No,Month-to-month,Yes,Credit card (automatic),49.8,49.8,0,0.3228301075089154,Predicted stay,Moderate,Preventative engagement,Offer contract migration incentive; Provide proactive onboarding outreach,Not targeted,Not target,0-6 months,Stayed
2955-BJZHG,Male,0,Yes,Yes,17,Yes,No,Fiber optic,No,No,No,No,Yes,No,Month-to-month,No,Electronic check,80.85,1400.85,1,0.4906301668226939,Predicted churn,High,Targeted retention campaign,Offer contract migration incentive; Promote automatic payment; Offer online security bundle,Standard priority,Target,13-24 months,Churned
9048-JVYVF,Male,0,No,No,3,Yes,No,DSL,No,No,No,Yes,Yes,Yes,Month-to-month,Yes,Electronic check,69.35,191.35,1,0.5277411150649238,Predicted churn,High,Targeted retention campaign,Offer contract migration incentive; Promote automatic payment; Offer online security bundle; Provide proactive onboarding outreach,Standard priority,Target,0-6 months,Churned
0682-USIXD,Female,0,Yes,No,21,Yes,No,Fiber optic,No,No,No,Yes,Yes,No,Month-to-month,Yes,Electronic check,86.05,1818.9,0,0.5101268625028452,Predicted churn,High,Targeted retention campaign,Offer contract migration incentive; Promote automatic payment; Offer online security bundle,Standard priority,Target,13-24 months,Stayed
3884-UEBXB,Female,0,Yes,Yes,67,No,No phone service,DSL,Yes,Yes,No,No,No,No,Two year,No,Bank transfer (automatic),36.15,2434.45,0,0.0052172591892594,Predicted stay,Low,Standard engagement,,Not targeted,Not target,45-72 months,Stayed
1776-SPBWV,Female,0,Yes,Yes,34,Yes,No,No,No internet service,No internet service,No internet service,No internet service,No internet service,No internet service,One year,Yes,Bank transfer (automatic),20.1,682.1,0,0.0260166971144285,Predicted stay,Low,Standard engagement,,Not targeted,Not target,25-48 months,Stayed
9050-QLROH,Male,0,No,No,18,Yes,Yes,Fiber optic,No,No,Yes,No,No,Yes,Month-to-month,Yes,Credit card (automatic),90.7,1597.25,1,0.5919207940863984,Predicted churn,High,Targeted retention campaign,Offer contract migration incentive; Offer online security bundle,Standard priority,Target,13-24 months,Churned
2925-VDZHY,Male,0,Yes,Yes,72,Yes,Yes,DSL,Yes,Yes,Yes,Yes,Yes,Yes,Two year,No,Credit card (automatic),88.7,6501.35,0,0.0097146944540146,Predicted stay,Low,Standard engagement,,Not targeted,Not target,45-72 months,Stayed
9512-UIBFX,Male,0,Yes,Yes,18,Yes,No,Fiber optic,No,No,Yes,No,Yes,Yes,Month-to-month,No,Mailed check,95.15,1779.95,1,0.4776700563665925,Predicted churn,High,Targeted retention campaign,Offer contract migration incentive; Offer online security bundle,Standard priority,Target,13-24 months,Churned
8676-TRMJS,Male,0,No,No,3,Yes,Yes,Fiber optic,No,No,No,No,No,No,Month-to-month,No,Mailed check,75.0,209.1,1,0.6024943078706054,Predicted churn,Very high,Priority outreach + personalized retention offer,Offer contract migration incentive; Offer online security bundle; Provide proactive onboarding outreach,High priority,Target,0-6 months,Churned
3334-CTHOL,Female,0,No,No,1,Yes,Yes,DSL,No,No,No,No,No,No,Month-to-month,Yes,Bank transfer (automatic),49.95,49.95,1,0.4909329979054842,Predicted churn,High,Targeted retention campaign,Offer contract migration incentive; Offer online security bundle; Provide proactive onboarding outreach,Standard priority,Target,0-6 months,Churned
6331-LWDTQ,Male,0,No,No,10,Yes,Yes,DSL,No,No,No,No,Yes,Yes,Month-to-month,Yes,Credit card (automatic),72.15,794.25,1,0.4921442248847649,Predicted churn,High,Targeted retention campaign,Offer contract migration incentive; Offer online security bundle; Provide proactive onboarding outreach,Standard priority,Target,7-12 months,Churned
3847-BAERP,Female,0,No,No,10,Yes,No,No,No internet service,No internet service,No internet service,No internet service,No internet service,No internet service,Month-to-month,Yes,Mailed check,20.9,247.0,0,0.1762397514136691,Predicted stay,Low,Standard engagement,Offer contract migration incentive; Provide proactive onboarding outreach,Not targeted,Not target,7-12 months,Stayed
4709-LKHYG,Female,0,Yes,Yes,29,Yes,No,No,No internet service,No internet service,No internet service,No internet service,No internet service,No internet service,One year,No,Electronic check,20.0,540.05,0,0.0331583623824024,Predicted stay,Low,Standard engagement,Promote automatic payment,Not targeted,Not target,25-48 months,Stayed
8621-MNIHH,Female,1,Yes,No,34,Yes,Yes,Fiber optic,No,Yes,Yes,No,No,Yes,Month-to-month,Yes,Electronic check,94.25,3217.55,1,0.5978717647826111,Predicted churn,High,Targeted retention campaign,Offer contract migration incentive; Promote automatic payment; Offer online security bundle,Standard priority,Target,25-48 months,Churned
8884-ADFVN,Male,1,Yes,No,7,Yes,Yes,Fiber optic,No,No,Yes,No,Yes,Yes,Month-to-month,Yes,Electronic check,101.95,700.85,1,0.8085556107250181,Predicted churn,Very high,Priority outreach + personalized retention offer,Offer contract migration incentive; Promote automatic payment; Offer online security bundle; Provide proactive onboarding outreach,High priority,Target,7-12 months,Churned
2885-HIJDH,Male,0,Yes,Yes,69,Yes,Yes,DSL,Yes,No,Yes,Yes,Yes,Yes,Two year,No,Bank transfer (automatic),86.9,6194.1,0,0.0106337147259728,Predicted stay,Low,Standard engagement,,Not targeted,Not target,45-72 months,Stayed
8570-KLJYJ,Female,0,No,No,36,Yes,Yes,DSL,Yes,No,No,No,No,No,One year,No,Mailed check,54.45,1893.5,0,0.0571910844605835,Predicted stay,Low,Standard engagement,,Not targeted,Not target,25-48 months,Stayed
9339-FIIJL,Male,0,Yes,No,72,Yes,Yes,DSL,No,Yes,Yes,Yes,Yes,Yes,Two year,No,Bank transfer (automatic),85.95,6151.9,0,0.0151202294349199,Predicted stay,Low,Standard engagement,Offer online security bundle,Not targeted,Not target,45-72 months,Stayed
6223-DHJGV,Female,0,No,No,42,Yes,No,No,No internet service,No internet service,No internet service,No internet service,No internet service,No internet service,One year,Yes,Mailed check,20.65,958.1,0,0.0234460288463078,Predicted stay,Low,Standard engagement,,Not targeted,Not target,25-48 months,Stayed
0959-WHOKV,Male,0,No,No,42,Yes,Yes,Fiber optic,Yes,Yes,Yes,No,No,Yes,One year,Yes,Electronic check,99.0,4298.45,0,0.267835954576679,Predicted stay,Moderate,Preventative engagement,Promote automatic payment,Not targeted,Not target,25-48 months,Stayed
9610-WCESF,Male,0,No,No,67,No,No phone service,DSL,Yes,No,No,Yes,Yes,No,Two year,No,Electronic check,43.9,3097.2,0,0.0132869903074994,Predicted stay,Low,Standard engagement,Promote automatic payment,Not targeted,Not target,45-72 months,Stayed
9279-CJEOJ,Female,1,No,No,21,Yes,Yes,Fiber optic,No,No,No,No,Yes,Yes,Month-to-month,Yes,Bank transfer (automatic),95.4,2025.1,0,0.6787951505413945,Predicted churn,Very high,Priority outreach + personalized retention offer,Offer contract migration incentive; Offer online security bundle,High priority,Target,13-24 months,Stayed
2985-FMWYF,Female,0,No,No,23,Yes,Yes,Fiber optic,No,No,No,No,Yes,Yes,Month-to-month,Yes,Electronic check,93.5,2341.55,0,0.7467660740556918,Predicted churn,Very high,Priority outreach + personalized retention offer,Offer contract migration incentive; Promote automatic payment; Offer online security bundle,High priority,Target,13-24 months,Stayed
3540-RZJYU,Female,0,No,No,15,Yes,No,Fiber optic,Yes,No,No,No,Yes,No,Month-to-month,No,Electronic check,86.2,1270.2,1,0.4421392375703523,Predicted churn,High,Targeted retention campaign,Offer contract migration incentive; Promote automatic payment,Standard priority,Target,13-24 months,Churned
2522-WLNSF,Female,1,Yes,No,34,Yes,No,DSL,No,No,Yes,Yes,Yes,No,One year,No,Bank transfer (automatic),64.2,2106.3,0,0.0691034029694064,Predicted stay,Low,Standard engagement,Offer online security bundle,Not targeted,Not target,25-48 months,Stayed
6861-XWTWQ,Male,1,Yes,No,7,Yes,Yes,Fiber optic,No,No,Yes,No,Yes,Yes,Month-to-month,Yes,Electronic check,99.25,665.45,1,0.8320498106887378,Predicted churn,Very high,Priority outreach + personalized retention offer,Offer contract migration incentive; Promote automatic payment; Offer online security bundle; Provide proactive onboarding outreach,High priority,Target,7-12 months,Churned
8735-NBLWT,Male,0,No,Yes,9,Yes,No,No,No internet service,No internet service,No internet service,No internet service,No internet service,No internet service,Month-to-month,No,Mailed check,20.4,184.1,0,0.1144417921368785,Predicted stay,Low,Standard engagement,Offer contract migration incentive; Provide proactive onboarding outreach,Not targeted,Not target,7-12 months,Stayed
1744-JHKYS,Female,0,Yes,No,34,Yes,Yes,No,No internet service,No internet service,No internet service,No internet service,No internet service,No internet service,Month-to-month,No,Electronic check,24.7,780.2,0,0.0869205127422475,Predicted stay,Low,Standard engagement,Offer contract migration incentive; Promote automatic payment,Not targeted,Not target,25-48 months,Stayed
0841-NULXI,Male,0,No,No,1,No,No phone service,DSL,No,No,No,No,No,Yes,Month-to-month,Yes,Electronic check,35.55,35.55,1,0.698492864019504,Predicted churn,Very high,Priority outreach + personalized retention offer,Offer contract migration incentive; Promote automatic payment; Offer online security bundle; Provide proactive onboarding outreach,High priority,Target,0-6 months,Churned
4016-BJKTZ,Female,0,No,No,25,Yes,Yes,Fiber optic,No,Yes,Yes,Yes,Yes,Yes,Two year,No,Electronic check,108.9,2809.05,0,0.2179376270374489,Predicted stay,Moderate,Preventative engagement,Promote automatic payment; Offer online security bundle,Not targeted,Not target,25-48 months,Stayed
9298-WGMRW,Female,0,Yes,No,72,Yes,Yes,Fiber optic,Yes,Yes,Yes,Yes,Yes,Yes,Two year,Yes,Bank transfer (automatic),115.5,8312.75,0,0.0525178196988213,Predicted stay,Low,Standard engagement,,Not targeted,Not target,45-72 months,Stayed
7893-IXHRQ,Male,0,No,No,1,Yes,No,No,No internet service,No internet service,No internet service,No internet service,No internet service,No internet service,Month-to-month,No,Electronic check,20.55,20.55,1,0.2421064596648563,Predicted stay,Moderate,Preventative engagement,Offer contract migration incentive; Promote automatic payment; Provide proactive onboarding outreach,Not targeted,Not target,0-6 months,Churned
8785-CJSHH,Female,0,Yes,No,60,Yes,Yes,Fiber optic,No,Yes,No,No,Yes,Yes,Month-to-month,Yes,Electronic check,99.8,5985.75,0,0.4508080590271943,Predicted churn,High,Targeted retention campaign,Offer contract migration incentive; Promote automatic payment; Offer online security bundle,Standard priority,Target,45-72 months,Stayed
7654-YWJUF,Male,0,Yes,No,43,Yes,No,Fiber optic,Yes,No,Yes,Yes,No,No,One year,Yes,Bank transfer (automatic),84.25,3539.25,0,0.0893898013627571,Predicted stay,Low,Standard engagement,,Not targeted,Not target,25-48 months,Stayed
8909-BOLNL,Male,0,No,No,3,Yes,No,No,No internet service,No internet service,No internet service,No internet service,No internet service,No internet service,One year,No,Mailed check,21.2,52.05,0,0.0923111142805913,Predicted stay,Low,Standard engagement,Provide proactive onboarding outreach,Not targeted,Not target,0-6 months,Stayed
9919-FZDED,Male,1,Yes,No,72,Yes,Yes,DSL,Yes,Yes,Yes,No,Yes,Yes,Two year,Yes,Credit card (automatic),84.1,5981.65,0,0.024993316645559,Predicted stay,Low,Standard engagement,,Not targeted,Not target,45-72 months,Stayed
0322-CHQRU,Male,0,No,No,2,Yes,No,DSL,No,No,No,No,No,No,Month-to-month,No,Electronic check,45.35,89.5,1,0.4133863487664131,Predicted churn,High,Targeted retention campaign,Offer contract migration incentive; Promote automatic payment; Offer online security bundle; Provide proactive onboarding outreach,Standard priority,Target,0-6 months,Churned
3587-PMCOY,Male,0,No,No,10,Yes,No,Fiber optic,Yes,No,Yes,No,Yes,Yes,One year,Yes,Electronic check,98.9,1064.95,0,0.4975212414087835,Predicted churn,High,Targeted retention campaign,Promote automatic payment; Provide proactive onboarding outreach,Standard priority,Target,7-12 months,Stayed
0655-RBDUG,Male,0,No,No,7,Yes,Yes,Fiber optic,No,No,Yes,No,Yes,Yes,Month-to-month,Yes,Bank transfer (automatic),98.05,713.0,1,0.7566575318874423,Predicted churn,Very high,Priority outreach + personalized retention offer,Offer contract migration incentive; Offer online security bundle; Provide proactive onboarding outreach,High priority,Target,7-12 months,Churned
0983-TATYJ,Female,0,Yes,No,33,Yes,No,DSL,No,No,No,Yes,No,No,One year,Yes,Mailed check,51.45,1758.9,0,0.0662646744351296,Predicted stay,Low,Standard engagement,Offer online security bundle,Not targeted,Not target,25-48 months,Stayed
5650-YLIBA,Male,0,No,No,31,Yes,Yes,Fiber optic,No,Yes,No,No,No,No,Month-to-month,Yes,Electronic check,81.15,2640.55,0,0.4937302397460129,Predicted churn,High,Targeted retention campaign,Offer contract migration incentive; Promote automatic payment; Offer online security bundle,Standard priority,Target,25-48 months,Stayed
5144-TVGLP,Male,1,No,No,38,Yes,Yes,Fiber optic,No,No,No,No,Yes,Yes,Month-to-month,No,Electronic check,94.75,3653.0,0,0.5843395285204634,Predicted churn,High,Targeted retention campaign,Offer contract migration incentive; Promote automatic payment; Offer online security bundle,Standard priority,Target,25-48 months,Stayed
3569-EDBPQ,Female,0,No,No,24,Yes,Yes,Fiber optic,Yes,No,No,Yes,No,No,Month-to-month,Yes,Electronic check,84.35,1938.05,0,0.4108896351019114,Predicted churn,High,Targeted retention campaign,Offer contract migration incentive; Promote automatic payment,Standard priority,Target,13-24 months,Stayed
4945-RVMTE,Female,0,No,No,28,Yes,No,DSL,No,No,Yes,No,Yes,No,Month-to-month,Yes,Bank transfer (automatic),59.55,1646.45,0,0.2412822959728076,Predicted stay,Moderate,Preventative engagement,Offer contract migration incentive; Offer online security bundle,Not targeted,Not target,25-48 months,Stayed
3511-BFTJW,Male,0,Yes,Yes,72,No,No phone service,DSL,Yes,Yes,Yes,No,No,No,Two year,No,Credit card (automatic),38.5,2763.0,0,0.0049016351058083,Predicted stay,Low,Standard engagement,,Not targeted,Not target,45-72 months,Stayed
5537-UXXVS,Female,0,Yes,No,20,Yes,No,No,No internet service,No internet service,No internet service,No internet service,No internet service,No internet service,Month-to-month,No,Bank transfer (automatic),19.25,375.25,0,0.0863776141469162,Predicted stay,Low,Standard engagement,Offer contract migration incentive,Not targeted,Not target,13-24 months,Stayed
8782-NUUOL,Male,0,No,No,60,Yes,No,DSL,Yes,No,Yes,Yes,Yes,Yes,One year,No,Mailed check,79.0,4801.1,0,0.0276763026409771,Predicted stay,Low,Standard engagement,,Not targeted,Not target,45-72 months,Stayed
2865-TCHJW,Female,1,No,No,4,Yes,Yes,Fiber optic,No,No,Yes,No,Yes,No,Month-to-month,Yes,Electronic check,89.2,346.2,1,0.8056000743645506,Predicted churn,Very high,Priority outreach + personalized retention offer,Offer contract migration incentive; Promote automatic payment; Offer online security bundle; Provide proactive onboarding outreach,High priority,Target,0-6 months,Churned
9931-KGHOA,Female,0,Yes,No,46,Yes,Yes,DSL,Yes,No,No,No,No,No,Month-to-month,No,Bank transfer (automatic),55.0,2473.95,0,0.0706869654707237,Predicted stay,Low,Standard engagement,Offer contract migration incentive,Not targeted,Not target,25-48 months,Stayed
3071-MVJCD,Male,0,Yes,Yes,72,Yes,Yes,DSL,Yes,Yes,Yes,Yes,Yes,No,Two year,No,Bank transfer (automatic),82.3,5815.15,0,0.0054160581588244,Predicted stay,Low,Standard engagement,,Not targeted,Not target,45-72 months,Stayed
7279-BUYWN,Female,1,No,No,41,Yes,Yes,Fiber optic,Yes,Yes,Yes,No,Yes,Yes,Month-to-month,Yes,Electronic check,113.2,4689.5,1,0.4796495840629061,Predicted churn,High,Targeted retention campaign,Offer contract migration incentive; Promote automatic payment,Standard priority,Target,25-48 months,Churned
3756-VNWDH,Male,1,Yes,No,65,Yes,Yes,Fiber optic,Yes,No,No,No,Yes,Yes,One year,Yes,Electronic check,100.75,6674.65,0,0.2464744203196518,Predicted stay,Moderate,Preventative engagement,Promote automatic payment,Not targeted,Not target,45-72 months,Stayed
1395-OFUWC,Male,0,Yes,Yes,43,No,No phone service,DSL,No,Yes,No,No,No,No,Month-to-month,No,Credit card (automatic),29.3,1224.05,0,0.0846368397137255,Predicted stay,Low,Standard engagement,Offer contract migration incentive; Offer online security bundle,Not targeted,Not target,25-48 months,Stayed
4223-BKEOR,Female,0,No,Yes,21,Yes,No,DSL,Yes,No,Yes,No,No,Yes,One year,No,Mailed check,64.85,1336.8,0,0.0748789460879292,Predicted stay,Low,Standard engagement,,Not targeted,Not target,13-24 months,Stayed
0040-HALCW,Male,0,Yes,Yes,54,Yes,No,No,No internet service,No internet service,No internet service,No internet service,No internet service,No internet service,Two year,No,Credit card (automatic),20.4,1090.6,0,0.0035473900171859,Predicted stay,Low,Standard engagement,,Not targeted,Not target,45-72 months,Stayed
7124-UGSUR,Female,1,Yes,No,61,Yes,Yes,Fiber optic,No,Yes,Yes,No,Yes,Yes,One year,Yes,Credit card (automatic),104.4,6405.0,1,0.2448198288991564,Predicted stay,Moderate,Preventative engagement,Offer online security bundle,Not targeted,Not target,45-72 months,Churned
7395-XWZOY,Male,0,No,No,20,No,No phone service,DSL,Yes,Yes,Yes,Yes,Yes,No,Month-to-month,Yes,Credit card (automatic),55.0,1165.55,0,0.2162998890502354,Predicted stay,Moderate,Preventative engagement,Offer contract migration incentive,Not targeted,Not target,13-24 months,Stayed
5440-VHLUL,Male,0,No,No,69,Yes,Yes,Fiber optic,No,Yes,No,Yes,Yes,Yes,One year,Yes,Bank transfer (automatic),105.2,7386.05,0,0.1415736776890377,Predicted stay,Low,Standard engagement,Offer online security bundle,Not targeted,Not target,45-72 months,Stayed
4706-DGAHW,Male,1,No,No,1,Yes,No,DSL,No,No,No,No,No,No,Month-to-month,No,Electronic check,45.2,45.2,0,0.4617023842505262,Predicted churn,High,Targeted retention campaign,Offer contract migration incentive; Promote automatic payment; Offer online security bundle; Provide proactive onboarding outreach,Standard priority,Target,0-6 months,Stayed
8166-ORCHU,Male,1,Yes,No,33,Yes,No,Fiber optic,Yes,Yes,No,Yes,No,Yes,One year,Yes,Electronic check,93.55,3055.5,0,0.2201307952247115,Predicted stay,Moderate,Preventative engagement,Promote automatic payment,Not targeted,Not target,25-48 months,Stayed
3978-YNKDD,Male,0,No,Yes,19,Yes,No,No,No internet service,No internet service,No internet service,No internet service,No internet service,No internet service,Two year,No,Credit card (automatic),20.85,467.5,0,0.0179744233823409,Predicted stay,Low,Standard engagement,,Not targeted,Not target,13-24 months,Stayed
7198-GLXTC,Male,0,No,No,2,Yes,No,Fiber optic,No,No,No,No,Yes,No,Month-to-month,No,Electronic check,79.0,143.65,1,0.6803690298581815,Predicted churn,Very high,Priority outreach + personalized retention offer,Offer contract migration incentive; Promote automatic payment; Offer online security bundle; Provide proactive onboarding outreach,High priority,Target,0-6 months,Churned
6366-XIVKZ,Female,0,Yes,Yes,13,Yes,No,DSL,Yes,No,Yes,No,No,Yes,Month-to-month,Yes,Mailed check,63.15,816.8,0,0.2631268602191162,Predicted stay,Moderate,Preventative engagement,Offer contract migration incentive,Not targeted,Not target,13-24 months,Stayed
5133-POWUA,Male,0,No,No,1,Yes,No,DSL,No,No,No,No,No,No,Month-to-month,Yes,Mailed check,45.8,45.8,0,0.4313558207643059,Predicted churn,High,Targeted retention campaign,Offer contract migration incentive; Offer online security bundle; Provide proactive onboarding outreach,Standard priority,Target,0-6 months,Stayed
8400-WZICQ,Female,0,Yes,Yes,55,Yes,No,DSL,Yes,Yes,No,No,No,No,Month-to-month,No,Electronic check,55.7,3131.8,0,0.0378219291535003,Predicted stay,Low,Standard engagement,Offer contract migration incentive; Promote automatic payment,Not targeted,Not target,45-72 months,Stayed
5382-SOYZL,Male,0,No,No,22,Yes,Yes,Fiber optic,No,No,No,No,Yes,Yes,Month-to-month,Yes,Electronic check,95.1,2162.6,0,0.7333027208907986,Predicted churn,Very high,Priority outreach + personalized retention offer,Offer contract migration incentive; Promote automatic payment; Offer online security bundle,High priority,Target,13-24 months,Stayed
1989-PRJHP,Male,1,Yes,No,27,Yes,Yes,Fiber optic,No,No,No,No,No,No,Month-to-month,Yes,Electronic check,75.5,1893.95,1,0.5964061860716438,Predicted churn,High,Targeted retention campaign,Offer contract migration incentive; Promote automatic payment; Offer online security bundle,Standard priority,Target,25-48 months,Churned
4154-AQUGT,Male,1,Yes,No,13,Yes,No,Fiber optic,No,Yes,No,Yes,No,Yes,Month-to-month,Yes,Bank transfer (automatic),89.05,1169.35,1,0.5052221647239432,Predicted churn,High,Targeted retention campaign,Offer contract migration incentive; Offer online security bundle,Standard priority,Target,13-24 months,Churned
0980-FEXWF,Male,0,Yes,Yes,26,Yes,No,DSL,No,No,Yes,No,No,No,One year,No,Mailed check,50.35,1285.8,0,0.0712341366939247,Predicted stay,Low,Standard engagement,Offer online security bundle,Not targeted,Not target,25-48 months,Stayed
5845-BZZIB,Male,0,Yes,Yes,35,Yes,No,No,No internet service,No internet service,No internet service,No internet service,No internet service,No internet service,Two year,No,Mailed check,20.1,655.3,0,0.0096863032264998,Predicted stay,Low,Standard engagement,,Not targeted,Not target,25-48 months,Stayed
4840-ORQXB,Female,1,No,No,56,Yes,Yes,Fiber optic,No,Yes,Yes,No,Yes,Yes,Month-to-month,No,Electronic check,104.75,5841.35,0,0.4231501337983908,Predicted churn,High,Targeted retention campaign,Offer contract migration incentive; Promote automatic payment; Offer online security bundle,Standard priority,Target,45-72 months,Stayed
0295-PPHDO,Male,0,No,No,1,Yes,Yes,Fiber optic,No,No,No,No,Yes,Yes,Month-to-month,Yes,Electronic check,95.45,95.45,1,0.8286828323212201,Predicted churn,Very high,Priority outreach + personalized retention offer,Offer contract migration incentive; Promote automatic payment; Offer online security bundle; Provide proactive onboarding outreach,High priority,Target,0-6 months,Churned
8775-ERLNB,Male,1,Yes,No,1,Yes,Yes,Fiber optic,No,No,No,No,No,No,Month-to-month,No,Electronic check,74.3,74.3,0,0.7325182474376547,Predicted churn,Very high,Priority outreach + personalized retention offer,Offer contract migration incentive; Promote automatic payment; Offer online security bundle; Provide proactive onboarding outreach,High priority,Target,0-6 months,Stayed
0376-YMCJC,Male,0,No,No,23,Yes,Yes,Fiber optic,No,No,No,Yes,Yes,No,Month-to-month,Yes,Electronic check,90.6,1943.2,1,0.5695393067315109,Predicted churn,High,Targeted retention campaign,Offer contract migration incentive; Promote automatic payment; Offer online security bundle,Standard priority,Target,13-24 months,Churned
7410-YTJIK,Female,0,No,No,7,Yes,Yes,Fiber optic,No,No,No,No,No,No,Month-to-month,No,Mailed check,75.45,480.75,1,0.5555904995481481,Predicted churn,High,Targeted retention campaign,Offer contract migration incentive; Offer online security bundle; Provide proactive onboarding outreach,Standard priority,Target,7-12 months,Churned
9927-DSWDF,Male,0,Yes,No,22,Yes,No,Fiber optic,Yes,Yes,No,Yes,Yes,Yes,Month-to-month,Yes,Electronic check,104.6,2180.55,0,0.4490270558580194,Predicted churn,High,Targeted retention campaign,Offer contract migration incentive; Promote automatic payment,Standard priority,Target,13-24 months,Stayed
6681-ZSEXG,Male,0,Yes,No,56,Yes,Yes,DSL,No,Yes,Yes,No,No,No,Two year,No,Credit card (automatic),59.5,3389.25,0,0.0176776420485544,Predicted stay,Low,Standard engagement,Offer online security bundle,Not targeted,Not target,45-72 months,Stayed
5702-KVQRD,Male,0,Yes,No,71,Yes,No,DSL,Yes,No,Yes,Yes,Yes,Yes,Two year,Yes,Electronic check,82.55,5832.65,0,0.0167337528776857,Predicted stay,Low,Standard engagement,Promote automatic payment,Not targeted,Not target,45-72 months,Stayed
8711-LOBKY,Male,0,Yes,Yes,59,Yes,No,No,No internet service,No internet service,No internet service,No internet service,No internet service,No internet service,Two year,No,Mailed check,19.85,1188.25,0,0.0031997520496946,Predicted stay,Low,Standard engagement,,Not targeted,Not target,45-72 months,Stayed
9692-TUSXH,Female,0,No,No,18,Yes,No,Fiber optic,Yes,No,No,No,Yes,Yes,Month-to-month,Yes,Electronic check,96.05,1740.7,1,0.5801944840782247,Predicted churn,High,Targeted retention campaign,Offer contract migration incentive; Promote automatic payment,Standard priority,Target,13-24 months,Churned
4012-YCFAI,Male,0,Yes,No,60,Yes,No,DSL,Yes,Yes,No,Yes,No,No,Two year,Yes,Mailed check,61.35,3766.2,0,0.0079969822221462,Predicted stay,Low,Standard engagement,,Not targeted,Not target,45-72 months,Stayed
8455-HIRAQ,Female,0,No,No,8,Yes,No,DSL,No,No,No,No,No,No,Month-to-month,No,Mailed check,44.45,369.3,0,0.2949312259256881,Predicted stay,Moderate,Preventative engagement,Offer contract migration incentive; Offer online security bundle; Provide proactive onboarding outreach,Not targeted,Not target,7-12 months,Stayed
7853-WNZSY,Male,0,No,No,1,Yes,No,No,No internet service,No internet service,No internet service,No internet service,No internet service,No internet service,Month-to-month,Yes,Credit card (automatic),19.75,19.75,0,0.2437340016471797,Predicted stay,Moderate,Preventative engagement,Offer contract migration incentive; Provide proactive onboarding outreach,Not targeted,Not target,0-6 months,Stayed
0390-DCFDQ,Female,1,Yes,No,1,Yes,No,Fiber optic,No,No,No,No,No,No,Month-to-month,Yes,Mailed check,70.45,70.45,1,0.6656197671616919,Predicted churn,Very high,Priority outreach + personalized retention offer,Offer contract migration incentive; Offer online security bundle; Provide proactive onboarding outreach,High priority,Target,0-6 months,Churned
6421-SZVEM,Female,0,Yes,Yes,28,Yes,No,Fiber optic,Yes,No,No,No,No,Yes,One year,Yes,Bank transfer (automatic),82.85,2320.8,0,0.2043920843953085,Predicted stay,Moderate,Preventative engagement,,Not targeted,Not target,25-48 months,Stayed
3094-JOJAI,Male,0,No,No,18,Yes,Yes,Fiber optic,No,No,No,No,No,No,Month-to-month,No,Mailed check,74.15,1387.0,0,0.493714977296935,Predicted churn,High,Targeted retention campaign,Offer contract migration incentive; Offer online security bundle,Standard priority,Target,13-24 months,Stayed
4873-ILOLJ,Male,0,No,No,24,Yes,No,Fiber optic,No,No,No,No,Yes,Yes,Month-to-month,Yes,Electronic check,90.35,2238.5,1,0.6514384452830785,Predicted churn,Very high,Priority outreach + personalized retention offer,Offer contract migration incentive; Promote automatic payment; Offer online security bundle,High priority,Target,13-24 months,Churned
8181-YHCMF,Female,0,Yes,Yes,68,No,No phone service,DSL,No,Yes,Yes,Yes,Yes,Yes,Two year,No,Credit card (automatic),60.3,4109.0,0,0.0119317198233887,Predicted stay,Low,Standard engagement,Offer online security bundle,Not targeted,Not target,45-72 months,Stayed
3324-OIRTO,Male,0,Yes,Yes,71,Yes,No,Fiber optic,Yes,Yes,Yes,No,Yes,Yes,One year,Yes,Bank transfer (automatic),104.65,7288.4,0,0.0772060569946462,Predicted stay,Low,Standard engagement,,Not targeted,Not target,45-72 months,Stayed
9135-HSWOC,Male,0,Yes,Yes,64,Yes,No,No,No internet service,No internet service,No internet service,No internet service,No internet service,No internet service,Two year,Yes,Bank transfer (automatic),19.7,1274.05,0,0.0034021172726668,Predicted stay,Low,Standard engagement,,Not targeted,Not target,45-72 months,Stayed
2272-WUSPA,Female,0,Yes,No,72,Yes,Yes,Fiber optic,Yes,Yes,Yes,No,Yes,Yes,Two year,Yes,Electronic check,110.75,7751.7,0,0.0922118781091678,Predicted stay,Low,Standard engagement,Promote automatic payment,Not targeted,Not target,45-72 months,Stayed
4627-MIHJH,Female,1,No,No,69,Yes,Yes,Fiber optic,Yes,No,Yes,Yes,Yes,Yes,Two year,No,Credit card (automatic),110.25,7467.55,0,0.0467110110873353,Predicted stay,Low,Standard engagement,,Not targeted,Not target,45-72 months,Stayed
3896-RCYYE,Female,0,No,No,67,No,No phone service,DSL,No,No,Yes,Yes,Yes,Yes,Month-to-month,Yes,Credit card (automatic),53.4,3579.15,0,0.0954027241097308,Predicted stay,Low,Standard engagement,Offer contract migration incentive; Offer online security bundle,Not targeted,Not target,45-72 months,Stayed
6729-GDNGC,Female,1,No,No,20,Yes,No,Fiber optic,No,No,No,No,Yes,No,Month-to-month,No,Bank transfer (automatic),80.7,1614.2,0,0.4522101500958985,Predicted churn,High,Targeted retention campaign,Offer contract migration incentive; Offer online security bundle,Standard priority,Target,13-24 months,Stayed
9945-PSVIP,Female,0,Yes,Yes,25,Yes,No,No,No internet service,No internet service,No internet service,No internet service,No internet service,No internet service,Two year,Yes,Mailed check,18.7,383.65,0,0.0233449950681519,Predicted stay,Low,Standard engagement,,Not targeted,Not target,25-48 months,Stayed
4137-JOPHL,Female,0,No,No,50,Yes,No,Fiber optic,No,No,Yes,Yes,No,Yes,Two year,Yes,Bank transfer (automatic),89.7,4304.5,0,0.0692252562939572,Predicted stay,Low,Standard engagement,Offer online security bundle,Not targeted,Not target,45-72 months,Stayed
2720-FVBQP,Female,0,Yes,Yes,6,Yes,Yes,DSL,No,No,No,No,No,No,Month-to-month,Yes,Credit card (automatic),48.95,273.25,0,0.3990983906321282,Predicted churn,High,Targeted retention campaign,Offer contract migration incentive; Offer online security bundle; Provide proactive onboarding outreach,Standard priority,Target,0-6 months,Stayed
7854-EKTJL,Female,0,No,Yes,2,Yes,No,No,No internet service,No internet service,No internet service,No internet service,No internet service,No internet service,Month-to-month,Yes,Electronic check,19.6,35.85,1,0.2675611605767867,Predicted stay,Moderate,Preventative engagement,Offer contract migration incentive; Promote automatic payment; Provide proactive onboarding outreach,Not targeted,Not target,0-6 months,Churned
1133-KXCGE,Female,0,No,No,18,Yes,No,No,No internet service,No internet service,No internet service,No internet service,No internet service,No internet service,One year,No,Mailed check,20.1,407.05,0,0.0502200506293861,Predicted stay,Low,Standard engagement,,Not targeted,Not target,13-24 months,Stayed
6048-QBXKL,Female,1,No,No,2,Yes,Yes,DSL,No,Yes,No,No,No,No,Month-to-month,Yes,Credit card (automatic),56.55,118.25,0,0.4412350024222949,Predicted churn,High,Targeted retention campaign,Offer contract migration incentive; Offer online security bundle; Provide proactive onboarding outreach,Standard priority,Target,0-6 months,Stayed
6338-AVWCY,Male,0,No,No,3,No,No phone service,DSL,No,No,Yes,No,Yes,No,Month-to-month,Yes,Mailed check,40.15,130.75,1,0.6053580361742318,Predicted churn,Very high,Priority outreach + personalized retention offer,Offer contract migration incentive; Offer online security bundle; Provide proactive onboarding outreach,High priority,Target,0-6 months,Churned
0013-MHZWF,Female,0,No,Yes,9,Yes,No,DSL,No,No,No,Yes,Yes,Yes,Month-to-month,Yes,Credit card (automatic),69.4,571.45,0,0.3165305833447007,Predicted stay,Moderate,Preventative engagement,Offer contract migration incentive; Offer online security bundle; Provide proactive onboarding outreach,Not targeted,Not target,7-12 months,Stayed
9804-ICWBG,Male,0,No,No,1,Yes,No,Fiber optic,No,No,No,No,No,No,Month-to-month,Yes,Electronic check,69.9,69.9,1,0.7085222745130798,Predicted churn,Very high,Priority outreach + personalized retention offer,Offer contract migration incentive; Promote automatic payment; Offer online security bundle; Provide proactive onboarding outreach,High priority,Target,0-6 months,Churned
2368-GAKKQ,Female,0,No,No,70,Yes,Yes,Fiber optic,Yes,Yes,Yes,Yes,Yes,Yes,Two year,Yes,Bank transfer (automatic),113.65,7939.25,0,0.0580551690086199,Predicted stay,Low,Standard engagement,,Not targeted,Not target,45-72 months,Stayed
4829-AUOAX,Female,0,No,No,46,Yes,Yes,Fiber optic,No,No,No,No,Yes,Yes,Month-to-month,No,Bank transfer (automatic),96.05,4399.5,1,0.3709540345290328,Predicted churn,High,Targeted retention campaign,Offer contract migration incentive; Offer online security bundle,Standard priority,Target,25-48 months,Churned
7876-BEUTG,Female,0,No,No,15,Yes,Yes,DSL,No,No,No,No,No,No,Month-to-month,Yes,Mailed check,48.8,720.1,0,0.3876466463089396,Predicted churn,High,Targeted retention campaign,Offer contract migration incentive; Offer online security bundle,Standard priority,Target,13-24 months,Stayed
6349-JDHQP,Female,0,No,No,53,Yes,No,No,No internet service,No internet service,No internet service,No internet service,No internet service,No internet service,Two year,No,Credit card (automatic),19.85,1049.6,0,0.0045865300351698,Predicted stay,Low,Standard engagement,,Not targeted,Not target,45-72 months,Stayed
3063-QFSZL,Female,0,No,No,1,Yes,No,DSL,No,No,No,No,No,Yes,Month-to-month,Yes,Electronic check,55.4,55.4,1,0.5635093707134573,Predicted churn,High,Targeted retention campaign,Offer contract migration incentive; Promote automatic payment; Offer online security bundle; Provide proactive onboarding outreach,Standard priority,Target,0-6 months,Churned
9142-XMYJH,Female,0,No,No,29,Yes,No,No,No internet service,No internet service,No internet service,No internet service,No internet service,No internet service,Month-to-month,No,Credit card (automatic),19.35,601.6,0,0.0558522998659898,Predicted stay,Low,Standard engagement,Offer contract migration incentive,Not targeted,Not target,25-48 months,Stayed
2609-IAICY,Female,0,No,No,1,Yes,Yes,Fiber optic,No,No,No,No,No,No,Month-to-month,Yes,Electronic check,77.15,77.15,1,0.733369394418563,Predicted churn,Very high,Priority outreach + personalized retention offer,Offer contract migration incentive; Promote automatic payment; Offer online security bundle; Provide proactive onboarding outreach,High priority,Target,0-6 months,Churned
8626-PTQGE,Male,0,No,No,69,No,No phone service,DSL,Yes,Yes,No,Yes,Yes,Yes,Two year,Yes,Bank transfer (automatic),60.05,4176.7,0,0.0147938760207539,Predicted stay,Low,Standard engagement,,Not targeted,Not target,45-72 months,Stayed
0230-UBYPQ,Male,1,Yes,No,63,No,No phone service,DSL,Yes,No,No,Yes,No,No,One year,No,Bank transfer (automatic),36.1,2298.9,0,0.0148316712398604,Predicted stay,Low,Standard engagement,,Not targeted,Not target,45-72 months,Stayed
6814-ZPWFQ,Male,1,No,No,51,Yes,Yes,No,No internet service,No internet service,No internet service,No internet service,No internet service,No internet service,One year,No,Bank transfer (automatic),25.0,1260.7,0,0.0166119658244429,Predicted stay,Low,Standard engagement,,Not targeted,Not target,45-72 months,Stayed
5921-NGYRH,Male,0,Yes,No,64,Yes,No,Fiber optic,Yes,No,No,No,No,No,Month-to-month,Yes,Mailed check,73.55,4764.0,0,0.1321464737922789,Predicted stay,Low,Standard engagement,Offer contract migration incentive,Not targeted,Not target,45-72 months,Stayed
7803-XOCCZ,Female,0,Yes,Yes,52,Yes,No,Fiber optic,Yes,No,Yes,Yes,No,No,Month-to-month,Yes,Bank transfer (automatic),84.05,4326.8,0,0.1057918199738522,Predicted stay,Low,Standard engagement,Offer contract migration incentive,Not targeted,Not target,45-72 months,Stayed
1459-QNFQT,Male,0,Yes,Yes,70,No,No phone service,DSL,Yes,No,Yes,Yes,Yes,Yes,Two year,No,Bank transfer (automatic),59.5,4144.8,0,0.0093996955037419,Predicted stay,Low,Standard engagement,,Not targeted,Not target,45-72 months,Stayed
3948-FVVRP,Male,0,Yes,Yes,9,Yes,No,DSL,No,Yes,No,Yes,No,No,Month-to-month,No,Mailed check,54.8,452.8,0,0.158718793248317,Predicted stay,Low,Standard engagement,Offer contract migration incentive; Offer online security bundle; Provide proactive onboarding outreach,Not targeted,Not target,7-12 months,Stayed
0923-PNFUB,Female,0,No,No,3,Yes,No,Fiber optic,No,Yes,No,No,Yes,No,Month-to-month,No,Electronic check,83.75,247.25,1,0.6310984707631632,Predicted churn,Very high,Priority outreach + personalized retention offer,Offer contract migration incentive; Promote automatic payment; Offer online security bundle; Provide proactive onboarding outreach,High priority,Target,0-6 months,Churned
4654-ULTTN,Male,0,Yes,No,70,Yes,Yes,DSL,Yes,No,Yes,Yes,No,Yes,Two year,Yes,Credit card (automatic),74.8,5315.8,0,0.0131139782265004,Predicted stay,Low,Standard engagement,,Not targeted,Not target,45-72 months,Stayed
5628-FCGYG,Male,0,No,No,21,Yes,Yes,Fiber optic,No,No,No,No,No,Yes,Month-to-month,Yes,Electronic check,84.1,1737.45,0,0.6909376185125266,Predicted churn,Very high,Priority outreach + personalized retention offer,Offer contract migration incentive; Promote automatic payment; Offer online security bundle,High priority,Target,13-24 months,Stayed
0506-LVNGN,Female,1,No,No,5,Yes,No,Fiber optic,No,No,Yes,No,No,No,Month-to-month,Yes,Credit card (automatic),75.55,349.65,1,0.5927334407409135,Predicted churn,High,Targeted retention campaign,Offer contract migration incentive; Offer online security bundle; Provide proactive onboarding outreach,Standard priority,Target,0-6 months,Churned
4329-YPDDQ,Male,0,No,No,20,Yes,No,Fiber optic,Yes,Yes,Yes,Yes,Yes,Yes,Month-to-month,Yes,Bank transfer (automatic),108.2,2203.7,0,0.3875172113914438,Predicted churn,High,Targeted retention campaign,Offer contract migration incentive,Standard priority,Target,13-24 months,Stayed
9866-OCCKE,Female,1,Yes,No,72,Yes,Yes,Fiber optic,Yes,No,Yes,Yes,Yes,Yes,Two year,Yes,Mailed check,109.75,8075.35,0,0.0759771078157904,Predicted stay,Low,Standard engagement,,Not targeted,Not target,45-72 months,Stayed
0794-YVSGE,Male,0,Yes,Yes,72,Yes,No,No,No internet service,No internet service,No internet service,No internet service,No internet service,No internet service,Two year,No,Bank transfer (automatic),20.3,1401.15,0,0.0015365347578771,Predicted stay,Low,Standard engagement,,Not targeted,Not target,45-72 months,Stayed
4342-HENTK,Female,1,No,No,2,Yes,No,Fiber optic,No,No,No,No,No,No,Month-to-month,Yes,Electronic check,70.65,142.35,1,0.717169264500669,Predicted churn,Very high,Priority outreach + personalized retention offer,Offer contract migration incentive; Promote automatic payment; Offer online security bundle; Provide proactive onboarding outreach,High priority,Target,0-6 months,Churned
5934-TSSAU,Female,0,Yes,Yes,23,Yes,No,Fiber optic,No,No,Yes,No,No,No,Month-to-month,Yes,Credit card (automatic),75.3,1702.9,0,0.3621393348386084,Predicted churn,High,Targeted retention campaign,Offer contract migration incentive; Offer online security bundle,Standard priority,Target,13-24 months,Stayed
9986-BONCE,Female,0,No,No,4,Yes,No,No,No internet service,No internet service,No internet service,No internet service,No internet service,No internet service,Month-to-month,No,Bank transfer (automatic),20.95,85.5,1,0.1523887241375342,Predicted stay,Low,Standard engagement,Offer contract migration incentive; Provide proactive onboarding outreach,Not targeted,Not target,0-6 months,Churned
5301-GAUUY,Male,0,No,No,32,Yes,Yes,Fiber optic,No,Yes,No,No,No,No,Month-to-month,Yes,Bank transfer (automatic),80.35,2596.15,1,0.3953018023482998,Predicted churn,High,Targeted retention campaign,Offer contract migration incentive; Offer online security bundle,Standard priority,Target,25-48 months,Churned
0725-CXOTM,Female,0,No,No,36,Yes,Yes,DSL,Yes,No,Yes,Yes,Yes,Yes,One year,Yes,Credit card (automatic),89.65,3348.1,0,0.0771598103829587,Predicted stay,Low,Standard engagement,,Not targeted,Not target,25-48 months,Stayed
2843-CQMEG,Male,0,No,No,24,Yes,No,DSL,No,Yes,No,No,No,No,Month-to-month,Yes,Mailed check,49.7,1218.25,0,0.21254202040263,Predicted stay,Moderate,Preventative engagement,Offer contract migration incentive; Offer online security bundle,Not targeted,Not target,13-24 months,Stayed
5600-PDUJF,Male,0,No,No,6,Yes,No,DSL,No,No,No,Yes,No,No,Month-to-month,Yes,Credit card (automatic),49.5,312.7,0,0.295582845012556,Predicted stay,Moderate,Preventative engagement,Offer contract migration incentive; Offer online security bundle; Provide proactive onboarding outreach,Not targeted,Not target,0-6 months,Stayed
4500-HKANN,Male,0,Yes,Yes,23,Yes,Yes,DSL,No,Yes,No,Yes,No,No,Two year,No,Mailed check,59.7,1414.2,0,0.037570733557846,Predicted stay,Low,Standard engagement,Offer online security bundle,Not targeted,Not target,13-24 months,Stayed
1862-QRWPE,Female,0,Yes,Yes,48,Yes,No,No,No internet service,No internet service,No internet service,No internet service,No internet service,No internet service,Two year,No,Bank transfer (automatic),20.65,1057.0,0,0.0047565151499721,Predicted stay,Low,Standard engagement,,Not targeted,Not target,25-48 months,Stayed
2155-AMQRX,Female,0,No,No,28,Yes,Yes,DSL,No,No,No,Yes,No,No,Month-to-month,Yes,Credit card (automatic),54.9,1505.15,0,0.1838956041468603,Predicted stay,Low,Standard engagement,Offer contract migration incentive; Offer online security bundle,Not targeted,Not target,25-48 months,Stayed
0823-HSCDJ,Male,1,No,No,52,No,No phone service,DSL,No,Yes,No,No,Yes,Yes,Month-to-month,Yes,Electronic check,49.15,2550.9,1,0.2787477278904687,Predicted stay,Moderate,Preventative engagement,Offer contract migration incentive; Promote automatic payment; Offer online security bundle,Not targeted,Not target,45-72 months,Churned
4090-KPJIP,Female,0,No,No,3,Yes,Yes,Fiber optic,No,No,No,No,No,No,Month-to-month,Yes,Electronic check,74.95,212.4,0,0.7460589617113375,Predicted churn,Very high,Priority outreach + personalized retention offer,Offer contract migration incentive; Promote automatic payment; Offer online security bundle; Provide proactive onboarding outreach,High priority,Target,0-6 months,Stayed
2737-YNGYW,Female,0,No,No,2,Yes,No,Fiber optic,No,No,No,No,No,Yes,Month-to-month,No,Electronic check,80.55,184.1,1,0.6565737542980707,Predicted churn,Very high,Priority outreach + personalized retention offer,Offer contract migration incentive; Promote automatic payment; Offer online security bundle; Provide proactive onboarding outreach,High priority,Target,0-6 months,Churned
5619-XZZKR,Male,0,No,No,4,Yes,No,No,No internet service,No internet service,No internet service,No internet service,No internet service,No internet service,One year,No,Mailed check,19.95,68.2,0,0.0948039239117077,Predicted stay,Low,Standard engagement,Provide proactive onboarding outreach,Not targeted,Not target,0-6 months,Stayed
6047-YHPVI,Male,0,No,No,5,Yes,No,Fiber optic,No,No,No,No,No,No,Month-to-month,Yes,Electronic check,69.7,316.9,1,0.6796375171883442,Predicted churn,Very high,Priority outreach + personalized retention offer,Offer contract migration incentive; Promote automatic payment; Offer online security bundle; Provide proactive onboarding outreach,High priority,Target,0-6 months,Churned
8375-DKEBR,Female,1,No,No,1,Yes,No,Fiber optic,No,No,No,No,No,No,Month-to-month,Yes,Electronic check,69.6,69.6,1,0.7369859347867702,Predicted churn,Very high,Priority outreach + personalized retention offer,Offer contract migration incentive; Promote automatic payment; Offer online security bundle; Provide proactive onboarding outreach,High priority,Target,0-6 months,Churned
7729-XBTWX,Male,0,Yes,Yes,66,Yes,No,No,No internet service,No internet service,No internet service,No internet service,No internet service,No internet service,Two year,Yes,Mailed check,19.75,1344.5,0,0.0033530538408152,Predicted stay,Low,Standard engagement,,Not targeted,Not target,45-72 months,Stayed
4983-CLMLV,Female,0,Yes,No,52,Yes,Yes,Fiber optic,No,Yes,No,Yes,Yes,Yes,Month-to-month,Yes,Credit card (automatic),102.7,5138.1,0,0.3441379949273752,Predicted stay,Moderate,Preventative engagement,Offer contract migration incentive; Offer online security bundle,Not targeted,Not target,45-72 months,Stayed
9227-LUNBG,Female,0,No,No,1,No,No phone service,DSL,No,No,No,No,No,No,Month-to-month,No,Electronic check,24.6,24.6,1,0.5715094954013021,Predicted churn,High,Targeted retention campaign,Offer contract migration incentive; Promote automatic payment; Offer online security bundle; Provide proactive onboarding outreach,Standard priority,Target,0-6 months,Churned
2758-RNWXS,Male,0,No,No,35,Yes,No,Fiber optic,Yes,No,No,Yes,No,Yes,One year,Yes,Electronic check,89.2,3251.3,0,0.207068212050693,Predicted stay,Moderate,Preventative engagement,Promote automatic payment,Not targeted,Not target,25-48 months,Stayed
7055-HNEOJ,Male,0,Yes,No,3,Yes,No,DSL,No,No,Yes,Yes,No,No,Month-to-month,Yes,Mailed check,55.8,154.55,0,0.3199223743270696,Predicted stay,Moderate,Preventative engagement,Offer contract migration incentive; Offer online security bundle; Provide proactive onboarding outreach,Not targeted,Not target,0-6 months,Stayed
7134-MJPDY,Female,1,No,No,66,Yes,Yes,Fiber optic,No,No,Yes,Yes,Yes,Yes,One year,Yes,Credit card (automatic),102.85,6976.75,0,0.204083190545447,Predicted stay,Moderate,Preventative engagement,Offer online security bundle,Not targeted,Not target,45-72 months,Stayed
4560-WQAQW,Female,0,No,No,59,Yes,Yes,DSL,Yes,No,No,Yes,No,Yes,One year,No,Bank transfer (automatic),68.7,4070.95,0,0.0251928178172065,Predicted stay,Low,Standard engagement,,Not targeted,Not target,45-72 months,Stayed
8532-UEFWH,Male,0,Yes,Yes,52,Yes,Yes,No,No internet service,No internet service,No internet service,No internet service,No internet service,No internet service,Two year,No,Mailed check,25.75,1345.85,0,0.0060279579051189,Predicted stay,Low,Standard engagement,,Not targeted,Not target,45-72 months,Stayed
8541-QVFKM,Female,0,No,No,8,Yes,Yes,Fiber optic,No,No,No,No,No,No,Month-to-month,Yes,Electronic check,73.5,632.2,0,0.7330806489373033,Predicted churn,Very high,Priority outreach + personalized retention offer,Offer contract migration incentive; Promote automatic payment; Offer online security bundle; Provide proactive onboarding outreach,High priority,Target,7-12 months,Stayed
7129-ACFOG,Female,0,No,No,5,Yes,Yes,DSL,Yes,No,No,No,No,No,Month-to-month,Yes,Electronic check,53.8,283.95,0,0.4607805639679451,Predicted churn,High,Targeted retention campaign,Offer contract migration incentive; Promote automatic payment; Provide proactive onboarding outreach,Standard priority,Target,0-6 months,Stayed
2495-INZWQ,Male,0,No,No,4,No,No phone service,DSL,No,No,No,No,Yes,Yes,Month-to-month,Yes,Electronic check,44.55,174.3,1,0.7300087527969246,Predicted churn,Very high,Priority outreach + personalized retention offer,Offer contract migration incentive; Promote automatic payment; Offer online security bundle; Provide proactive onboarding outreach,High priority,Target,0-6 months,Churned
0263-FJTQO,Male,0,Yes,Yes,50,Yes,Yes,DSL,Yes,No,No,Yes,Yes,No,Two year,Yes,Credit card (automatic),70.5,3486.65,0,0.0188609810051281,Predicted stay,Low,Standard engagement,,Not targeted,Not target,45-72 months,Stayed
0181-RITDD,Male,0,Yes,Yes,62,Yes,No,Fiber optic,Yes,Yes,Yes,Yes,Yes,Yes,Two year,No,Mailed check,108.15,6825.65,0,0.0331469618418451,Predicted stay,Low,Standard engagement,,Not targeted,Not target,45-72 months,Stayed
8241-JUIQO,Female,0,No,No,61,Yes,No,No,No internet service,No internet service,No internet service,No internet service,No internet service,No internet service,One year,No,Bank transfer (automatic),19.45,1336.35,0,0.0066530872096259,Predicted stay,Low,Standard engagement,,Not targeted,Not target,45-72 months,Stayed
0913-XWSCN,Male,0,Yes,Yes,55,Yes,Yes,Fiber optic,No,No,No,No,No,Yes,Month-to-month,No,Bank transfer (automatic),85.5,4713.4,0,0.2166345492799097,Predicted stay,Moderate,Preventative engagement,Offer contract migration incentive; Offer online security bundle,Not targeted,Not target,45-72 months,Stayed
2159-TURXX,Male,0,No,No,5,Yes,No,No,No internet service,No internet service,No internet service,No internet service,No internet service,No internet service,Month-to-month,No,Credit card (automatic),20.05,95.55,0,0.1528238438921738,Predicted stay,Low,Standard engagement,Offer contract migration incentive; Provide proactive onboarding outreach,Not targeted,Not target,0-6 months,Stayed
6461-PPAXN,Female,0,Yes,Yes,35,Yes,No,DSL,Yes,No,No,Yes,No,No,One year,Yes,Bank transfer (automatic),54.95,1916.0,0,0.0340539144262166,Predicted stay,Low,Standard engagement,,Not targeted,Not target,25-48 months,Stayed
1452-KIOVK,Male,0,No,Yes,22,Yes,Yes,Fiber optic,No,Yes,No,No,Yes,No,Month-to-month,Yes,Credit card (automatic),89.1,1949.4,0,0.4958202183231452,Predicted churn,High,Targeted retention campaign,Offer contract migration incentive; Offer online security bundle,Standard priority,Target,13-24 months,Stayed
1139-WUOAH,Male,0,No,No,57,No,No phone service,DSL,No,No,Yes,Yes,Yes,Yes,Two year,No,Credit card (automatic),53.35,3090.05,0,0.0276348209693302,Predicted stay,Low,Standard engagement,Offer online security bundle,Not targeted,Not target,45-72 months,Stayed
3207-OYBWH,Male,1,Yes,No,57,Yes,Yes,Fiber optic,No,Yes,Yes,No,No,Yes,Month-to-month,Yes,Bank transfer (automatic),95.25,5427.05,1,0.3349058391186249,Predicted stay,Moderate,Preventative engagement,Offer contract migration incentive; Offer online security bundle,Not targeted,Not target,45-72 months,Churned
8347-GDTMP,Female,0,Yes,No,64,Yes,No,No,No internet service,No internet service,No internet service,No internet service,No internet service,No internet service,Two year,No,Credit card (automatic),19.45,1225.65,0,0.002817321209134,Predicted stay,Low,Standard engagement,,Not targeted,Not target,45-72 months,Stayed
9909-DFRJA,Female,0,No,No,26,Yes,No,Fiber optic,Yes,No,Yes,Yes,No,Yes,One year,Yes,Bank transfer (automatic),95.85,2475.35,0,0.1652824555013733,Predicted stay,Low,Standard engagement,,Not targeted,Not target,25-48 months,Stayed
6383-ZTSIW,Female,1,Yes,No,39,Yes,No,Fiber optic,Yes,Yes,No,No,Yes,Yes,One year,No,Mailed check,99.1,3877.95,0,0.1795422690280131,Predicted stay,Low,Standard engagement,,Not targeted,Not target,25-48 months,Stayed
5438-QMDDL,Female,0,Yes,No,19,Yes,No,DSL,No,Yes,No,No,No,Yes,Month-to-month,Yes,Mailed check,59.8,1130.85,0,0.2974774176583422,Predicted stay,Moderate,Preventative engagement,Offer contract migration incentive; Offer online security bundle,Not targeted,Not target,13-24 months,Stayed
8914-RBTSB,Male,0,Yes,No,31,Yes,Yes,Fiber optic,No,Yes,Yes,No,Yes,No,Month-to-month,No,Electronic check,93.8,3019.5,1,0.5095315313957586,Predicted churn,High,Targeted retention campaign,Offer contract migration incentive; Promote automatic payment; Offer online security bundle,Standard priority,Target,25-48 months,Churned
6164-HXUGH,Female,0,Yes,Yes,6,Yes,No,No,No internet service,No internet service,No internet service,No internet service,No internet service,No internet service,Month-to-month,No,Mailed check,19.85,119.3,0,0.1333797724490945,Predicted stay,Low,Standard engagement,Offer contract migration incentive; Provide proactive onboarding outreach,Not targeted,Not target,0-6 months,Stayed
6900-RBKER,Male,0,No,No,52,Yes,Yes,Fiber optic,No,No,Yes,No,No,Yes,Two year,Yes,Credit card (automatic),89.45,4577.75,0,0.1232353041797678,Predicted stay,Low,Standard engagement,Offer online security bundle,Not targeted,Not target,45-72 months,Stayed
1492-QGCLU,Male,0,Yes,Yes,53,Yes,Yes,DSL,Yes,No,Yes,Yes,Yes,Yes,Month-to-month,No,Electronic check,85.7,4616.1,0,0.0948668424518245,Predicted stay,Low,Standard engagement,Offer contract migration incentive; Promote automatic payment,Not targeted,Not target,45-72 months,Stayed
6664-FPDAC,Female,1,No,No,56,Yes,Yes,Fiber optic,No,Yes,Yes,Yes,Yes,Yes,One year,Yes,Electronic check,111.95,6418.9,1,0.2679938791321899,Predicted stay,Moderate,Preventative engagement,Promote automatic payment; Offer online security bundle,Not targeted,Not target,45-72 months,Churned
1088-AUUZZ,Male,0,Yes,Yes,56,Yes,Yes,DSL,Yes,Yes,No,Yes,No,Yes,Two year,Yes,Credit card (automatic),75.85,4261.2,0,0.0136664515473172,Predicted stay,Low,Standard engagement,,Not targeted,Not target,45-72 months,Stayed
6651-AZVTJ,Male,0,Yes,Yes,49,Yes,Yes,Fiber optic,No,No,Yes,No,Yes,Yes,Month-to-month,Yes,Electronic check,99.8,4872.45,1,0.510216667279389,Predicted churn,High,Targeted retention campaign,Offer contract migration incentive; Promote automatic payment; Offer online security bundle,Standard priority,Target,45-72 months,Churned
8219-VYBVI,Male,0,No,Yes,39,Yes,Yes,No,No internet service,No internet service,No internet service,No internet service,No internet service,No internet service,Two year,No,Mailed check,25.0,1004.35,0,0.0111989623504163,Predicted stay,Low,Standard engagement,,Not targeted,Not target,25-48 months,Stayed
0310-MVLET,Female,0,Yes,Yes,61,Yes,Yes,Fiber optic,No,Yes,No,No,Yes,Yes,Month-to-month,Yes,Electronic check,99.15,6010.05,1,0.3946872610542089,Predicted churn,High,Targeted retention campaign,Offer contract migration incentive; Promote automatic payment; Offer online security bundle,Standard priority,Target,45-72 months,Churned
7233-IOQNP,Female,0,Yes,No,43,No,No phone service,DSL,Yes,No,No,Yes,No,No,Month-to-month,No,Bank transfer (automatic),34.0,1505.35,0,0.0640251994239346,Predicted stay,Low,Standard engagement,Offer contract migration incentive,Not targeted,Not target,25-48 months,Stayed
7311-MQJCH,Female,0,No,No,5,Yes,No,No,No internet service,No internet service,No internet service,No internet service,No internet service,No internet service,One year,No,Electronic check,19.55,99.6,0,0.1204379226959935,Predicted stay,Low,Standard engagement,Promote automatic payment; Provide proactive onboarding outreach,Not targeted,Not target,0-6 months,Stayed
9256-JTBNZ,Female,0,No,No,11,Yes,No,No,No internet service,No internet service,No internet service,No internet service,No internet service,No internet service,Month-to-month,No,Bank transfer (automatic),20.3,246.3,0,0.1188251250861778,Predicted stay,Low,Standard engagement,Offer contract migration incentive; Provide proactive onboarding outreach,Not targeted,Not target,7-12 months,Stayed
8713-IGZSO,Male,0,No,No,2,Yes,Yes,No,No internet service,No internet service,No internet service,No internet service,No internet service,No internet service,Month-to-month,No,Mailed check,24.85,62.0,0,0.2376758312371998,Predicted stay,Moderate,Preventative engagement,Offer contract migration incentive; Provide proactive onboarding outreach,Not targeted,Not target,0-6 months,Stayed
6821-BUXUX,Female,0,No,No,13,Yes,Yes,Fiber optic,Yes,Yes,No,No,Yes,No,Month-to-month,Yes,Electronic check,96.65,1244.5,1,0.5761912363445112,Predicted churn,High,Targeted retention campaign,Offer contract migration incentive; Promote automatic payment,Standard priority,Target,13-24 months,Churned
9114-DPSIA,Male,0,Yes,Yes,72,Yes,Yes,DSL,Yes,Yes,Yes,Yes,No,Yes,Two year,No,Credit card (automatic),81.0,5750.0,0,0.0056428077470098,Predicted stay,Low,Standard engagement,,Not targeted,Not target,45-72 months,Stayed
4501-UYKBC,Female,1,No,No,46,Yes,Yes,DSL,No,No,Yes,Yes,No,Yes,One year,Yes,Credit card (automatic),69.1,3255.35,0,0.0888494295423066,Predicted stay,Low,Standard engagement,Offer online security bundle,Not targeted,Not target,25-48 months,Stayed
2798-NYLMZ,Male,0,Yes,No,71,Yes,Yes,Fiber optic,Yes,No,Yes,Yes,Yes,Yes,Two year,Yes,Credit card (automatic),108.55,7616.0,0,0.0623557058922664,Predicted stay,Low,Standard engagement,,Not targeted,Not target,45-72 months,Stayed
6711-VTNRE,Female,0,No,No,36,Yes,No,Fiber optic,No,No,Yes,Yes,No,Yes,Month-to-month,Yes,Electronic check,87.55,3078.1,1,0.4307014371966033,Predicted churn,High,Targeted retention campaign,Offer contract migration incentive; Promote automatic payment; Offer online security bundle,Standard priority,Target,25-48 months,Churned
5966-EMAZU,Male,0,Yes,No,64,Yes,Yes,Fiber optic,Yes,No,Yes,Yes,Yes,Yes,One year,Yes,Mailed check,108.5,6880.85,0,0.1481784546563884,Predicted stay,Low,Standard engagement,,Not targeted,Not target,45-72 months,Stayed
3627-FHKBK,Female,0,No,No,1,Yes,No,Fiber optic,Yes,No,No,No,No,No,Month-to-month,No,Mailed check,75.3,75.3,1,0.4342759275637371,Predicted churn,High,Targeted retention campaign,Offer contract migration incentive; Provide proactive onboarding outreach,Standard priority,Target,0-6 months,Churned
7861-UVUFT,Female,0,Yes,No,15,Yes,No,Fiber optic,No,No,Yes,No,Yes,No,Month-to-month,Yes,Electronic check,84.3,1308.4,1,0.6612469920259192,Predicted churn,Very high,Priority outreach + personalized retention offer,Offer contract migration incentive; Promote automatic payment; Offer online security bundle,High priority,Target,13-24 months,Churned
9824-QCJPK,Male,0,Yes,No,36,Yes,No,No,No internet service,No internet service,No internet service,No internet service,No internet service,No internet service,One year,No,Mailed check,20.0,666.75,0,0.022464945150053,Predicted stay,Low,Standard engagement,,Not targeted,Not target,25-48 months,Stayed
7816-VGHTO,Female,0,Yes,Yes,6,No,No phone service,DSL,No,Yes,Yes,Yes,No,No,Two year,No,Mailed check,40.55,217.5,0,0.0775816916126151,Predicted stay,Low,Standard engagement,Offer online security bundle; Provide proactive onboarding outreach,Not targeted,Not target,0-6 months,Stayed
3794-NFNCH,Male,0,Yes,No,30,Yes,No,DSL,No,No,Yes,No,No,No,Month-to-month,Yes,Mailed check,50.0,1474.9,0,0.194939196928297,Predicted stay,Low,Standard engagement,Offer contract migration incentive; Offer online security bundle,Not targeted,Not target,25-48 months,Stayed
3877-JRJIP,Male,0,No,No,1,Yes,Yes,DSL,No,No,No,No,Yes,No,Month-to-month,Yes,Electronic check,59.85,59.85,1,0.6447260005671412,Predicted churn,Very high,Priority outreach + personalized retention offer,Offer contract migration incentive; Promote automatic payment; Offer online security bundle; Provide proactive onboarding outreach,High priority,Target,0-6 months,Churned
5228-EXCET,Male,0,No,No,13,Yes,No,Fiber optic,No,No,No,No,No,Yes,Month-to-month,Yes,Electronic check,80.85,1008.7,1,0.656861453105319,Predicted churn,Very high,Priority outreach + personalized retention offer,Offer contract migration incentive; Promote automatic payment; Offer online security bundle,High priority,Target,13-24 months,Churned
6248-BSHKG,Male,0,Yes,Yes,61,Yes,No,No,No internet service,No internet service,No internet service,No internet service,No internet service,No internet service,One year,No,Mailed check,20.4,1226.45,0,0.0054972975495643,Predicted stay,Low,Standard engagement,,Not targeted,Not target,45-72 months,Stayed
8915-NNTRC,Male,0,Yes,Yes,72,Yes,Yes,Fiber optic,Yes,Yes,No,Yes,Yes,Yes,Two year,Yes,Credit card (automatic),107.7,7919.8,0,0.0474764804178517,Predicted stay,Low,Standard engagement,,Not targeted,Not target,45-72 months,Stayed
3470-OBUET,Female,0,Yes,Yes,67,Yes,Yes,DSL,Yes,Yes,No,Yes,Yes,No,Two year,No,Credit card (automatic),74.0,4868.4,0,0.006801972936398,Predicted stay,Low,Standard engagement,,Not targeted,Not target,45-72 months,Stayed
3229-USWAR,Female,0,No,No,34,Yes,No,DSL,Yes,No,Yes,Yes,Yes,Yes,One year,Yes,Bank transfer (automatic),79.95,2727.3,0,0.0759748795225441,Predicted stay,Low,Standard engagement,,Not targeted,Not target,25-48 months,Stayed
1927-QEWMY,Female,0,Yes,No,72,Yes,No,No,No internet service,No internet service,No internet service,No internet service,No internet service,No internet service,Two year,No,Credit card (automatic),20.5,1502.25,0,0.0018579722443439,Predicted stay,Low,Standard engagement,,Not targeted,Not target,45-72 months,Stayed
6374-AFWOX,Male,0,Yes,No,46,Yes,No,DSL,Yes,Yes,Yes,Yes,No,No,Two year,No,Mailed check,65.65,3047.15,0,0.0096121613797876,Predicted stay,Low,Standard engagement,,Not targeted,Not target,25-48 months,Stayed
7912-SYRQT,Female,0,No,No,7,Yes,Yes,Fiber optic,No,No,No,No,No,No,Month-to-month,Yes,Bank transfer (automatic),75.1,552.95,1,0.6357849702836788,Predicted churn,Very high,Priority outreach + personalized retention offer,Offer contract migration incentive; Offer online security bundle; Provide proactive onboarding outreach,High priority,Target,7-12 months,Churned
2070-FNEXE,Female,1,No,No,7,Yes,No,Fiber optic,Yes,No,No,No,No,No,Month-to-month,No,Bank transfer (automatic),76.45,503.6,1,0.3834092793002971,Predicted churn,High,Targeted retention campaign,Offer contract migration incentive; Provide proactive onboarding outreach,Standard priority,Target,7-12 months,Churned
5803-NQJZO,Male,0,Yes,No,72,Yes,Yes,DSL,Yes,Yes,Yes,Yes,No,No,Two year,Yes,Bank transfer (automatic),67.8,4804.65,0,0.0081075072824662,Predicted stay,Low,Standard engagement,,Not targeted,Not target,45-72 months,Stayed
5651-YLPRD,Female,0,Yes,Yes,32,Yes,No,Fiber optic,No,Yes,No,No,Yes,No,Month-to-month,Yes,Electronic check,86.1,2723.75,0,0.4138203919463153,Predicted churn,High,Targeted retention campaign,Offer contract migration incentive; Promote automatic payment; Offer online security bundle,Standard priority,Target,25-48 months,Stayed
1271-UODNO,Male,0,No,No,39,Yes,Yes,DSL,No,No,No,Yes,No,No,Two year,Yes,Credit card (automatic),53.85,2200.7,0,0.0400303346252533,Predicted stay,Low,Standard engagement,Offer online security bundle,Not targeted,Not target,25-48 months,Stayed
5014-WUQMG,Male,0,Yes,Yes,47,Yes,No,Fiber optic,Yes,Yes,Yes,No,No,Yes,One year,Yes,Electronic check,96.1,4391.45,0,0.1342176437363983,Predicted stay,Low,Standard engagement,Promote automatic payment,Not targeted,Not target,25-48 months,Stayed
5889-JTMUL,Female,1,Yes,No,50,Yes,Yes,Fiber optic,No,Yes,Yes,No,Yes,No,Month-to-month,Yes,Electronic check,95.05,4888.7,1,0.4806497213623363,Predicted churn,High,Targeted retention campaign,Offer contract migration incentive; Promote automatic payment; Offer online security bundle,Standard priority,Target,45-72 months,Churned
0788-DXBFY,Male,0,Yes,Yes,58,Yes,No,No,No internet service,No internet service,No internet service,No internet service,No internet service,No internet service,One year,Yes,Electronic check,19.55,1108.8,0,0.0129126503092572,Predicted stay,Low,Standard engagement,Promote automatic payment,Not targeted,Not target,45-72 months,Stayed
2669-QVCRG,Female,0,No,No,41,Yes,Yes,Fiber optic,Yes,No,No,No,No,No,Month-to-month,Yes,Credit card (automatic),81.3,3190.65,0,0.2502298724479061,Predicted stay,Moderate,Preventative engagement,Offer contract migration incentive,Not targeted,Not target,25-48 months,Stayed
6630-UJZMY,Female,1,Yes,No,4,Yes,Yes,Fiber optic,No,No,No,No,Yes,No,Month-to-month,Yes,Electronic check,83.25,308.05,0,0.8230076805739441,Predicted churn,Very high,Priority outreach + personalized retention offer,Offer contract migration incentive; Promote automatic payment; Offer online security bundle; Provide proactive onboarding outreach,High priority,Target,0-6 months,Stayed
5061-PBXFW,Female,0,Yes,Yes,32,Yes,No,DSL,Yes,Yes,No,Yes,No,No,Month-to-month,No,Bank transfer (automatic),61.4,1864.65,0,0.0411178048869173,Predicted stay,Low,Standard engagement,Offer contract migration incentive,Not targeted,Not target,25-48 months,Stayed
2700-LUEVA,Male,0,No,No,1,Yes,No,No,No internet service,No internet service,No internet service,No internet service,No internet service,No internet service,Month-to-month,No,Credit card (automatic),20.75,20.75,0,0.1730043981320643,Predicted stay,Low,Standard engagement,Offer contract migration incentive; Provide proactive onboarding outreach,Not targeted,Not target,0-6 months,Stayed
3865-ZFZIB,Male,0,No,No,19,Yes,No,No,No internet service,No internet service,No internet service,No internet service,No internet service,No internet service,Two year,No,Mailed check,19.65,358.15,0,0.0258798502363547,Predicted stay,Low,Standard engagement,,Not targeted,Not target,13-24 months,Stayed
0471-ARVMX,Female,1,Yes,No,62,Yes,Yes,Fiber optic,Yes,No,Yes,No,Yes,Yes,One year,Yes,Electronic check,104.85,6312.9,0,0.2571282702050633,Predicted stay,Moderate,Preventative engagement,Promote automatic payment,Not targeted,Not target,45-72 months,Stayed
8985-OOPOS,Female,0,No,No,1,Yes,No,DSL,No,No,Yes,Yes,Yes,Yes,One year,No,Credit card (automatic),74.1,74.1,0,0.2072188501003299,Predicted stay,Moderate,Preventative engagement,Offer online security bundle; Provide proactive onboarding outreach,Not targeted,Not target,0-6 months,Stayed
0719-SYFRB,Female,0,No,No,12,Yes,Yes,DSL,Yes,No,Yes,Yes,No,No,Month-to-month,Yes,Mailed check,61.65,713.75,1,0.2661307366072303,Predicted stay,Moderate,Preventative engagement,Offer contract migration incentive; Provide proactive onboarding outreach,Not targeted,Not target,7-12 months,Churned
0447-BEMNG,Female,0,Yes,No,48,No,No phone service,DSL,Yes,No,Yes,No,No,Yes,Month-to-month,Yes,Bank transfer (automatic),45.3,2145.0,1,0.1247557036021922,Predicted stay,Low,Standard engagement,Offer contract migration incentive,Not targeted,Not target,25-48 months,Churned
5630-AHZIL,Female,0,No,Yes,3,Yes,No,DSL,Yes,No,No,Yes,No,Yes,Month-to-month,Yes,Bank transfer (automatic),64.5,177.4,0,0.2356884175515548,Predicted stay,Moderate,Preventative engagement,Offer contract migration incentive; Provide proactive onboarding outreach,Not targeted,Not target,0-6 months,Stayed
2190-BCXEC,Female,0,Yes,No,40,Yes,Yes,Fiber optic,No,No,No,Yes,No,No,Month-to-month,Yes,Credit card (automatic),78.85,3126.85,0,0.3023512695765165,Predicted stay,Moderate,Preventative engagement,Offer contract migration incentive; Offer online security bundle,Not targeted,Not target,25-48 months,Stayed
1559-DTODC,Male,0,No,No,19,No,No phone service,DSL,No,No,No,No,No,No,Month-to-month,Yes,Bank transfer (automatic),25.15,468.35,0,0.3597237279413109,Predicted churn,High,Targeted retention campaign,Offer contract migration incentive; Offer online security bundle,Standard priority,Target,13-24 months,Stayed
3244-DCJWY,Female,0,No,No,1,Yes,No,Fiber optic,No,No,No,No,No,No,Month-to-month,Yes,Electronic check,70.25,70.25,1,0.6993833998747798,Predicted churn,Very high,Priority outreach + personalized retention offer,Offer contract migration incentive; Promote automatic payment; Offer online security bundle; Provide proactive onboarding outreach,High priority,Target,0-6 months,Churned
3967-VQOGC,Female,0,Yes,Yes,67,Yes,Yes,No,No internet service,No internet service,No internet service,No internet service,No internet service,No internet service,Two year,Yes,Mailed check,24.9,1680.25,0,0.0044511884473505,Predicted stay,Low,Standard engagement,,Not targeted,Not target,45-72 months,Stayed
0265-PSUAE,Female,0,Yes,Yes,16,Yes,No,Fiber optic,Yes,No,Yes,No,Yes,Yes,Month-to-month,No,Bank transfer (automatic),100.7,1522.7,0,0.3524742819532112,Predicted churn,High,Targeted retention campaign,Offer contract migration incentive,Standard priority,Target,13-24 months,Stayed
1622-HSHSF,Female,0,No,No,1,Yes,No,No,No internet service,No internet service,No internet service,No internet service,No internet service,No internet service,Month-to-month,Yes,Mailed check,19.55,19.55,0,0.2609437792721075,Predicted stay,Moderate,Preventative engagement,Offer contract migration incentive; Provide proactive onboarding outreach,Not targeted,Not target,0-6 months,Stayed
9867-XOBQA,Female,0,No,Yes,21,No,No phone service,DSL,Yes,Yes,Yes,Yes,Yes,No,Two year,No,Mailed check,53.15,1183.2,0,0.0428691339746221,Predicted stay,Low,Standard engagement,,Not targeted,Not target,13-24 months,Stayed
6773-LQTVT,Female,1,Yes,Yes,29,No,No phone service,DSL,No,Yes,Yes,No,No,No,Month-to-month,Yes,Mailed check,35.65,1025.15,0,0.2264933224084626,Predicted stay,Moderate,Preventative engagement,Offer contract migration incentive; Offer online security bundle,Not targeted,Not target,25-48 months,Stayed
4332-MUOEZ,Male,1,Yes,Yes,20,Yes,No,Fiber optic,Yes,No,Yes,Yes,No,Yes,One year,No,Credit card (automatic),94.3,1818.3,0,0.1415780457778475,Predicted stay,Low,Standard engagement,,Not targeted,Not target,13-24 months,Stayed
0023-XUOPT,Female,0,Yes,No,13,Yes,Yes,Fiber optic,No,Yes,Yes,No,Yes,No,Month-to-month,No,Electronic check,94.1,1215.6,1,0.6206148120155605,Predicted churn,Very high,Priority outreach + personalized retention offer,Offer contract migration incentive; Promote automatic payment; Offer online security bundle,High priority,Target,13-24 months,Churned
6543-CPZMK,Male,0,Yes,Yes,9,No,No phone service,DSL,No,Yes,No,No,No,No,Month-to-month,Yes,Electronic check,29.95,248.95,1,0.4761842159825671,Predicted churn,High,Targeted retention campaign,Offer contract migration incentive; Promote automatic payment; Offer online security bundle; Provide proactive onboarding outreach,Standard priority,Target,7-12 months,Churned
6418-HNFED,Male,0,Yes,No,51,Yes,No,DSL,Yes,Yes,Yes,Yes,Yes,Yes,Two year,Yes,Credit card (automatic),83.25,4089.45,0,0.0221816509905983,Predicted stay,Low,Standard engagement,,Not targeted,Not target,45-72 months,Stayed
1036-GUDCL,Male,0,Yes,Yes,60,Yes,No,DSL,Yes,Yes,No,Yes,Yes,Yes,Month-to-month,Yes,Credit card (automatic),79.05,4663.4,0,0.0485599694983052,Predicted stay,Low,Standard engagement,Offer contract migration incentive,Not targeted,Not target,45-72 months,Stayed
4818-QIUFN,Female,1,No,No,20,Yes,Yes,Fiber optic,Yes,No,No,No,No,No,Month-to-month,Yes,Electronic check,79.15,1520.9,1,0.569477326799162,Predicted churn,High,Targeted retention campaign,Offer contract migration incentive; Promote automatic payment,Standard priority,Target,13-24 months,Churned
0778-NELLA,Male,0,No,No,9,No,No phone service,DSL,No,No,No,No,Yes,No,Month-to-month,Yes,Credit card (automatic),34.7,296.1,1,0.531269789319723,Predicted churn,High,Targeted retention campaign,Offer contract migration incentive; Offer online security bundle; Provide proactive onboarding outreach,Standard priority,Target,7-12 months,Churned
7495-OOKFY,Female,1,Yes,No,8,Yes,Yes,Fiber optic,No,Yes,No,No,No,No,Month-to-month,Yes,Credit card (automatic),80.65,633.3,1,0.6098392878555756,Predicted churn,Very high,Priority outreach + personalized retention offer,Offer contract migration incentive; Offer online security bundle; Provide proactive onboarding outreach,High priority,Target,7-12 months,Churned
4737-HOBAX,Male,0,Yes,No,63,Yes,Yes,DSL,No,No,Yes,Yes,Yes,Yes,Two year,No,Credit card (automatic),79.8,5034.05,0,0.0229574894310288,Predicted stay,Low,Standard engagement,Offer online security bundle,Not targeted,Not target,45-72 months,Stayed
7919-ZODZZ,Female,0,Yes,Yes,10,Yes,No,DSL,No,Yes,Yes,No,No,Yes,One year,Yes,Mailed check,65.9,660.05,0,0.1768459637722444,Predicted stay,Low,Standard engagement,Offer online security bundle; Provide proactive onboarding outreach,Not targeted,Not target,7-12 months,Stayed
2988-PLAHS,Female,0,No,No,3,Yes,No,DSL,No,No,Yes,No,Yes,Yes,One year,Yes,Electronic check,69.95,220.45,0,0.423992213160294,Predicted churn,High,Targeted retention campaign,Promote automatic payment; Offer online security bundle; Provide proactive onboarding outreach,Standard priority,Target,0-6 months,Stayed
9067-SQTNS,Male,0,Yes,Yes,44,Yes,No,No,No internet service,No internet service,No internet service,No internet service,No internet service,No internet service,One year,No,Bank transfer (automatic),20.6,926.0,0,0.0113510790936906,Predicted stay,Low,Standard engagement,,Not targeted,Not target,25-48 months,Stayed
6483-OATDN,Male,0,Yes,Yes,8,Yes,No,DSL,Yes,No,No,No,No,No,Month-to-month,Yes,Credit card (automatic),51.3,411.6,0,0.2115697941608271,Predicted stay,Moderate,Preventative engagement,Offer contract migration incentive; Provide proactive onboarding outreach,Not targeted,Not target,7-12 months,Stayed
5469-CTCWN,Male,0,Yes,Yes,61,Yes,Yes,Fiber optic,Yes,Yes,No,No,Yes,Yes,One year,Yes,Electronic check,106.0,6547.7,1,0.1809946407248266,Predicted stay,Low,Standard engagement,Promote automatic payment,Not targeted,Not target,45-72 months,Churned
3524-WQDSG,Female,0,Yes,Yes,43,Yes,Yes,Fiber optic,No,No,Yes,No,Yes,Yes,Month-to-month,Yes,Bank transfer (automatic),99.3,4209.95,0,0.4534925363636602,Predicted churn,High,Targeted retention campaign,Offer contract migration incentive; Offer online security bundle,Standard priority,Target,25-48 months,Stayed
6968-URWQU,Male,0,Yes,No,43,Yes,No,DSL,No,No,No,No,Yes,No,One year,Yes,Mailed check,56.35,2391.15,0,0.083657293193934,Predicted stay,Low,Standard engagement,Offer online security bundle,Not targeted,Not target,25-48 months,Stayed
8601-QACRS,Female,0,No,No,5,Yes,Yes,DSL,No,No,No,No,No,No,Month-to-month,Yes,Mailed check,50.6,249.95,1,0.4598220111369687,Predicted churn,High,Targeted retention campaign,Offer contract migration incentive; Offer online security bundle; Provide proactive onboarding outreach,Standard priority,Target,0-6 months,Churned
8690-UPCZI,Male,0,Yes,Yes,29,Yes,Yes,DSL,Yes,No,No,Yes,Yes,No,One year,No,Bank transfer (automatic),69.05,1958.45,0,0.0567382428667663,Predicted stay,Low,Standard engagement,,Not targeted,Not target,25-48 months,Stayed
5331-RGMTT,Male,1,Yes,No,54,Yes,Yes,Fiber optic,No,No,Yes,No,Yes,Yes,Month-to-month,Yes,Credit card (automatic),99.05,5295.7,0,0.4724379676409725,Predicted churn,High,Targeted retention campaign,Offer contract migration incentive; Offer online security bundle,Standard priority,Target,45-72 months,Stayed
1357-BIJKI,Male,0,Yes,No,50,Yes,Yes,Fiber optic,No,Yes,No,No,Yes,Yes,One year,Yes,Electronic check,98.25,4858.7,0,0.3701234117640789,Predicted churn,High,Targeted retention campaign,Promote automatic payment; Offer online security bundle,Standard priority,Target,45-72 months,Stayed
2088-IEBAU,Female,0,No,No,68,Yes,Yes,DSL,Yes,Yes,Yes,Yes,Yes,Yes,Two year,Yes,Electronic check,88.15,6148.45,0,0.0291467200768113,Predicted stay,Low,Standard engagement,Promote automatic payment,Not targeted,Not target,45-72 months,Stayed
0679-IDSTG,Female,1,Yes,Yes,1,Yes,No,Fiber optic,No,No,No,No,No,No,Month-to-month,Yes,Electronic check,69.25,69.25,1,0.700299041568148,Predicted churn,Very high,Priority outreach + personalized retention offer,Offer contract migration incentive; Promote automatic payment; Offer online security bundle; Provide proactive onboarding outreach,High priority,Target,0-6 months,Churned
6519-ZHPXP,Female,0,Yes,Yes,72,Yes,No,Fiber optic,Yes,Yes,Yes,Yes,Yes,Yes,Two year,Yes,Bank transfer (automatic),108.3,7679.65,0,0.0315905062700062,Predicted stay,Low,Standard engagement,,Not targeted,Not target,45-72 months,Stayed
2101-RANCD,Female,0,No,No,55,Yes,Yes,Fiber optic,No,No,No,No,No,No,Month-to-month,Yes,Electronic check,73.1,4144.9,0,0.3641418891568503,Predicted churn,High,Targeted retention campaign,Offer contract migration incentive; Promote automatic payment; Offer online security bundle,Standard priority,Target,45-72 months,Stayed
4029-HPFVY,Male,0,No,No,3,Yes,No,Fiber optic,No,No,No,No,No,No,Month-to-month,Yes,Mailed check,70.3,220.4,0,0.6191114268525475,Predicted churn,Very high,Priority outreach + personalized retention offer,Offer contract migration incentive; Offer online security bundle; Provide proactive onboarding outreach,High priority,Target,0-6 months,Stayed
1015-OWJKI,Male,0,No,No,1,Yes,No,No,No internet service,No internet service,No internet service,No internet service,No internet service,No internet service,Month-to-month,No,Mailed check,19.05,19.05,0,0.204578746181888,Predicted stay,Moderate,Preventative engagement,Offer contract migration incentive; Provide proactive onboarding outreach,Not targeted,Not target,0-6 months,Stayed
8314-HTWVE,Female,0,Yes,Yes,7,Yes,No,No,No internet service,No internet service,No internet service,No internet service,No internet service,No internet service,Two year,No,Mailed check,19.85,144.15,0,0.0359856214536709,Predicted stay,Low,Standard engagement,Provide proactive onboarding outreach,Not targeted,Not target,7-12 months,Stayed
5357-TZHPP,Male,1,No,No,9,Yes,Yes,Fiber optic,No,No,No,No,No,Yes,Month-to-month,Yes,Credit card (automatic),84.4,732.5,1,0.7109536106243949,Predicted churn,Very high,Priority outreach + personalized retention offer,Offer contract migration incentive; Offer online security bundle; Provide proactive onboarding outreach,High priority,Target,7-12 months,Churned
8727-XDPUD,Male,0,No,No,37,No,No phone service,DSL,No,No,No,No,Yes,No,Two year,No,Credit card (automatic),35.8,1316.9,0,0.0520799817737853,Predicted stay,Low,Standard engagement,Offer online security bundle,Not targeted,Not target,25-48 months,Stayed
9073-ZZIAY,Male,0,Yes,Yes,62,Yes,No,DSL,Yes,Yes,Yes,Yes,Yes,Yes,Two year,No,Electronic check,86.1,5215.25,0,0.0116147617664215,Predicted stay,Low,Standard engagement,Promote automatic payment,Not targeted,Not target,45-72 months,Stayed
5181-OABFK,Female,0,Yes,Yes,56,Yes,No,DSL,Yes,Yes,Yes,No,No,No,Two year,Yes,Credit card (automatic),61.3,3346.8,0,0.0087657920990933,Predicted stay,Low,Standard engagement,,Not targeted,Not target,45-72 months,Stayed
3812-LRZIR,Female,0,Yes,Yes,27,Yes,Yes,No,No internet service,No internet service,No internet service,No internet service,No internet service,No internet service,Two year,No,Electronic check,24.5,761.95,0,0.0273894476330649,Predicted stay,Low,Standard engagement,Promote automatic payment,Not targeted,Not target,25-48 months,Stayed
5204-HMGYF,Female,0,Yes,Yes,49,Yes,No,DSL,Yes,Yes,Yes,Yes,Yes,Yes,One year,Yes,Mailed check,87.2,4345.0,0,0.0343902995045623,Predicted stay,Low,Standard engagement,,Not targeted,Not target,45-72 months,Stayed
9950-MTGYX,Male,0,Yes,Yes,28,Yes,No,No,No internet service,No internet service,No internet service,No internet service,No internet service,No internet service,Two year,Yes,Credit card (automatic),20.3,487.95,0,0.0172226217893615,Predicted stay,Low,Standard engagement,,Not targeted,Not target,25-48 months,Stayed
3675-EQOZA,Male,0,No,No,5,Yes,No,No,No internet service,No internet service,No internet service,No internet service,No internet service,No internet service,Month-to-month,No,Bank transfer (automatic),20.65,93.55,0,0.1511266525750882,Predicted stay,Low,Standard engagement,Offer contract migration incentive; Provide proactive onboarding outreach,Not targeted,Not target,0-6 months,Stayed
3646-ITDGM,Female,0,No,No,56,Yes,No,No,No internet service,No internet service,No internet service,No internet service,No internet service,No internet service,Two year,No,Bank transfer (automatic),19.7,1051.9,0,0.0040568912435596,Predicted stay,Low,Standard engagement,,Not targeted,Not target,45-72 months,Stayed
3913-FCUUW,Female,0,Yes,Yes,72,Yes,Yes,DSL,Yes,Yes,Yes,Yes,No,No,Two year,Yes,Bank transfer (automatic),70.45,5165.7,0,0.0058941043233715,Predicted stay,Low,Standard engagement,,Not targeted,Not target,45-72 months,Stayed
