customer_id,gender,senior_citizen,partner,dependents,tenure,phone_service,multiple_lines,internet_service,online_security,online_backup,device_protection,tech_support,streaming_tv,streaming_movies,contract,paperless_billing,payment_method,monthly_charges,total_charges,actual_churn,churn_probabaility,predicted_churn
4376-KFVRS,Male,0,Yes,Yes,72,Yes,Yes,Fiber optic,Yes,Yes,Yes,Yes,Yes,Yes,Two year,Yes,Credit card (automatic),114.05,8468.2,0,0.04787596357393089,0
2754-SDJRD,Female,1,No,No,8,Yes,Yes,Fiber optic,No,No,No,Yes,Yes,Yes,Month-to-month,Yes,Credit card (automatic),100.15,908.55,0,0.6829093213585521,1
9917-KWRBE,Female,0,Yes,Yes,41,Yes,Yes,DSL,Yes,Yes,Yes,No,Yes,No,One year,Yes,Credit card (automatic),78.35,3211.2,0,0.050819761200696985,0
0365-GXEZS,Male,0,Yes,No,18,Yes,No,Fiber optic,No,No,Yes,Yes,No,No,Month-to-month,No,Electronic check,78.2,1468.75,0,0.4208152366428609,1
9385-NXKDA,Female,0,Yes,No,72,Yes,Yes,DSL,Yes,Yes,Yes,No,Yes,Yes,Two year,Yes,Credit card (automatic),82.65,5919.35,0,0.022827061459149763,0
4686-UXDML,Female,0,No,No,21,Yes,Yes,Fiber optic,No,Yes,No,No,Yes,Yes,Month-to-month,Yes,Credit card (automatic),99.85,1992.55,0,0.603154026780206,1
2227-JRSJX,Female,0,No,No,21,Yes,No,Fiber optic,No,Yes,No,Yes,Yes,Yes,Month-to-month,Yes,Bank transfer (automatic),99.15,1956.4,0,0.4545542968278149,1
4830-FAXFM,Male,0,No,Yes,19,Yes,Yes,No,No internet service,No internet service,No internet service,No internet service,No internet service,No internet service,Month-to-month,Yes,Credit card (automatic),24.1,439.2,0,0.13306248095203152,0
1830-IPXVJ,Female,0,Yes,Yes,61,Yes,No,No,No internet service,No internet service,No internet service,No internet service,No internet service,No internet service,Two year,No,Credit card (automatic),19.75,1311.6,0,0.002644568884288338,0
4690-LLKUA,Male,1,No,No,17,Yes,No,DSL,No,No,No,No,No,No,Month-to-month,Yes,Electronic check,45.05,770.6,1,0.39308018867730216,1
5804-HYIEZ,Male,0,Yes,Yes,70,Yes,Yes,Fiber optic,Yes,Yes,No,No,Yes,Yes,Month-to-month,Yes,Electronic check,106.05,7554.05,0,0.261671536400216,0
2388-LAESQ,Female,1,Yes,No,72,Yes,Yes,Fiber optic,Yes,Yes,Yes,Yes,Yes,Yes,Two year,Yes,Bank transfer (automatic),114.85,8317.95,0,0.0626678442522324,0
5533-RJFTJ,Male,0,No,No,49,No,No phone service,DSL,No,No,Yes,No,No,No,Month-to-month,Yes,Bank transfer (automatic),30.2,1453.1,0,0.12384027547413706,0
4706-AXVKM,Female,1,No,No,11,Yes,Yes,Fiber optic,No,No,No,No,No,Yes,Month-to-month,Yes,Credit card (automatic),84.8,906.85,1,0.6881377097299377,1
0997-YTLNY,Female,0,No,Yes,19,Yes,No,DSL,No,No,No,Yes,No,No,Month-to-month,No,Mailed check,48.8,953.65,0,0.13426798454964134,0
7971-HLVXI,Male,0,Yes,Yes,72,Yes,Yes,Fiber optic,No,No,No,No,No,Yes,Two year,Yes,Credit card (automatic),84.5,6130.85,0,0.058024020637017865,0
7337-CINUD,Female,0,Yes,Yes,8,Yes,No,No,No internet service,No internet service,No internet service,No internet service,No internet service,No internet service,Two year,No,Bank transfer (automatic),19.5,159.35,0,0.03257360439496574,0
1379-FRVEB,Male,0,No,Yes,15,Yes,Yes,Fiber optic,No,Yes,No,No,Yes,No,Month-to-month,Yes,Electronic check,91.0,1430.05,0,0.6256951994307105,1
4753-PADAS,Female,0,Yes,No,67,Yes,Yes,Fiber optic,No,Yes,Yes,No,Yes,Yes,One year,Yes,Bank transfer (automatic),105.7,6816.95,0,0.17641005552140576,0
5701-GUXDC,Female,0,Yes,No,26,No,No phone service,DSL,Yes,No,Yes,No,No,No,One year,No,Credit card (automatic),35.4,978.6,0,0.08341019975923832,0
7235-NXZCP,Male,1,No,No,2,Yes,Yes,Fiber optic,No,No,No,No,No,No,Month-to-month,Yes,Mailed check,74.85,156.4,1,0.7271635093136174,1
0668-OGMHD,Female,0,Yes,No,21,No,No phone service,DSL,Yes,No,No,No,No,No,Month-to-month,No,Electronic check,28.5,629.35,0,0.2787658115911472,0
2812-REYAT,Female,0,Yes,No,49,Yes,No,No,No internet service,No internet service,No internet service,No internet service,No internet service,No internet service,One year,Yes,Bank transfer (automatic),20.05,923.1,0,0.015914143927319043,0
8779-YIQQA,Male,0,Yes,Yes,21,Yes,No,No,No internet service,No internet service,No internet service,No internet service,No internet service,No internet service,One year,No,Mailed check,19.8,350.1,0,0.036452204294828074,0
9701-CDXHR,Female,0,Yes,No,51,Yes,No,Fiber optic,No,No,No,No,No,No,Month-to-month,No,Mailed check,69.15,3649.6,0,0.1854209031499219,0
7130-CTCUS,Male,1,Yes,No,16,Yes,No,DSL,Yes,Yes,No,No,No,No,Month-to-month,Yes,Bank transfer (automatic),54.55,825.1,0,0.21174327526629858,0
1894-IGFSG,Female,0,No,No,22,Yes,No,Fiber optic,No,No,No,No,Yes,Yes,Month-to-month,No,Electronic check,89.25,1907.85,1,0.5803391092026856,1
0871-URUWO,Male,0,Yes,No,13,Yes,Yes,Fiber optic,No,No,Yes,No,Yes,Yes,Month-to-month,Yes,Credit card (automatic),102.25,1359.0,1,0.6714519995930978,1
0057-QBUQH,Female,0,No,Yes,43,Yes,Yes,No,No internet service,No internet service,No internet service,No internet service,No internet service,No internet service,Two year,Yes,Electronic check,25.1,1070.15,0,0.01758271839736628,0
9611-CTWIH,Female,0,No,No,3,Yes,No,Fiber optic,No,No,No,No,Yes,Yes,Month-to-month,Yes,Electronic check,89.45,240.45,1,0.7796237003572003,1
8058-DMYRU,Male,1,No,No,54,Yes,Yes,Fiber optic,No,Yes,No,No,No,Yes,Month-to-month,Yes,Electronic check,90.05,4931.8,0,0.44273061166949207,1
5351-QESIO,Male,0,No,Yes,1,No,No phone service,DSL,No,No,No,No,No,No,Month-to-month,No,Mailed check,24.2,24.2,0,0.4503533445686697,1
4302-ZYFEL,Male,0,Yes,Yes,69,Yes,No,No,No internet service,No internet service,No internet service,No internet service,No internet service,No internet service,One year,Yes,Credit card (automatic),20.55,1403.1,0,0.004892814318607243,0
6134-KWTBV,Male,0,No,No,62,Yes,Yes,No,No internet service,No internet service,No internet service,No internet service,No internet service,No internet service,Two year,No,Bank transfer (automatic),23.4,1429.65,0,0.004787784560002386,0
2034-GDRCN,Female,0,No,No,2,Yes,No,Fiber optic,No,No,No,No,Yes,Yes,Month-to-month,Yes,Electronic check,90.4,168.2,1,0.7753401048975949,1
9544-PYPSJ,Female,1,Yes,Yes,62,Yes,Yes,Fiber optic,No,Yes,Yes,No,No,Yes,Month-to-month,Yes,Credit card (automatic),96.1,6019.35,0,0.24512208535805063,0
4208-UFFGW,Male,1,No,No,2,Yes,No,DSL,No,No,No,No,No,No,Month-to-month,No,Mailed check,44.95,85.15,1,0.379781001199928,1
9537-JALFH,Male,0,Yes,Yes,69,Yes,No,No,No internet service,No internet service,No internet service,No internet service,No internet service,No internet service,Two year,No,Bank transfer (automatic),19.9,1356.7,0,0.0018239130270263013,0
4415-IJZTP,Female,0,No,No,1,Yes,Yes,Fiber optic,No,No,No,No,No,No,Month-to-month,Yes,Electronic check,74.5,74.5,1,0.7643105754060239,1
4701-MLJPN,Male,0,No,No,31,Yes,No,DSL,No,No,Yes,Yes,No,No,Month-to-month,Yes,Electronic check,55.25,1715.65,1,0.1804966912212661,0
7515-LODFU,Male,1,No,No,69,Yes,No,No,No internet service,No internet service,No internet service,No internet service,No internet service,No internet service,Two year,No,Credit card (automatic),20.3,1356.3,0,0.00245841634779818,0
4927-WWOOZ,Male,0,Yes,No,2,Yes,Yes,Fiber optic,No,No,Yes,No,Yes,No,Month-to-month,Yes,Electronic check,91.45,171.45,0,0.7755780366139763,1
4067-HLYQI,Female,0,No,No,33,Yes,No,Fiber optic,No,No,No,No,No,No,Month-to-month,Yes,Bank transfer (automatic),70.4,2406.1,0,0.34310075705202553,0
6184-DYUOB,Female,0,Yes,No,3,Yes,No,No,No internet service,No internet service,No internet service,No internet service,No internet service,No internet service,Month-to-month,Yes,Mailed check,19.6,55.25,0,0.24607451526077337,0
9209-NWPGU,Male,0,No,No,44,Yes,No,DSL,Yes,No,No,Yes,Yes,No,One year,No,Electronic check,65.4,2774.55,0,0.04012851426672401,0
9851-KIELU,Male,0,No,No,10,Yes,No,Fiber optic,Yes,Yes,Yes,Yes,Yes,Yes,Month-to-month,Yes,Electronic check,110.1,1043.3,1,0.5112512726971602,1
3199-XGZCY,Female,0,No,No,8,Yes,Yes,Fiber optic,No,No,No,No,No,No,Month-to-month,Yes,Electronic check,75.25,576.7,0,0.7083102625375222,1
4226-KKDON,Male,0,No,No,8,Yes,No,DSL,No,Yes,No,Yes,Yes,No,Month-to-month,Yes,Electronic check,66.65,520.95,0,0.3509592184077469,1
1085-LDWAM,Female,0,Yes,Yes,69,Yes,No,No,No internet service,No internet service,No internet service,No internet service,No internet service,No internet service,One year,Yes,Credit card (automatic),20.35,1442.65,0,0.004894280046869179,0
6825-UYPFK,Female,0,No,No,23,Yes,Yes,Fiber optic,No,No,No,No,No,No,Month-to-month,No,Bank transfer (automatic),75.6,1758.6,1,0.4052031540559154,1
1767-CJKBA,Male,0,No,No,66,Yes,Yes,No,No internet service,No internet service,No internet service,No internet service,No internet service,No internet service,Two year,No,Mailed check,25.1,1697.7,0,0.004029378929102317,0
7181-BQYBV,Female,0,Yes,Yes,1,Yes,Yes,Fiber optic,Yes,No,Yes,No,Yes,Yes,Month-to-month,Yes,Electronic check,102.45,102.45,1,0.7442514922402422,1
0178-CIIKR,Female,0,No,No,3,Yes,No,No,No internet service,No internet service,No internet service,No internet service,No internet service,No internet service,Month-to-month,No,Mailed check,19.95,58.0,0,0.1777457798964082,0
4256-ZWTZI,Female,0,No,Yes,5,Yes,No,DSL,No,No,No,Yes,No,No,Month-to-month,Yes,Mailed check,51.0,286.8,0,0.25706167756136233,0
9537-VHDTA,Female,0,No,Yes,1,Yes,No,DSL,Yes,No,No,No,No,No,Month-to-month,No,Mailed check,51.2,51.2,0,0.20697566008220955,0
2754-XBHTB,Female,0,No,No,9,Yes,No,Fiber optic,No,No,No,No,Yes,No,Month-to-month,Yes,Bank transfer (automatic),77.65,714.15,1,0.6401852661075578,1
5975-BAICR,Male,0,Yes,Yes,36,Yes,No,DSL,Yes,No,Yes,No,No,Yes,One year,Yes,Credit card (automatic),63.7,2188.5,0,0.06261111763170343,0
3301-VKTGC,Male,0,Yes,Yes,68,Yes,Yes,Fiber optic,Yes,Yes,No,No,No,No,One year,Yes,Bank transfer (automatic),85.5,5696.6,0,0.053227085529422916,0
2877-VDUER,Female,0,Yes,Yes,35,No,No phone service,DSL,No,No,No,Yes,Yes,No,One year,No,Mailed check,40.9,1383.6,0,0.06831973062782917,0
7717-BICXI,Male,0,Yes,Yes,60,Yes,No,No,No internet service,No internet service,No internet service,No internet service,No internet service,No internet service,Two year,No,Mailed check,20.55,1205.05,0,0.002919025330852281,0
0562-FGDCR,Female,0,Yes,Yes,72,Yes,Yes,DSL,Yes,Yes,No,Yes,Yes,No,Two year,No,Mailed check,74.55,5430.65,0,0.006437132729466322,0
3705-PSNGL,Male,0,No,No,45,Yes,No,No,No internet service,No internet service,No internet service,No internet service,No internet service,No internet service,One year,Yes,Electronic check,20.4,930.45,1,0.028016524131893875,0
0048-LUMLS,Male,0,Yes,Yes,37,Yes,No,Fiber optic,No,No,No,No,Yes,Yes,One year,No,Credit card (automatic),91.2,3247.55,0,0.17656964597122246,0
6497-TILVL,Female,0,Yes,Yes,7,Yes,No,DSL,Yes,No,No,No,No,No,Month-to-month,No,Mailed check,50.7,350.35,0,0.17770303319626818,0
2108-YKQTY,Female,0,No,No,4,Yes,No,DSL,No,Yes,No,No,No,No,Month-to-month,No,Credit card (automatic),50.7,151.3,1,0.25350902216712345,0
3658-KIBGF,Female,0,No,No,1,Yes,No,DSL,Yes,Yes,No,No,No,No,Month-to-month,Yes,Electronic check,54.9,54.9,1,0.36763923563010037,1
5482-NUPNA,Female,0,No,No,4,Yes,No,DSL,Yes,Yes,No,Yes,No,No,Month-to-month,Yes,Mailed check,60.4,272.15,1,0.20375755419941477,0
7410-KTVFV,Male,0,Yes,No,18,Yes,No,DSL,No,No,Yes,No,No,No,Month-to-month,Yes,Mailed check,49.55,878.35,1,0.287383720285735,0
9033-EOXWV,Female,0,No,No,12,Yes,Yes,DSL,No,No,No,Yes,Yes,Yes,One year,No,Mailed check,74.05,872.65,1,0.21626947444416986,0
8821-XNHVZ,Female,0,Yes,Yes,1,Yes,No,Fiber optic,No,No,No,No,Yes,No,Month-to-month,Yes,Mailed check,80.05,80.05,1,0.6367316350369316,1
8224-KDLKN,Male,0,Yes,Yes,72,Yes,Yes,No,No internet service,No internet service,No internet service,No internet service,No internet service,No internet service,Two year,No,Bank transfer (automatic),25.0,1738.9,0,0.002262647552002813,0
4825-FUREZ,Male,0,Yes,No,42,Yes,No,No,No internet service,No internet service,No internet service,No internet service,No internet service,No internet service,Two year,No,Electronic check,20.25,835.5,0,0.01182374346952641,0
7534-BFESC,Male,1,No,No,24,Yes,Yes,Fiber optic,No,No,No,No,No,No,Month-to-month,Yes,Electronic check,76.1,1712.7,1,0.6093689785619508,1
9138-EFSMO,Male,0,Yes,Yes,26,Yes,No,Fiber optic,No,No,No,No,No,Yes,One year,No,Bank transfer (automatic),78.95,2034.25,0,0.21160058088856631,0
4227-OJHAL,Female,0,Yes,Yes,68,Yes,Yes,DSL,Yes,Yes,Yes,No,Yes,No,One year,Yes,Credit card (automatic),73.0,5163.0,0,0.028607259550989344,0
7279-NMVJC,Female,0,No,No,17,Yes,No,No,No internet service,No internet service,No internet service,No internet service,No internet service,No internet service,One year,No,Bank transfer (automatic),19.9,323.15,0,0.048711355061254014,0
8591-TKMZH,Male,0,Yes,Yes,59,Yes,Yes,Fiber optic,Yes,Yes,No,Yes,Yes,Yes,Two year,Yes,Mailed check,111.1,6555.2,0,0.059066611317275995,0
9283-LZQOH,Male,0,Yes,Yes,13,Yes,Yes,Fiber optic,No,No,No,No,No,No,Month-to-month,Yes,Credit card (automatic),74.4,896.75,1,0.5411944016244906,1
3594-IVHJZ,Female,0,No,No,2,Yes,No,No,No internet service,No internet service,No internet service,No internet service,No internet service,No internet service,Month-to-month,Yes,Mailed check,20.45,42.45,0,0.24156447391358302,0
1945-XISKS,Female,0,Yes,No,67,Yes,No,No,No internet service,No internet service,No internet service,No internet service,No internet service,No internet service,Two year,No,Mailed check,19.65,1335.2,0,0.0027017594609906785,0
4359-INNWN,Female,0,No,No,17,Yes,No,No,No internet service,No internet service,No internet service,No internet service,No internet service,No internet service,One year,No,Credit card (automatic),20.05,337.9,0,0.047320722783294356,0
7649-SIJJF,Male,0,Yes,No,71,Yes,Yes,DSL,Yes,Yes,Yes,Yes,No,Yes,Two year,Yes,Mailed check,80.1,5585.4,0,0.01202071668420192,0
9254-RBFON,Female,0,Yes,Yes,17,Yes,No,Fiber optic,No,No,Yes,Yes,Yes,Yes,One year,No,Bank transfer (automatic),98.6,1704.95,1,0.24419479377892886,0
0970-ETWGE,Male,0,No,No,1,Yes,No,Fiber optic,No,No,No,No,Yes,Yes,Month-to-month,Yes,Electronic check,89.55,89.55,1,0.793599066511192,1
7762-ONLJY,Female,0,Yes,Yes,6,Yes,No,No,No internet service,No internet service,No internet service,No internet service,No internet service,No internet service,One year,No,Mailed check,19.7,94.45,0,0.07142902263282946,0
6710-HSJRD,Male,0,Yes,No,61,Yes,Yes,Fiber optic,No,Yes,Yes,Yes,Yes,Yes,Month-to-month,Yes,Electronic check,114.1,7132.15,0,0.34770484674303925,0
8873-GLDMH,Female,0,No,No,6,Yes,Yes,Fiber optic,No,No,No,No,No,No,Month-to-month,Yes,Mailed check,73.85,401.3,0,0.6738922788143304,1
9907-SWKKF,Female,1,No,No,1,No,No phone service,DSL,No,No,No,No,No,No,Month-to-month,No,Mailed check,25.05,25.05,1,0.5239042687089946,1
4658-HCOHW,Female,0,Yes,Yes,21,Yes,No,Fiber optic,No,Yes,Yes,Yes,Yes,Yes,Month-to-month,Yes,Electronic check,102.8,2110.15,1,0.5196498543536587,1
9330-VOFSZ,Female,0,Yes,No,60,Yes,Yes,Fiber optic,No,Yes,Yes,Yes,Yes,Yes,Two year,Yes,Credit card (automatic),110.8,6640.7,0,0.09136062426602215,0
2860-RANUS,Female,1,No,No,20,Yes,Yes,Fiber optic,No,No,No,No,No,Yes,Month-to-month,Yes,Credit card (automatic),85.8,1727.5,1,0.6132993304952016,1
6234-PFPXL,Male,0,Yes,No,22,Yes,Yes,Fiber optic,Yes,No,No,Yes,Yes,No,Month-to-month,No,Credit card (automatic),95.9,2234.95,0,0.31005508115169816,0
7205-BAIAD,Female,0,No,No,40,Yes,No,No,No internet service,No internet service,No internet service,No internet service,No internet service,No internet service,Two year,Yes,Bank transfer (automatic),20.6,827.3,0,0.012087584179351695,0
3858-VOBET,Male,0,No,No,23,Yes,Yes,Fiber optic,No,No,No,No,No,No,Month-to-month,Yes,Electronic check,74.95,1710.45,1,0.6041741712696733,1
5103-MHMHY,Female,0,No,Yes,1,Yes,No,DSL,No,No,No,No,No,No,Month-to-month,No,Mailed check,45.95,45.95,1,0.2886344377457821,0
6119-SPUDB,Male,0,No,No,46,No,No phone service,DSL,Yes,No,Yes,Yes,No,No,Two year,No,Mailed check,38.25,1755.35,0,0.016821781664652567,0
9389-ACWBI,Female,0,Yes,Yes,5,Yes,No,Fiber optic,No,No,No,No,No,No,Month-to-month,No,Credit card (automatic),69.95,320.4,0,0.4331474917247876,1
3454-JFUBC,Male,1,No,No,68,Yes,No,No,No internet service,No internet service,No internet service,No internet service,No internet service,No internet service,Two year,Yes,Credit card (automatic),20.0,1396.0,0,0.0038553903101729435,0
1768-ZAIFU,Female,1,No,No,1,No,No phone service,DSL,No,No,No,No,No,No,Month-to-month,Yes,Electronic check,25.2,25.2,1,0.6827328736269567,1
7017-VFULY,Female,0,Yes,No,2,Yes,No,No,No internet service,No internet service,No internet service,No internet service,No internet service,No internet service,Month-to-month,No,Bank transfer (automatic),20.1,43.15,0,0.1754584004177214,0
9221-OTIVJ,Female,1,No,No,14,Yes,Yes,Fiber optic,No,Yes,Yes,No,Yes,Yes,Month-to-month,Yes,Electronic check,104.85,1531.4,1,0.7655348553304883,1
2482-CZGBB,Male,0,No,No,10,Yes,No,Fiber optic,No,No,No,No,No,No,Month-to-month,Yes,Electronic check,70.0,740.0,1,0.6402283169348333,1
7018-WBJNK,Male,0,No,Yes,13,Yes,No,Fiber optic,No,No,No,No,Yes,No,Month-to-month,Yes,Credit card (automatic),78.3,1033.95,0,0.5444777118747995,1
3331-HQDTW,Female,0,No,No,34,Yes,Yes,Fiber optic,Yes,Yes,Yes,No,Yes,Yes,Month-to-month,Yes,Mailed check,109.8,3587.25,1,0.44200384828482403,1
4695-VADHF,Male,0,Yes,Yes,18,Yes,No,DSL,No,No,Yes,No,No,Yes,Month-to-month,No,Electronic check,57.45,990.85,1,0.30647259407737376,0
4086-WITJG,Male,0,Yes,Yes,71,Yes,No,No,No internet service,No internet service,No internet service,No internet service,No internet service,No internet service,Two year,No,Credit card (automatic),19.7,1301.1,0,0.0015994618304267024,0
6297-NOOPG,Female,0,Yes,No,70,Yes,Yes,Fiber optic,No,Yes,Yes,Yes,Yes,Yes,Two year,Yes,Electronic check,110.5,7752.05,0,0.10764382154283833,0
8777-PVYGU,Female,0,Yes,No,52,Yes,No,DSL,Yes,No,Yes,No,Yes,No,One year,Yes,Mailed check,64.3,3410.6,0,0.04845873831694515,0
4378-MYPGO,Male,0,Yes,Yes,68,Yes,No,Fiber optic,Yes,Yes,Yes,No,Yes,Yes,Two year,Yes,Bank transfer (automatic),105.25,7173.15,0,0.04466537992359219,0
9313-CDOGY,Male,0,Yes,Yes,38,Yes,No,No,No internet service,No internet service,No internet service,No internet service,No internet service,No internet service,Month-to-month,No,Electronic check,19.6,717.3,0,0.04485828621935403,0
4121-AGSIN,Female,0,Yes,Yes,58,Yes,Yes,No,No internet service,No internet service,No internet service,No internet service,No internet service,No internet service,One year,Yes,Credit card (automatic),24.5,1497.9,0,0.012315314855054632,0
0432-CAJZV,Male,0,No,No,3,Yes,No,Fiber optic,No,No,No,No,Yes,Yes,Month-to-month,No,Mailed check,90.7,237.65,0,0.6287589134440191,1
9097-ZUBYC,Male,0,Yes,No,14,Yes,No,DSL,No,No,No,Yes,No,No,Month-to-month,No,Bank transfer (automatic),48.8,664.4,0,0.185119482213158,0
9638-JIQYA,Male,0,No,No,2,No,No phone service,DSL,No,No,No,No,No,No,Month-to-month,Yes,Credit card (automatic),24.9,49.7,0,0.5508707733852783,1
1024-GUALD,Female,0,Yes,No,1,No,No phone service,DSL,No,No,No,No,No,No,Month-to-month,Yes,Electronic check,24.8,24.8,1,0.6607130671629458,1
8024-XNAFQ,Female,1,No,No,72,Yes,Yes,Fiber optic,Yes,Yes,Yes,Yes,No,Yes,Two year,Yes,Bank transfer (automatic),107.4,7748.75,0,0.03756876771266744,0
7587-RZNME,Male,0,No,No,3,Yes,No,DSL,No,No,No,No,No,No,Month-to-month,Yes,Electronic check,43.3,123.65,1,0.5259442045915292,1
1346-UFHAX,Female,0,No,No,13,Yes,Yes,Fiber optic,Yes,No,No,No,No,No,Month-to-month,Yes,Credit card (automatic),80.0,1029.35,0,0.47884706040170877,1
6374-NTQLP,Male,1,Yes,Yes,72,Yes,No,Fiber optic,Yes,No,Yes,Yes,Yes,Yes,Two year,Yes,Credit card (automatic),104.1,7447.7,0,0.03906778059524509,0
6625-FLENO,Male,0,Yes,No,58,Yes,No,No,No internet service,No internet service,No internet service,No internet service,No internet service,No internet service,Two year,No,Mailed check,20.75,1185.95,0,0.003984672396756495,0
7375-WMVMT,Male,1,Yes,No,71,Yes,No,Fiber optic,No,Yes,Yes,Yes,No,Yes,Two year,Yes,Credit card (automatic),95.5,6707.15,0,0.04020829853731696,0
6910-HADCM,Female,0,No,No,1,Yes,No,Fiber optic,No,No,Yes,No,No,No,Month-to-month,No,Electronic check,76.35,76.35,1,0.5896716875023408,1
7401-JIXNM,Female,0,Yes,Yes,54,Yes,Yes,DSL,Yes,Yes,Yes,Yes,Yes,Yes,Two year,No,Credit card (automatic),91.3,4965.0,0,0.01410990183765478,0
7338-ERIVA,Male,0,No,Yes,39,No,No phone service,DSL,Yes,No,No,Yes,Yes,No,One year,No,Bank transfer (automatic),45.05,1790.6,0,0.040308641742824655,0
5376-DEQCP,Female,0,No,No,1,Yes,No,Fiber optic,No,No,No,No,No,No,Month-to-month,Yes,Electronic check,70.6,70.6,1,0.6947909378803871,1
0909-SELIE,Male,0,Yes,No,61,Yes,Yes,DSL,Yes,Yes,Yes,Yes,No,Yes,Two year,Yes,Bank transfer (automatic),80.8,4860.85,0,0.01500494785118088,0
5419-KLXBN,Female,0,Yes,Yes,25,Yes,No,Fiber optic,No,Yes,Yes,No,Yes,No,Month-to-month,Yes,Bank transfer (automatic),89.15,2257.75,1,0.39993908518962784,1
0365-TRTPY,Female,0,No,No,37,Yes,Yes,Fiber optic,Yes,Yes,Yes,No,No,No,Month-to-month,No,Bank transfer (automatic),91.2,3382.3,0,0.1965935316915137,0
6712-OAWRH,Female,1,No,No,26,Yes,No,Fiber optic,No,No,No,No,Yes,Yes,Month-to-month,Yes,Electronic check,91.25,2351.8,1,0.6492765928505089,1
2428-ZMCTB,Male,0,No,No,10,Yes,No,No,No internet service,No internet service,No internet service,No internet service,No internet service,No internet service,Month-to-month,No,Credit card (automatic),19.75,208.25,0,0.1268774600277943,0
1963-VAUKV,Female,0,No,No,1,Yes,No,No,No internet service,No internet service,No internet service,No internet service,No internet service,No internet service,Month-to-month,No,Mailed check,20.4,20.4,1,0.18786933990991392,0
9381-NDKME,Female,1,Yes,No,24,No,No phone service,DSL,No,No,Yes,No,No,Yes,Month-to-month,Yes,Credit card (automatic),40.65,933.3,1,0.3863196461682687,1
3729-OWRVL,Male,1,No,No,65,Yes,Yes,Fiber optic,Yes,No,Yes,Yes,Yes,Yes,Two year,Yes,Electronic check,110.35,7246.15,0,0.11263118332228307,0
0895-LMRSF,Male,0,No,No,23,Yes,No,DSL,No,No,No,No,Yes,Yes,One year,Yes,Bank transfer (automatic),64.9,1509.8,0,0.20554702181391635,0
2676-SSLTO,Male,0,No,No,49,Yes,Yes,DSL,No,No,No,Yes,Yes,No,Two year,Yes,Bank transfer (automatic),66.15,3199.0,0,0.03367881893182135,0
8495-PRWFH,Female,1,No,No,42,Yes,Yes,DSL,No,No,Yes,No,No,No,Month-to-month,No,Electronic check,55.65,2421.75,0,0.17856929591271556,0
9030-QGZNL,Female,0,No,No,8,Yes,No,No,No internet service,No internet service,No internet service,No internet service,No internet service,No internet service,Two year,No,Mailed check,20.85,161.65,0,0.03934503896036485,0
9972-NKTFD,Female,0,No,No,28,Yes,No,DSL,No,Yes,No,Yes,No,No,Month-to-month,No,Bank transfer (automatic),54.65,1517.5,0,0.0922593776639455,0
7998-WNZEM,Male,0,No,No,71,Yes,Yes,DSL,Yes,Yes,Yes,Yes,No,Yes,Two year,No,Bank transfer (automatic),80.6,5708.2,0,0.0075663759548817485,0
0979-PHULV,Male,0,Yes,Yes,69,Yes,Yes,Fiber optic,No,No,Yes,No,Yes,Yes,Month-to-month,Yes,Credit card (automatic),99.45,7007.6,1,0.29625905491653165,0
6445-TNRXS,Male,0,Yes,Yes,68,Yes,Yes,Fiber optic,Yes,Yes,Yes,Yes,Yes,Yes,Two year,Yes,Bank transfer (automatic),114.7,7849.85,0,0.04971319737847576,0
9586-JGQKH,Female,0,Yes,No,64,Yes,Yes,Fiber optic,No,Yes,No,Yes,Yes,Yes,Two year,Yes,Bank transfer (automatic),105.4,6794.75,0,0.08512232624247039,0
3966-HRMZA,Female,1,No,No,3,Yes,No,Fiber optic,No,No,Yes,No,No,No,Month-to-month,No,Mailed check,75.05,202.9,0,0.5512765383963011,1
5498-IBWPI,Female,0,Yes,Yes,66,Yes,No,DSL,No,No,No,Yes,No,No,One year,Yes,Credit card (automatic),49.4,3251.85,0,0.014695232791000913,0
6823-SIDFQ,Male,0,No,No,28,Yes,No,No,No internet service,No internet service,No internet service,No internet service,No internet service,No internet service,One year,No,Credit card (automatic),18.25,534.7,0,0.03236917766447991,0
2323-ARSVR,Male,0,Yes,No,67,Yes,No,Fiber optic,Yes,Yes,Yes,Yes,Yes,Yes,Two year,Yes,Electronic check,111.05,7321.05,0,0.05793923711599538,0
5468-BPMMO,Male,0,Yes,No,46,Yes,No,No,No internet service,No internet service,No internet service,No internet service,No internet service,No internet service,Month-to-month,No,Electronic check,19.6,851.2,0,0.03835833550921693,0
0486-HECZI,Male,0,Yes,No,55,Yes,Yes,Fiber optic,Yes,Yes,No,No,Yes,No,Month-to-month,Yes,Electronic check,96.75,5238.9,1,0.2963671132796502,0
2178-PMGCJ,Male,0,No,No,22,Yes,No,Fiber optic,No,No,No,No,No,No,Month-to-month,Yes,Mailed check,69.7,1490.4,0,0.46050686276925507,1
4660-IRIBM,Male,0,Yes,Yes,18,Yes,No,Fiber optic,Yes,No,Yes,No,Yes,No,Month-to-month,Yes,Mailed check,87.9,1500.5,0,0.42737311607696743,1
9674-EHPPG,Male,0,Yes,No,46,No,No phone service,DSL,Yes,No,Yes,Yes,No,No,Two year,No,Credit card (automatic),40.4,1842.7,0,0.013920250719799847,0
5606-AMZBO,Female,0,Yes,No,10,Yes,Yes,Fiber optic,Yes,No,No,No,No,No,Month-to-month,Yes,Credit card (automatic),78.15,765.15,0,0.5357517445921696,1
0665-XHDJU,Male,0,Yes,No,72,Yes,Yes,Fiber optic,No,Yes,No,No,Yes,Yes,Two year,Yes,Electronic check,99.4,7285.7,0,0.1387172971583119,0
5402-HTOTQ,Male,0,No,No,16,Yes,Yes,DSL,No,Yes,No,No,No,No,Month-to-month,No,Electronic check,55.3,875.35,0,0.31263636778328746,0
8258-GSTJK,Male,1,No,No,3,Yes,Yes,Fiber optic,No,No,No,No,No,No,Month-to-month,Yes,Electronic check,77.0,237.75,1,0.7547064540382157,1
3787-TRIAL,Male,0,Yes,Yes,21,No,No phone service,DSL,No,No,No,No,No,No,Month-to-month,Yes,Electronic check,26.05,565.75,0,0.370323144312781,1
6175-IRFIT,Male,0,No,No,5,Yes,No,Fiber optic,No,No,No,No,No,Yes,Month-to-month,No,Mailed check,78.75,426.35,0,0.5927568821504349,1
6317-YPKDH,Female,0,No,No,1,No,No phone service,DSL,No,Yes,No,No,No,No,Month-to-month,No,Bank transfer (automatic),29.95,29.95,1,0.42458267952248924,1
5692-FPTAH,Female,0,No,No,1,Yes,No,DSL,No,No,No,No,No,No,Month-to-month,Yes,Mailed check,45.4,45.4,1,0.432030813199714,1
5373-SFODM,Male,1,Yes,No,36,Yes,Yes,Fiber optic,No,No,No,No,No,Yes,Month-to-month,Yes,Credit card (automatic),85.25,3132.75,1,0.5122135176388987,1
0868-VJRDR,Male,0,Yes,No,64,Yes,No,Fiber optic,Yes,Yes,No,Yes,Yes,Yes,Two year,Yes,Credit card (automatic),104.05,6605.55,0,0.045139433714170674,0
4079-VTGLK,Male,1,Yes,No,30,Yes,Yes,DSL,No,No,Yes,No,Yes,Yes,Two year,No,Electronic check,74.85,2181.75,0,0.14184305069743658,0
1166-PQLGG,Female,0,Yes,Yes,72,Yes,No,No,No internet service,No internet service,No internet service,No internet service,No internet service,No internet service,Two year,No,Bank transfer (automatic),19.55,1463.45,0,0.0015996642845057761,0
5296-BFCYD,Male,0,Yes,Yes,46,Yes,No,No,No internet service,No internet service,No internet service,No internet service,No internet service,No internet service,Two year,Yes,Mailed check,20.1,936.85,0,0.008444708673127518,0
6568-POCUI,Female,0,Yes,No,45,Yes,No,Fiber optic,No,No,No,Yes,Yes,Yes,Two year,Yes,Credit card (automatic),95.2,4285.8,0,0.1076166880419424,0
2839-RFSQE,Female,0,No,No,2,Yes,No,No,No internet service,No internet service,No internet service,No internet service,No internet service,No internet service,Month-to-month,No,Mailed check,20.65,38.7,1,0.1783499892738907,0
2188-SXWVT,Female,0,No,No,34,Yes,No,DSL,Yes,Yes,No,No,No,No,One year,No,Mailed check,55.0,1885.15,0,0.03904535326855742,0
8849-GYOKR,Female,0,Yes,No,54,Yes,Yes,Fiber optic,Yes,Yes,No,No,Yes,Yes,One year,No,Bank transfer (automatic),106.55,5763.3,1,0.12716055580363445,0
3623-FQBOX,Male,0,No,No,21,Yes,No,No,No internet service,No internet service,No internet service,No internet service,No internet service,No internet service,Month-to-month,Yes,Mailed check,19.95,416.4,0,0.119490970948266,0
2649-HWLYB,Male,0,Yes,No,65,Yes,Yes,DSL,Yes,No,Yes,Yes,No,Yes,Two year,No,Bank transfer (automatic),76.15,4929.55,0,0.01010989850240631,0
0599-XNYDO,Female,0,Yes,No,20,Yes,No,Fiber optic,No,No,No,No,No,No,Month-to-month,Yes,Bank transfer (automatic),69.8,1540.35,0,0.46901361881907055,1
2514-GINMM,Male,0,No,No,1,Yes,No,Fiber optic,No,No,No,No,Yes,No,Month-to-month,Yes,Electronic check,79.5,79.5,1,0.7559943907807234,1
8401-EMUWF,Male,0,Yes,Yes,42,Yes,Yes,DSL,Yes,Yes,No,No,Yes,No,Month-to-month,Yes,Bank transfer (automatic),69.4,3058.3,0,0.12092214317821966,0
5766-ZJYBB,Male,0,No,No,1,Yes,No,No,No internet service,No internet service,No internet service,No internet service,No internet service,No internet service,Month-to-month,No,Mailed check,19.4,19.4,1,0.20106228146434177,0
2604-IJPDU,Female,0,Yes,No,20,Yes,No,Fiber optic,Yes,Yes,No,Yes,Yes,No,Month-to-month,Yes,Electronic check,96.55,1901.65,0,0.3706108090798372,1
2501-XWWTZ,Male,0,No,No,11,Yes,No,Fiber optic,No,No,No,No,No,No,Month-to-month,No,Electronic check,70.2,760.05,0,0.5364940911933073,1
6370-ZVHDV,Female,0,Yes,No,61,Yes,Yes,No,No internet service,No internet service,No internet service,No internet service,No internet service,No internet service,Two year,No,Bank transfer (automatic),25.3,1554.9,0,0.0046206560638487,0
3027-YNWZU,Female,0,Yes,No,64,Yes,Yes,No,No internet service,No internet service,No internet service,No internet service,No internet service,No internet service,Two year,No,Credit card (automatic),25.0,1584.8,0,0.003953960862512824,0
4526-ZJJTM,Female,1,Yes,No,25,Yes,No,Fiber optic,No,Yes,Yes,No,No,Yes,Month-to-month,No,Bank transfer (automatic),88.4,2191.15,0,0.4074405720626347,1
0440-QEXBZ,Female,0,No,No,44,Yes,Yes,DSL,No,No,No,No,No,No,Month-to-month,Yes,Mailed check,50.15,2139.1,0,0.1528997684661418,0
0330-IVZHA,Female,0,Yes,No,5,Yes,No,Fiber optic,No,No,No,No,No,No,Month-to-month,No,Electronic check,69.95,330.15,1,0.5911127612168978,1
9758-MFWGD,Female,1,Yes,Yes,48,No,No phone service,DSL,No,Yes,No,No,No,No,One year,No,Bank transfer (automatic),29.9,1388.75,0,0.03959407059082712,0
4229-CZMLL,Male,0,No,No,6,Yes,Yes,Fiber optic,No,No,No,No,No,No,Month-to-month,Yes,Electronic check,74.9,469.8,1,0.7329410195297331,1
0742-MOABM,Male,0,Yes,No,4,Yes,No,DSL,No,No,No,Yes,No,No,Month-to-month,No,Mailed check,50.05,179.35,1,0.253666306353373,0
4277-BWBML,Male,0,Yes,Yes,72,Yes,No,No,No internet service,No internet service,No internet service,No internet service,No internet service,No internet service,Two year,No,Bank transfer (automatic),19.95,1322.85,0,0.001539886992220741,0
5136-GFPMB,Male,0,No,No,54,Yes,Yes,Fiber optic,No,No,Yes,No,No,Yes,Month-to-month,No,Credit card (automatic),89.4,4869.5,0,0.2707276296266078,0
7520-HQWJU,Female,0,Yes,Yes,66,Yes,Yes,DSL,Yes,Yes,Yes,No,No,No,Month-to-month,Yes,Bank transfer (automatic),67.45,4508.65,0,0.03371554999736166,0
6304-IJFSQ,Male,0,No,No,3,Yes,No,DSL,No,Yes,No,No,No,No,Month-to-month,Yes,Mailed check,49.9,130.1,1,0.37996660426275,1
0297-RBCSG,Male,0,No,No,19,Yes,No,DSL,No,Yes,No,Yes,No,Yes,One year,Yes,Bank transfer (automatic),65.35,1231.85,0,0.11754120397959297,0
6013-BHCAW,Male,0,Yes,Yes,61,Yes,Yes,DSL,No,No,Yes,Yes,Yes,Yes,Two year,Yes,Bank transfer (automatic),81.0,4976.15,0,0.027532939710552404,0
4402-FTBXC,Male,0,No,No,54,Yes,No,Fiber optic,Yes,No,Yes,No,Yes,No,Month-to-month,No,Mailed check,89.8,4667.0,0,0.15732947675776493,0
1471-GIQKQ,Female,0,No,No,1,Yes,No,DSL,No,Yes,No,No,No,No,Month-to-month,No,Electronic check,49.95,49.95,0,0.3799410130690179,1
4283-FUTGF,Male,1,No,No,19,Yes,Yes,Fiber optic,No,No,Yes,No,No,No,Month-to-month,Yes,Electronic check,79.85,1471.75,1,0.6639122151087787,1
9548-LERKT,Male,0,Yes,No,24,Yes,No,No,No internet service,No internet service,No internet service,No internet service,No internet service,No internet service,Two year,No,Mailed check,19.75,483.15,0,0.02093230536300458,0
8059-UDZFY,Female,1,No,Yes,33,Yes,Yes,Fiber optic,No,Yes,Yes,No,Yes,Yes,Month-to-month,Yes,Bank transfer (automatic),105.35,3465.05,0,0.5066921621690633,1
0410-IPFTY,Female,0,Yes,No,31,Yes,No,Fiber optic,No,Yes,No,No,No,Yes,Month-to-month,Yes,Bank transfer (automatic),83.85,2674.15,0,0.41867153900946363,1
2478-EEWWM,Male,0,Yes,No,59,No,No phone service,DSL,No,No,No,No,Yes,Yes,Month-to-month,Yes,Electronic check,44.3,2666.75,0,0.224636150078594,0
4619-EVPHY,Female,1,Yes,No,20,Yes,No,Fiber optic,No,No,No,No,Yes,Yes,One year,Yes,Bank transfer (automatic),91.0,1859.5,0,0.440742270903912,1
2277-DJJDL,Male,1,Yes,No,60,Yes,Yes,Fiber optic,No,No,No,Yes,Yes,Yes,Month-to-month,Yes,Electronic check,99.0,6017.9,0,0.4594968343341397,1
2911-WDXMV,Male,0,No,Yes,18,Yes,Yes,Fiber optic,No,No,Yes,No,No,No,Month-to-month,Yes,Credit card (automatic),80.55,1406.65,0,0.47319138793679616,1
3639-XJHKQ,Female,0,No,Yes,19,Yes,No,DSL,Yes,Yes,Yes,No,No,No,Month-to-month,Yes,Electronic check,60.6,1297.8,0,0.18383398868167092,0
8173-RXAYP,Female,0,Yes,Yes,24,Yes,No,No,No internet service,No internet service,No internet service,No internet service,No internet service,No internet service,Two year,No,Mailed check,19.7,452.55,0,0.01636313595194272,0
4537-CIBHB,Female,0,Yes,Yes,9,Yes,No,No,No internet service,No internet service,No internet service,No internet service,No internet service,No internet service,One year,No,Mailed check,20.25,172.35,0,0.06078809141596052,0
5442-BXVND,Female,0,Yes,Yes,33,Yes,Yes,No,No internet service,No internet service,No internet service,No internet service,No internet service,No internet service,Month-to-month,No,Bank transfer (automatic),24.25,838.5,0,0.05381718478112063,0
2308-STERM,Female,0,No,No,2,Yes,No,No,No internet service,No internet service,No internet service,No internet service,No internet service,No internet service,Month-to-month,No,Mailed check,19.4,61.05,0,0.1909318963487008,0
7159-NOKYQ,Male,0,Yes,No,67,Yes,Yes,Fiber optic,No,Yes,Yes,No,No,Yes,Two year,Yes,Electronic check,93.15,6368.2,0,0.1218580851803373,0
6075-QMNRR,Female,0,No,No,52,Yes,No,DSL,Yes,No,No,No,No,No,Month-to-month,Yes,Bank transfer (automatic),49.75,2535.55,0,0.057536199140247955,0
3694-GLTJM,Female,0,No,No,5,Yes,No,No,No internet service,No internet service,No internet service,No internet service,No internet service,No internet service,Month-to-month,Yes,Credit card (automatic),19.65,92.05,0,0.20740745802876623,0
9629-NHXFW,Female,0,Yes,Yes,1,Yes,No,No,No internet service,No internet service,No internet service,No internet service,No internet service,No internet service,Month-to-month,Yes,Mailed check,19.4,19.4,0,0.22528372425772078,0
7167-PCEYD,Male,0,No,No,67,Yes,No,No,No internet service,No internet service,No internet service,No internet service,No internet service,No internet service,Two year,Yes,Mailed check,19.8,1311.3,0,0.0038522518079589616,0
2748-MYRVK,Female,0,No,No,63,Yes,Yes,Fiber optic,No,Yes,No,No,Yes,Yes,One year,No,Bank transfer (automatic),99.9,6137.0,1,0.1421806109352666,0
4223-WOZCM,Male,1,No,No,2,Yes,No,DSL,No,No,Yes,No,No,No,Month-to-month,No,Mailed check,49.95,107.1,0,0.37061078616921755,1
6946-LMSQS,Male,1,Yes,No,25,Yes,Yes,Fiber optic,Yes,No,No,No,No,Yes,One year,Yes,Electronic check,89.05,2177.45,1,0.43790764173728075,1
5469-NUJUR,Male,0,No,No,19,Yes,No,No,No internet service,No internet service,No internet service,No internet service,No internet service,No internet service,Two year,Yes,Mailed check,19.95,373.5,0,0.036512355484910185,0
6388-TABGU,Male,0,No,Yes,62,Yes,No,DSL,Yes,Yes,No,No,No,No,One year,No,Bank transfer (automatic),56.15,3487.95,0,0.009707863570817188,0
1261-FWTTE,Male,1,No,No,23,No,No phone service,DSL,No,No,No,No,No,Yes,Month-to-month,Yes,Bank transfer (automatic),34.65,768.45,0,0.4210388882335166,1
8590-YFFQO,Male,0,Yes,No,70,Yes,No,DSL,Yes,Yes,Yes,Yes,No,No,Two year,No,Credit card (automatic),64.95,4523.25,0,0.0037384574796966263,0
0082-OQIQY,Male,0,No,No,29,Yes,No,Fiber optic,No,No,No,Yes,Yes,Yes,Month-to-month,Yes,Electronic check,94.2,2607.6,0,0.537550835339625,1
9465-RWMXL,Male,0,Yes,No,32,Yes,Yes,Fiber optic,No,No,Yes,No,No,No,Month-to-month,Yes,Electronic check,78.9,2447.95,1,0.5438692311790776,1
2930-UOTMB,Female,0,No,No,31,Yes,Yes,DSL,Yes,No,Yes,Yes,No,No,Month-to-month,No,Credit card (automatic),65.25,1994.3,1,0.08403292131208902,0
9128-CPXKI,Female,0,No,No,59,Yes,No,Fiber optic,No,No,Yes,No,Yes,Yes,Two year,No,Electronic check,95.8,5655.45,0,0.10023602074480031,0
0484-FFVBJ,Male,0,No,No,32,Yes,No,DSL,No,No,No,No,Yes,Yes,One year,Yes,Bank transfer (automatic),64.85,2010.95,0,0.1548716191823231,0
1100-DDVRV,Male,0,Yes,No,17,No,No phone service,DSL,No,Yes,No,No,Yes,Yes,Month-to-month,Yes,Mailed check,49.8,836.35,0,0.49658651357377787,1
9313-QOLTZ,Male,0,No,No,26,Yes,No,No,No internet service,No internet service,No internet service,No internet service,No internet service,No internet service,Month-to-month,No,Mailed check,20.9,518.3,0,0.06511811009635024,0
3338-CVVEH,Male,0,No,No,12,Yes,Yes,Fiber optic,No,No,No,No,Yes,Yes,Month-to-month,No,Electronic check,94.55,1173.55,0,0.7219076573851,1
1131-SUEKT,Male,0,Yes,Yes,61,Yes,No,Fiber optic,No,Yes,No,Yes,Yes,Yes,One year,Yes,Bank transfer (automatic),98.45,6145.2,0,0.1119466313743738,0
7602-DBTOU,Female,0,Yes,No,71,Yes,No,No,No internet service,No internet service,No internet service,No internet service,No internet service,No internet service,Two year,No,Mailed check,19.6,1416.5,0,0.002241848180127983,0
1385-TQOZW,Female,0,No,No,9,Yes,No,No,No internet service,No internet service,No internet service,No internet service,No internet service,No internet service,Month-to-month,Yes,Credit card (automatic),20.45,147.55,0,0.16977859564055278,0
6892-XPFPU,Male,1,Yes,No,24,Yes,Yes,Fiber optic,No,Yes,Yes,No,Yes,Yes,Month-to-month,Yes,Electronic check,104.25,2433.9,1,0.7238693671573544,1
4115-NZRKS,Female,1,No,No,7,Yes,No,Fiber optic,No,No,No,No,Yes,Yes,Month-to-month,Yes,Electronic check,89.15,574.35,0,0.7860069533938225,1
5514-YQENT,Male,0,No,Yes,41,Yes,No,Fiber optic,Yes,Yes,Yes,Yes,Yes,Yes,Two year,Yes,Electronic check,111.15,4507.15,0,0.0849027411313024,0
6319-IEJWJ,Male,0,Yes,Yes,20,Yes,No,Fiber optic,No,No,No,No,Yes,Yes,Month-to-month,Yes,Electronic check,90.2,1776.55,1,0.6285432410791907,1
8849-AYPTR,Male,0,Yes,No,33,Yes,No,Fiber optic,No,No,No,No,Yes,Yes,Month-to-month,No,Electronic check,91.25,2964.05,0,0.48209482102017037,1
5893-PYOLZ,Male,0,No,No,56,Yes,No,DSL,No,Yes,Yes,Yes,Yes,Yes,Two year,Yes,Credit card (automatic),81.8,4534.45,0,0.022910039111278837,0
7180-PISOG,Male,0,Yes,Yes,1,Yes,Yes,Fiber optic,No,No,No,No,No,No,Month-to-month,Yes,Electronic check,74.5,74.5,1,0.7301090645700127,1
8443-ZRDBZ,Male,0,No,No,4,Yes,Yes,Fiber optic,No,No,No,No,No,No,Month-to-month,Yes,Electronic check,76.05,318.9,1,0.7320918581093425,1
9079-YEXQJ,Female,0,No,No,54,Yes,Yes,Fiber optic,No,Yes,Yes,Yes,Yes,Yes,Month-to-month,No,Electronic check,111.1,6014.85,1,0.3171527629812851,0
3780-YVMFA,Female,0,Yes,Yes,8,Yes,No,DSL,No,No,No,Yes,Yes,Yes,Month-to-month,Yes,Electronic check,68.55,564.35,0,0.44173815221558704,1
6968-MHOMU,Male,0,Yes,No,58,No,No phone service,DSL,No,No,No,No,Yes,Yes,One year,Yes,Credit card (automatic),45.0,2689.35,0,0.08852685063501332,0
0899-LIIBW,Male,0,Yes,No,34,Yes,Yes,Fiber optic,No,No,Yes,No,Yes,Yes,Month-to-month,No,Electronic check,100.85,3527.3,0,0.5699502880224446,1
3677-IYRBF,Female,1,No,No,2,No,No phone service,DSL,No,No,Yes,No,No,No,Month-to-month,Yes,Electronic check,30.4,78.65,1,0.661507836441526,1
8393-DLHGA,Male,0,No,Yes,25,Yes,No,Fiber optic,No,Yes,No,No,Yes,Yes,Month-to-month,Yes,Electronic check,95.9,2448.75,1,0.545261322060124,1
7691-XVTZH,Female,0,Yes,No,68,Yes,Yes,Fiber optic,No,No,Yes,No,Yes,No,Two year,Yes,Bank transfer (automatic),89.95,5974.3,0,0.07850227044243473,0
5360-LJCNJ,Female,0,Yes,No,71,Yes,Yes,Fiber optic,No,Yes,Yes,No,Yes,Yes,Two year,Yes,Bank transfer (automatic),105.15,7555.0,0,0.09926774157976241,0
3891-PUQOD,Female,0,No,Yes,1,Yes,No,DSL,No,No,Yes,No,No,Yes,Month-to-month,No,Electronic check,59.2,59.2,1,0.4236846630955924,1
0952-KMEEH,Male,0,No,No,13,Yes,Yes,Fiber optic,Yes,No,No,No,Yes,Yes,Month-to-month,No,Mailed check,98.15,1230.25,1,0.5661022201573684,1
4919-IKATY,Male,0,Yes,Yes,5,Yes,Yes,Fiber optic,Yes,No,Yes,No,No,No,Month-to-month,Yes,Electronic check,84.5,453.75,1,0.6006577882235754,1
9746-UGFAC,Female,0,No,No,22,Yes,No,No,No internet service,No internet service,No internet service,No internet service,No internet service,No internet service,One year,No,Bank transfer (automatic),20.85,450.65,0,0.03688343461351944,0
9108-EQPNQ,Female,0,Yes,Yes,10,Yes,Yes,No,No internet service,No internet service,No internet service,No internet service,No internet service,No internet service,Two year,No,Credit card (automatic),26.1,225.55,0,0.03488548344589431,0
0531-ZZJWQ,Male,1,Yes,No,55,Yes,Yes,Fiber optic,No,No,No,No,No,No,Month-to-month,Yes,Electronic check,74.0,4052.4,0,0.38978196228955136,1
8763-KIAFH,Female,0,Yes,Yes,27,Yes,No,No,No internet service,No internet service,No internet service,No internet service,No internet service,No internet service,One year,Yes,Mailed check,20.55,583.3,0,0.038021395791224676,0
5863-OOKCL,Female,0,No,No,10,Yes,No,No,No internet service,No internet service,No internet service,No internet service,No internet service,No internet service,Month-to-month,No,Mailed check,18.85,163.2,0,0.14122033098947134,0
2958-NHPPS,Male,0,No,No,23,Yes,No,No,No internet service,No internet service,No internet service,No internet service,No internet service,No internet service,Month-to-month,No,Electronic check,20.85,473.9,0,0.09936190869699653,0
9530-GRMJG,Male,0,Yes,Yes,70,Yes,Yes,DSL,No,Yes,Yes,Yes,Yes,Yes,Two year,Yes,Electronic check,84.1,5979.7,0,0.030263083745913164,0
1809-DMJHQ,Female,0,No,Yes,5,Yes,No,DSL,No,No,No,No,No,No,Month-to-month,No,Mailed check,46.0,221.7,1,0.2550951536030958,0
0164-XAIRP,Female,0,No,No,24,Yes,No,No,No internet service,No internet service,No internet service,No internet service,No internet service,No internet service,Two year,Yes,Bank transfer (automatic),19.55,470.2,0,0.026983437640982322,0
2926-JEJJC,Female,0,No,No,8,Yes,No,No,No internet service,No internet service,No internet service,No internet service,No internet service,No internet service,One year,Yes,Bank transfer (automatic),20.2,140.95,0,0.1004257343303521,0
1169-WCVAK,Male,0,Yes,No,19,Yes,Yes,Fiber optic,Yes,Yes,No,Yes,No,No,Month-to-month,Yes,Credit card (automatic),88.8,1672.35,0,0.3356508897912424,0
1217-VASWC,Male,1,Yes,No,43,Yes,No,Fiber optic,No,Yes,Yes,No,Yes,Yes,One year,Yes,Bank transfer (automatic),100.55,4304.0,0,0.2659492553671895,0
2452-KDRRH,Male,1,No,No,67,Yes,Yes,Fiber optic,No,No,Yes,No,Yes,Yes,Month-to-month,Yes,Credit card (automatic),101.4,6841.05,0,0.3602319767027142,1
6402-EJMWF,Male,0,No,No,4,Yes,No,DSL,No,No,No,No,No,Yes,Month-to-month,Yes,Mailed check,55.3,238.5,0,0.46550840433716417,1
7663-CUXZB,Male,0,Yes,No,59,Yes,Yes,Fiber optic,Yes,Yes,Yes,Yes,Yes,Yes,Two year,No,Electronic check,113.75,6561.25,0,0.0758228503842561,0
4312-KFRXN,Male,0,Yes,No,72,Yes,Yes,No,No internet service,No internet service,No internet service,No internet service,No internet service,No internet service,Two year,No,Mailed check,25.4,1710.9,0,0.002957254244337545,0
3011-WQKSZ,Male,0,No,Yes,19,Yes,No,No,No internet service,No internet service,No internet service,No internet service,No internet service,No internet service,Month-to-month,Yes,Electronic check,20.0,377.55,0,0.1395392112932805,0
9747-DDZOS,Female,0,No,No,1,Yes,No,Fiber optic,No,No,Yes,No,No,No,Month-to-month,No,Bank transfer (automatic),73.5,73.5,1,0.5383222048006837,1
2091-MJTFX,Female,0,Yes,Yes,30,No,No phone service,DSL,No,No,No,Yes,Yes,Yes,Month-to-month,No,Credit card (automatic),51.2,1561.5,1,0.18073693611355124,0
0388-EOPEX,Female,0,Yes,No,2,Yes,No,Fiber optic,Yes,No,No,No,No,No,Month-to-month,Yes,Electronic check,74.4,139.4,1,0.6120703871303727,1
3161-ONRWK,Male,0,Yes,Yes,60,Yes,No,DSL,Yes,Yes,Yes,Yes,No,No,One year,Yes,Bank transfer (automatic),65.85,3928.3,0,0.011887611601792351,0
2587-EKXTS,Male,0,No,No,44,Yes,Yes,Fiber optic,Yes,Yes,Yes,No,Yes,Yes,Month-to-month,Yes,Electronic check,111.5,4915.15,0,0.4501208514804804,1
9752-ZNQUT,Female,0,No,No,1,Yes,No,DSL,No,Yes,No,No,No,No,Month-to-month,Yes,Electronic check,48.6,48.6,0,0.4910303268674792,1
9572-WUKSB,Male,0,Yes,No,3,No,No phone service,DSL,No,No,No,Yes,No,No,Month-to-month,Yes,Electronic check,29.9,92.25,0,0.5542681795191178,1
3836-FZSDJ,Male,1,Yes,No,71,Yes,Yes,No,No internet service,No internet service,No internet service,No internet service,No internet service,No internet service,Two year,No,Bank transfer (automatic),24.85,1901.0,0,0.003624528621760411,0
8805-JNRAZ,Female,0,No,No,2,Yes,No,DSL,No,Yes,No,No,No,No,Month-to-month,No,Mailed check,49.2,103.7,0,0.3117125143078352,0
3069-SSVSN,Female,0,No,No,1,No,No phone service,DSL,No,No,No,No,No,No,One year,No,Mailed check,25.85,25.85,0,0.31081918814764614,0
8015-IHCGW,Female,0,Yes,Yes,72,Yes,Yes,Fiber optic,Yes,Yes,Yes,Yes,Yes,Yes,Two year,Yes,Electronic check,115.5,8425.15,0,0.06282170218895915,0
8132-YPVBX,Female,0,No,No,6,Yes,No,Fiber optic,No,Yes,No,No,No,Yes,Month-to-month,Yes,Mailed check,85.95,514.6,0,0.5914951371622946,1
0235-KGSLC,Female,0,No,No,1,Yes,No,Fiber optic,No,No,Yes,No,Yes,No,Month-to-month,Yes,Credit card (automatic),85.55,85.55,1,0.6431876260630063,1
1302-UHBDD,Male,1,No,No,20,Yes,No,Fiber optic,No,No,No,No,Yes,Yes,Month-to-month,No,Electronic check,89.95,1648.45,0,0.619725727646905,1
3722-WPXTK,Male,0,No,No,1,Yes,No,Fiber optic,No,No,No,No,Yes,Yes,Month-to-month,Yes,Electronic check,88.35,88.35,1,0.8055463891622129,1
7531-GQHME,Male,0,No,No,12,Yes,No,No,No internet service,No internet service,No internet service,No internet service,No internet service,No internet service,Month-to-month,No,Credit card (automatic),20.05,265.45,0,0.11521862963939178,0
1335-NTIUC,Male,0,No,No,9,No,No phone service,DSL,No,No,No,No,No,No,Month-to-month,Yes,Electronic check,24.95,190.25,0,0.5692287153981457,1
9367-TCUYN,Female,0,No,No,12,Yes,No,No,No internet service,No internet service,No internet service,No internet service,No internet service,No internet service,Month-to-month,No,Mailed check,20.1,223.6,0,0.12203323504582143,0
1536-HBSWP,Female,0,No,No,1,Yes,No,DSL,No,No,No,Yes,No,No,Month-to-month,Yes,Electronic check,49.9,49.9,0,0.42376822925304936,1
8573-JGCZW,Male,0,No,No,17,Yes,No,No,No internet service,No internet service,No internet service,No internet service,No internet service,No internet service,One year,Yes,Bank transfer (automatic),19.65,351.55,0,0.07195443312424907,0
2694-CIUMO,Female,0,No,No,12,Yes,Yes,Fiber optic,No,No,No,Yes,No,No,Month-to-month,Yes,Credit card (automatic),79.55,958.25,0,0.5072789402974108,1
2027-FECZV,Male,0,No,No,12,Yes,Yes,Fiber optic,No,Yes,Yes,No,Yes,Yes,Month-to-month,Yes,Electronic check,106.7,1253.9,1,0.7271041920324183,1
9103-TCIHJ,Female,0,No,No,15,Yes,Yes,DSL,Yes,No,No,No,No,No,Month-to-month,Yes,Mailed check,55.7,899.8,1,0.27735902922453626,0
1545-JFUML,Male,0,Yes,No,71,Yes,Yes,Fiber optic,Yes,Yes,Yes,No,Yes,No,Two year,Yes,Electronic check,99.0,6994.6,0,0.07519213079580477,0
0524-IAVZO,Female,0,Yes,No,30,Yes,Yes,Fiber optic,No,No,No,No,No,Yes,Month-to-month,Yes,Electronic check,85.0,2624.25,1,0.6214915212541477,1
5519-TEEUH,Male,0,No,Yes,33,Yes,No,No,No internet service,No internet service,No internet service,No internet service,No internet service,No internet service,One year,Yes,Mailed check,20.15,682.15,0,0.02943430669686066,0
6654-QGBZZ,Female,0,No,No,1,Yes,No,No,No internet service,No internet service,No internet service,No internet service,No internet service,No internet service,Month-to-month,No,Mailed check,19.9,19.9,0,0.192655948993617,0
2294-DMMUS,Female,0,Yes,Yes,62,Yes,Yes,DSL,No,No,No,No,Yes,Yes,Month-to-month,Yes,Credit card (automatic),70.45,4300.45,0,0.1183216347017745,0
0017-IUDMW,Female,0,Yes,Yes,72,Yes,Yes,Fiber optic,Yes,Yes,Yes,Yes,Yes,Yes,Two year,Yes,Credit card (automatic),116.8,8456.75,0,0.039671614251567774,0
5018-LXQQG,Female,0,Yes,Yes,30,Yes,No,DSL,Yes,No,No,Yes,No,Yes,Month-to-month,No,Bank transfer (automatic),66.3,1923.5,0,0.06779138561639803,0
5808-TOTXO,Female,0,No,Yes,3,Yes,No,No,No internet service,No internet service,No internet service,No internet service,No internet service,No internet service,One year,Yes,Credit card (automatic),20.55,57.4,0,0.09787212281135114,0
1174-FGIFN,Female,0,Yes,Yes,28,Yes,Yes,Fiber optic,No,No,No,Yes,No,Yes,One year,Yes,Electronic check,90.45,2509.25,0,0.32022820620841913,0
0730-KOAVE,Male,0,No,No,30,Yes,Yes,Fiber optic,Yes,Yes,No,No,No,Yes,Month-to-month,Yes,Credit card (automatic),94.3,2679.7,0,0.3849704559451431,1
1218-VKFPE,Female,0,Yes,Yes,12,Yes,No,No,No internet service,No internet service,No internet service,No internet service,No internet service,No internet service,Month-to-month,No,Mailed check,19.0,233.55,1,0.10855616268353775,0
5313-FPXWG,Male,0,No,No,51,Yes,Yes,No,No internet service,No internet service,No internet service,No internet service,No internet service,No internet service,One year,Yes,Bank transfer (automatic),24.6,1266.4,0,0.021246794193666093,0
2834-JKOOW,Female,0,No,No,15,No,No phone service,DSL,Yes,Yes,Yes,Yes,No,No,One year,No,Mailed check,45.9,693.45,0,0.08302729301672375,0
9430-NKQLY,Male,0,Yes,Yes,72,Yes,Yes,No,No internet service,No internet service,No internet service,No internet service,No internet service,No internet service,Two year,Yes,Credit card (automatic),25.1,1790.8,0,0.003214356174781442,0
0363-QJVFX,Male,0,No,No,32,Yes,Yes,Fiber optic,Yes,Yes,No,Yes,Yes,Yes,Month-to-month,Yes,Credit card (automatic),108.15,3432.9,1,0.3837247243273052,1
1658-TJVOA,Female,1,No,No,6,Yes,No,Fiber optic,Yes,No,No,No,No,No,Month-to-month,Yes,Electronic check,74.1,450.9,0,0.6146934054306841,1
6685-GBWJZ,Male,0,Yes,No,63,Yes,No,DSL,Yes,Yes,No,Yes,Yes,No,One year,No,Credit card (automatic),70.8,4448.8,0,0.012678058132856891,0
6328-ZPBGN,Female,1,No,No,11,Yes,Yes,Fiber optic,No,No,No,No,Yes,Yes,Month-to-month,Yes,Bank transfer (automatic),95.15,997.65,1,0.7373826303776054,1
4003-FUSHP,Male,0,No,No,19,Yes,No,DSL,No,No,No,Yes,Yes,No,Month-to-month,Yes,Credit card (automatic),61.55,1093.2,0,0.21933097878296276,0
7690-KPNCU,Male,0,Yes,Yes,64,Yes,No,DSL,Yes,No,Yes,No,Yes,Yes,One year,Yes,Credit card (automatic),73.05,4688.65,0,0.035677691481587843,0
2969-WGHQO,Female,0,Yes,Yes,7,Yes,No,DSL,Yes,Yes,Yes,No,Yes,No,One year,No,Electronic check,69.45,477.05,0,0.13899652061361345,0
1855-CFULU,Female,1,No,No,4,Yes,No,No,No internet service,No internet service,No internet service,No internet service,No internet service,No internet service,Month-to-month,No,Mailed check,20.05,91.45,0,0.19207558393270877,0
9788-YTFGE,Male,0,No,No,7,Yes,No,No,No internet service,No internet service,No internet service,No internet service,No internet service,No internet service,Month-to-month,Yes,Mailed check,19.95,147.5,0,0.20954179929580097,0
8266-VBFQL,Male,0,No,No,4,Yes,No,Fiber optic,No,No,Yes,Yes,No,Yes,Month-to-month,Yes,Electronic check,90.4,356.65,0,0.6380467206356073,1
2325-NBPZG,Female,0,No,No,3,Yes,No,Fiber optic,Yes,No,No,No,No,No,Month-to-month,Yes,Electronic check,74.55,233.65,0,0.5979213424476724,1
9906-NHHVC,Female,1,No,No,65,No,No phone service,DSL,No,Yes,Yes,No,Yes,Yes,Two year,Yes,Bank transfer (automatic),53.5,3517.9,0,0.040123366864364386,0
2541-YGPKE,Male,0,Yes,Yes,42,Yes,No,DSL,Yes,No,No,Yes,No,Yes,One year,No,Credit card (automatic),63.7,2763.35,0,0.027141229195592125,0
5049-MUBWG,Male,0,No,No,26,Yes,No,DSL,Yes,No,No,Yes,Yes,Yes,One year,No,Bank transfer (automatic),75.0,1908.35,0,0.06984094087157972,0
2332-TODQS,Female,0,No,No,48,Yes,Yes,No,No internet service,No internet service,No internet service,No internet service,No internet service,No internet service,One year,No,Credit card (automatic),25.05,1171.5,0,0.015658989674533833,0
4419-UJMUS,Male,0,Yes,Yes,69,Yes,Yes,Fiber optic,No,No,No,Yes,Yes,Yes,Two year,Yes,Electronic check,99.35,6856.45,0,0.10087135703069311,0
2233-TXSIU,Male,0,Yes,Yes,17,No,No phone service,DSL,Yes,No,Yes,No,Yes,No,One year,No,Credit card (automatic),44.45,792.15,0,0.13039416849884367,0
6770-XUAGN,Female,0,Yes,Yes,1,Yes,No,No,No internet service,No internet service,No internet service,No internet service,No internet service,No internet service,Month-to-month,Yes,Electronic check,21.0,21.0,1,0.2641329535451038,0
2919-HBCJO,Female,0,No,No,4,Yes,No,Fiber optic,No,Yes,No,No,No,No,Month-to-month,Yes,Bank transfer (automatic),76.65,333.6,1,0.5234002392922428,1
9508-ILZDG,Female,1,No,No,34,Yes,Yes,Fiber optic,No,Yes,No,Yes,Yes,No,Month-to-month,Yes,Electronic check,96.35,3190.25,0,0.47631702861080943,1
5442-BHQNG,Female,0,No,No,2,Yes,No,Fiber optic,No,No,No,No,No,No,Month-to-month,No,Electronic check,70.35,139.25,0,0.6065351698016902,1
7250-EQKIY,Female,0,Yes,Yes,1,Yes,No,DSL,No,No,Yes,No,No,No,Month-to-month,No,Mailed check,50.45,50.45,1,0.29039517342611404,0
6838-HVLXG,Female,0,No,No,12,Yes,No,No,No internet service,No internet service,No internet service,No internet service,No internet service,No internet service,Month-to-month,No,Mailed check,20.3,246.7,0,0.12131934293242976,0
9767-FFLEM,Male,0,No,No,38,Yes,No,Fiber optic,No,No,No,No,No,No,Month-to-month,Yes,Credit card (automatic),69.5,2625.25,0,0.30911817823595855,0
2245-ADZFJ,Female,0,Yes,Yes,31,Yes,Yes,DSL,No,Yes,No,Yes,Yes,Yes,Two year,No,Bank transfer (automatic),80.55,2471.6,0,0.042349924409918,0
1150-WFARN,Female,0,Yes,Yes,67,Yes,Yes,Fiber optic,Yes,No,Yes,Yes,Yes,Yes,Two year,Yes,Credit card (automatic),108.75,7156.2,1,0.053444922778882006,0
9054-FOWNV,Male,0,Yes,Yes,22,Yes,Yes,Fiber optic,No,No,Yes,No,Yes,No,Month-to-month,Yes,Electronic check,88.75,1885.15,0,0.6367994265517943,1
7997-EASSD,Female,0,Yes,No,63,Yes,Yes,Fiber optic,No,No,No,Yes,No,No,One year,Yes,Credit card (automatic),81.2,4965.1,0,0.08099695777035174,0
7560-QJAVJ,Female,0,No,No,70,Yes,No,DSL,Yes,No,Yes,Yes,Yes,Yes,Two year,No,Bank transfer (automatic),79.6,5589.45,0,0.009040944430843745,0
2668-TZSPS,Male,0,No,No,1,Yes,No,No,No internet service,No internet service,No internet service,No internet service,No internet service,No internet service,Month-to-month,No,Mailed check,20.45,20.45,0,0.1907851630488968,0
9139-WQQDY,Female,0,Yes,Yes,49,Yes,Yes,Fiber optic,No,Yes,No,No,Yes,Yes,One year,No,Mailed check,100.45,4941.8,1,0.17919796085325704,0
6726-NNFWD,Female,1,Yes,No,71,Yes,No,Fiber optic,No,Yes,Yes,No,No,Yes,Two year,No,Credit card (automatic),89.45,6435.25,0,0.03948801219506689,0
9330-DHBFL,Female,0,Yes,Yes,23,Yes,No,DSL,Yes,Yes,Yes,Yes,No,No,One year,Yes,Mailed check,66.25,1533.8,0,0.045464231753788865,0
5727-MYATE,Male,0,Yes,Yes,72,Yes,Yes,DSL,Yes,Yes,Yes,Yes,Yes,Yes,Two year,Yes,Credit card (automatic),90.8,6397.6,0,0.011992671906487073,0
2824-DXNKN,Female,0,Yes,Yes,72,Yes,Yes,DSL,Yes,No,Yes,No,Yes,No,Two year,Yes,Bank transfer (automatic),71.45,5025.85,0,0.011558603514974546,0
6166-ILMNY,Female,0,No,No,2,Yes,No,Fiber optic,No,No,No,No,No,No,Month-to-month,No,Bank transfer (automatic),69.75,144.55,1,0.521341085400708,1
5236-XMZJY,Female,0,No,No,42,Yes,No,DSL,Yes,Yes,Yes,No,No,No,Month-to-month,No,Bank transfer (automatic),59.65,2536.55,0,0.0540051749487121,0
1709-EJDOX,Female,0,Yes,Yes,47,Yes,No,No,No internet service,No internet service,No internet service,No internet service,No internet service,No internet service,Two year,No,Mailed check,19.75,948.9,0,0.0055651476544687955,0
4962-CHQPW,Male,0,No,Yes,29,Yes,No,No,No internet service,No internet service,No internet service,No internet service,No internet service,No internet service,One year,No,Mailed check,19.85,535.05,0,0.02476228001720483,0
0301-FIDRB,Female,0,Yes,Yes,72,No,No phone service,DSL,Yes,Yes,Yes,Yes,Yes,Yes,Two year,Yes,Bank transfer (automatic),63.8,4684.3,0,0.0118758949774508,0
1820-TQVEV,Male,0,No,No,1,Yes,No,Fiber optic,No,No,No,No,No,No,Month-to-month,Yes,Electronic check,69.55,69.55,1,0.7129934709597867,1
9115-YQHGA,Male,0,No,No,40,Yes,No,DSL,No,No,No,Yes,No,No,Month-to-month,Yes,Electronic check,51.1,2092.9,0,0.13004923361444626,0
1541-ETJZO,Male,0,No,No,1,Yes,Yes,DSL,No,No,Yes,Yes,No,No,Month-to-month,No,Mailed check,62.05,62.05,1,0.29802999856174867,0
6230-BSUXY,Female,1,No,No,1,Yes,No,Fiber optic,No,No,Yes,No,No,Yes,Month-to-month,Yes,Electronic check,85.0,85.0,1,0.7651549983276043,1
6797-LNAQX,Male,0,Yes,Yes,70,Yes,Yes,Fiber optic,No,Yes,No,No,Yes,Yes,Two year,No,Bank transfer (automatic),98.3,6859.5,1,0.06068586200985663,0
9588-YRFHY,Male,0,No,No,49,Yes,No,No,No internet service,No internet service,No internet service,No internet service,No internet service,No internet service,Two year,Yes,Credit card (automatic),19.9,1022.6,0,0.008266773023269697,0
1092-GANHU,Male,0,No,No,17,Yes,No,Fiber optic,No,No,Yes,No,No,No,Month-to-month,Yes,Electronic check,76.65,1313.55,1,0.5508771125633466,1
5951-AOFIH,Male,0,No,No,33,Yes,No,DSL,No,Yes,Yes,No,Yes,No,Month-to-month,Yes,Credit card (automatic),66.4,2245.4,0,0.17335558926998798,0
7029-RPUAV,Male,1,Yes,No,17,Yes,Yes,Fiber optic,No,No,Yes,No,Yes,Yes,Month-to-month,Yes,Credit card (automatic),100.45,1622.45,1,0.6959765152262187,1
4700-UBQMV,Male,0,Yes,Yes,21,Yes,Yes,DSL,Yes,No,No,No,Yes,Yes,One year,Yes,Bank transfer (automatic),75.9,1549.75,0,0.1617657855627803,0
3594-UVONA,Female,0,No,No,35,Yes,Yes,DSL,Yes,No,Yes,Yes,Yes,Yes,One year,Yes,Credit card (automatic),85.95,3110.1,1,0.09467700507905075,0
7750-EYXWZ,Female,0,No,No,12,No,No phone service,DSL,No,Yes,Yes,Yes,Yes,Yes,One year,No,Electronic check,60.65,743.3,0,0.25976861066863477,0
7054-ENNGU,Female,0,Yes,No,9,Yes,No,DSL,No,Yes,No,No,No,No,Month-to-month,No,Mailed check,50.85,466.6,0,0.24018803843500205,0
0402-OAMEN,Female,0,Yes,Yes,72,Yes,Yes,No,No internet service,No internet service,No internet service,No internet service,No internet service,No internet service,Two year,No,Bank transfer (automatic),24.45,1709.1,0,0.002273351422409906,0
2195-VVRJF,Male,1,Yes,No,18,Yes,No,DSL,Yes,No,No,No,No,Yes,Month-to-month,Yes,Credit card (automatic),59.1,1011.05,0,0.275306950596425,0
8819-ZBYNA,Female,0,Yes,No,58,Yes,Yes,Fiber optic,Yes,Yes,No,Yes,Yes,Yes,Two year,Yes,Credit card (automatic),109.1,6393.65,0,0.07377461572348688,0
7748-UMTRK,Female,1,No,Yes,30,Yes,Yes,Fiber optic,No,No,No,Yes,Yes,Yes,Month-to-month,Yes,Electronic check,101.3,2974.5,0,0.5603043560603578,1
1741-WTPON,Male,0,Yes,Yes,56,Yes,Yes,Fiber optic,Yes,Yes,Yes,Yes,Yes,Yes,Two year,No,Mailed check,115.85,6567.9,0,0.047149601577343575,0
7209-JCUDS,Male,0,No,No,10,Yes,No,Fiber optic,No,No,Yes,No,Yes,Yes,Month-to-month,Yes,Electronic check,94.9,1048.85,1,0.7402487200256529,1
2485-ITVKB,Female,0,Yes,No,2,No,No phone service,DSL,No,No,No,No,No,Yes,Month-to-month,Yes,Electronic check,35.1,68.75,1,0.6947990544942424,1
9648-BCHKM,Female,0,Yes,Yes,18,Yes,Yes,No,No internet service,No internet service,No internet service,No internet service,No internet service,No internet service,Two year,Yes,Credit card (automatic),24.65,471.35,0,0.03845089020109817,0
0743-HRVFF,Female,0,Yes,Yes,51,No,No phone service,DSL,No,No,Yes,Yes,Yes,Yes,One year,Yes,Electronic check,56.15,2898.95,0,0.09634590643413081,0
2522-AHJXR,Male,0,Yes,No,60,Yes,Yes,Fiber optic,Yes,No,Yes,Yes,Yes,Yes,Month-to-month,Yes,Bank transfer (automatic),109.45,6572.85,0,0.2583721808334734,0
9143-CANJF,Female,0,Yes,Yes,24,Yes,No,DSL,Yes,No,No,Yes,No,No,Month-to-month,No,Electronic check,55.15,1319.85,0,0.09837590877635782,0
1444-VVSGW,Male,0,Yes,No,70,Yes,Yes,Fiber optic,Yes,Yes,Yes,Yes,Yes,Yes,One year,No,Credit card (automatic),115.65,7968.85,1,0.07029157644044984,0
6898-MDLZW,Male,0,No,No,12,Yes,No,DSL,No,Yes,No,Yes,No,No,Month-to-month,Yes,Mailed check,53.75,648.65,0,0.24275248073931885,0
0074-HDKDG,Male,0,Yes,Yes,25,Yes,No,DSL,Yes,Yes,Yes,No,No,No,One year,Yes,Bank transfer (automatic),61.6,1611.0,0,0.05572125362915179,0
3982-JGSFD,Male,0,No,No,36,Yes,No,No,No internet service,No internet service,No internet service,No internet service,No internet service,No internet service,One year,Yes,Credit card (automatic),20.35,695.85,0,0.028212489674068978,0
7928-VJYAB,Male,0,Yes,Yes,11,Yes,No,Fiber optic,No,No,No,No,Yes,Yes,Month-to-month,No,Electronic check,90.6,1020.2,0,0.6022773740930109,1
1522-VVDMG,Male,0,Yes,Yes,7,Yes,No,Fiber optic,No,Yes,No,Yes,Yes,No,Month-to-month,Yes,Electronic check,89.75,608.8,1,0.5417531690345644,1
2665-NPTGL,Female,1,Yes,No,26,Yes,Yes,Fiber optic,No,No,Yes,No,Yes,Yes,Month-to-month,Yes,Bank transfer (automatic),98.1,2510.7,0,0.6740656236375993,1
8728-SKJLR,Male,0,No,No,41,Yes,No,Fiber optic,No,No,No,Yes,No,No,Month-to-month,Yes,Electronic check,74.25,3089.1,0,0.31102934469601884,0
7733-UDMTP,Female,1,No,No,57,No,No phone service,DSL,No,Yes,Yes,No,Yes,Yes,Month-to-month,Yes,Electronic check,55.0,3094.05,0,0.23194720488297624,0
0431-APWVY,Female,0,Yes,Yes,28,Yes,No,Fiber optic,No,No,No,No,Yes,Yes,One year,Yes,Bank transfer (automatic),90.1,2598.95,1,0.3127222247991353,0
5081-NWSUP,Female,0,No,No,10,Yes,No,DSL,No,Yes,No,Yes,No,Yes,One year,No,Mailed check,64.9,685.55,0,0.12269826058795603,0
2746-DIJLO,Female,0,No,No,41,Yes,Yes,DSL,No,Yes,No,No,No,No,One year,Yes,Credit card (automatic),56.3,2364.0,0,0.072267828972914,0
7277-OZCGZ,Female,0,No,No,22,Yes,No,Fiber optic,Yes,No,No,Yes,No,Yes,Month-to-month,Yes,Electronic check,89.05,1886.25,0,0.42140669088296157,1
5236-PERKL,Female,0,No,No,57,Yes,Yes,Fiber optic,Yes,Yes,Yes,No,Yes,Yes,Two year,Yes,Bank transfer (automatic),112.95,6465.0,1,0.08592516239435243,0
2788-CJQAQ,Male,0,No,No,13,Yes,No,No,No internet service,No internet service,No internet service,No internet service,No internet service,No internet service,One year,No,Mailed check,19.45,270.2,0,0.06609578378908856,0
3096-WPXBT,Female,0,Yes,Yes,61,Yes,Yes,Fiber optic,Yes,Yes,Yes,No,No,Yes,One year,Yes,Credit card (automatic),100.7,6018.65,0,0.08975849764827133,0
9962-BFPDU,Female,0,Yes,Yes,1,Yes,No,No,No internet service,No internet service,No internet service,No internet service,No internet service,No internet service,Month-to-month,No,Mailed check,20.05,20.05,0,0.16171080712113378,0
2892-GESUL,Female,0,Yes,Yes,18,Yes,No,No,No internet service,No internet service,No internet service,No internet service,No internet service,No internet service,Two year,No,Mailed check,19.35,309.25,0,0.021999878838392332,0
9741-YLNTD,Male,0,No,No,6,Yes,Yes,Fiber optic,No,No,No,Yes,No,Yes,Month-to-month,Yes,Bank transfer (automatic),87.95,522.35,0,0.6453814744098428,1
1205-WNWPJ,Female,0,No,No,7,Yes,No,DSL,No,No,No,Yes,Yes,No,Month-to-month,Yes,Mailed check,59.5,415.95,1,0.354097746776623,1
3173-NVMPX,Female,0,Yes,Yes,9,Yes,Yes,DSL,No,Yes,No,No,No,No,Month-to-month,Yes,Mailed check,55.3,501.2,0,0.33656500366149483,0
9661-MHUMO,Male,1,Yes,Yes,1,Yes,No,DSL,No,No,No,Yes,No,No,Month-to-month,Yes,Credit card (automatic),49.25,49.25,1,0.32882649994743934,0
6000-APYLU,Male,0,No,No,9,Yes,No,Fiber optic,No,No,No,No,No,Yes,Month-to-month,Yes,Electronic check,80.8,713.1,1,0.687584112055598,1
0048-PIHNL,Female,0,Yes,No,49,Yes,No,No,No internet service,No internet service,No internet service,No internet service,No internet service,No internet service,One year,No,Bank transfer (automatic),20.45,900.9,0,0.010717947092148348,0
9420-LOJKX,Female,0,No,No,15,Yes,No,Fiber optic,Yes,Yes,No,No,Yes,Yes,Month-to-month,Yes,Credit card (automatic),99.1,1426.4,1,0.48201024382055413,1
7061-OVMIM,Female,0,Yes,Yes,30,Yes,No,No,No internet service,No internet service,No internet service,No internet service,No internet service,No internet service,One year,No,Bank transfer (automatic),19.55,608.5,0,0.022615393695339096,0
5671-RQRLP,Female,1,Yes,No,70,Yes,Yes,Fiber optic,No,No,No,No,No,No,Two year,Yes,Credit card (automatic),75.65,5411.4,0,0.05716600749728721,0
5129-JLPIS,Male,0,No,No,25,Yes,No,Fiber optic,Yes,No,Yes,Yes,Yes,Yes,Month-to-month,Yes,Electronic check,105.5,2686.05,0,0.45712645476340485,1
5170-PTRKA,Female,0,Yes,Yes,49,No,No phone service,DSL,Yes,No,No,Yes,No,No,One year,Yes,Credit card (automatic),35.8,1782.0,0,0.026167570386673302,0
4819-HJPIW,Male,0,No,No,18,No,No phone service,DSL,No,No,No,No,No,No,Month-to-month,No,Mailed check,25.15,476.8,0,0.3066846543165253,0
8780-RSYYU,Female,0,No,No,25,Yes,No,No,No internet service,No internet service,No internet service,No internet service,No internet service,No internet service,Month-to-month,Yes,Credit card (automatic),19.2,532.1,0,0.09491541468190313,0
2335-GSODA,Male,0,No,Yes,23,No,No phone service,DSL,Yes,No,Yes,Yes,No,No,Two year,No,Mailed check,40.1,857.75,0,0.03160857360260966,0
5696-CEIQJ,Male,0,Yes,Yes,67,Yes,No,Fiber optic,No,Yes,Yes,Yes,Yes,Yes,Two year,No,Bank transfer (automatic),103.15,6895.5,0,0.03668513042638934,0
6169-PPETC,Male,0,Yes,Yes,35,Yes,No,No,No internet service,No internet service,No internet service,No internet service,No internet service,No internet service,Two year,No,Bank transfer (automatic),20.5,759.35,0,0.008992753217435846,0
4237-RLAQD,Male,0,No,No,1,Yes,No,DSL,No,No,No,No,No,No,Month-to-month,Yes,Mailed check,45.85,45.85,1,0.4305938604691455,1
7359-WWYJV,Male,0,Yes,No,72,Yes,Yes,Fiber optic,Yes,Yes,Yes,Yes,Yes,Yes,Two year,No,Credit card (automatic),114.45,8375.05,0,0.03976487228668947,0
8620-RJPZN,Female,0,No,No,1,Yes,No,No,No internet service,No internet service,No internet service,No internet service,No internet service,No internet service,Month-to-month,No,Electronic check,20.7,20.7,0,0.23638684600359475,0
7426-WEIJX,Male,1,Yes,Yes,60,Yes,Yes,Fiber optic,Yes,No,No,No,No,No,Month-to-month,Yes,Electronic check,80.95,4859.1,0,0.21723780772713044,0
7629-WIXZF,Female,0,No,No,7,Yes,No,DSL,Yes,No,No,No,No,Yes,One year,Yes,Electronic check,59.1,369.25,0,0.26421236935545833,0
2616-FLVQC,Male,0,No,No,64,Yes,No,No,No internet service,No internet service,No internet service,No internet service,No internet service,No internet service,Two year,No,Mailed check,19.55,1240.15,0,0.0031113514669117723,0
9163-GHAYE,Female,0,No,No,15,Yes,No,DSL,No,Yes,No,No,No,No,Month-to-month,No,Electronic check,48.85,736.8,0,0.27173754535463773,0
4464-JCOLN,Male,0,Yes,Yes,2,Yes,No,No,No internet service,No internet service,No internet service,No internet service,No internet service,No internet service,One year,No,Mailed check,19.85,35.9,1,0.08656612922295344,0
2971-SGAFL,Female,0,No,No,13,Yes,Yes,DSL,Yes,No,Yes,No,Yes,Yes,Month-to-month,Yes,Electronic check,78.75,995.35,0,0.49761276855852915,1
4735-ASGMA,Male,0,No,No,26,Yes,Yes,Fiber optic,No,No,Yes,No,Yes,Yes,Month-to-month,Yes,Electronic check,98.35,2515.3,1,0.7219076175236236,1
5245-VDBUR,Female,0,Yes,No,52,No,No phone service,DSL,Yes,No,Yes,No,No,No,One year,No,Mailed check,35.45,1958.95,0,0.0316197654759934,0
1493-AMTIE,Male,0,No,No,1,Yes,No,No,No internet service,No internet service,No internet service,No internet service,No internet service,No internet service,Month-to-month,Yes,Bank transfer (automatic),20.2,20.2,1,0.24314551923544006,0
1112-CUNAO,Female,1,No,No,15,Yes,Yes,Fiber optic,No,Yes,No,No,No,Yes,Month-to-month,No,Electronic check,89.85,1424.95,1,0.6372030344081062,1
7571-YXDAD,Female,0,No,No,2,Yes,Yes,Fiber optic,No,No,No,No,No,No,Month-to-month,No,Credit card (automatic),74.9,147.15,1,0.5832615072920958,1
8714-EUHJO,Female,0,Yes,Yes,31,Yes,Yes,Fiber optic,No,Yes,No,No,No,Yes,Month-to-month,Yes,Electronic check,91.15,2995.45,1,0.5137524752855831,1
9040-KZVWO,Male,0,No,No,26,Yes,No,Fiber optic,No,Yes,No,No,No,No,One year,No,Bank transfer (automatic),75.5,2018.1,0,0.16595423450934788,0
6713-OKOMC,Female,0,No,No,10,No,No phone service,DSL,Yes,No,No,No,No,No,Month-to-month,No,Mailed check,29.75,301.9,0,0.2968212160757123,0
8749-CLJXC,Male,0,No,No,1,Yes,No,No,No internet service,No internet service,No internet service,No internet service,No internet service,No internet service,Month-to-month,No,Mailed check,20.05,20.05,0,0.1946521776240686,0
4713-LZDRV,Female,1,No,No,2,Yes,No,Fiber optic,No,No,No,No,No,Yes,Month-to-month,Yes,Electronic check,79.6,195.05,1,0.7730678152712661,1
6598-RFFVI,Male,0,No,No,2,Yes,No,No,No internet service,No internet service,No internet service,No internet service,No internet service,No internet service,One year,No,Credit card (automatic),19.3,28.3,1,0.0978425437477054,0
7470-MCQTK,Female,0,Yes,No,13,No,No phone service,DSL,No,No,Yes,No,Yes,Yes,Month-to-month,Yes,Bank transfer (automatic),48.75,633.4,1,0.5631611538150444,1
5524-KHNJP,Male,0,Yes,Yes,33,Yes,No,DSL,Yes,No,Yes,No,Yes,Yes,One year,No,Credit card (automatic),74.75,2453.3,0,0.06285414007662737,0
1707-HABPF,Female,1,No,No,46,Yes,No,Fiber optic,No,Yes,Yes,No,Yes,No,One year,Yes,Bank transfer (automatic),91.3,4126.35,0,0.17886095931864673,0
4581-LNWUM,Female,0,No,No,13,No,No phone service,DSL,No,No,Yes,No,Yes,Yes,Month-to-month,No,Electronic check,49.15,649.4,0,0.5568264455950753,1
9710-ZUSHQ,Female,1,No,No,37,Yes,Yes,Fiber optic,Yes,Yes,No,No,Yes,Yes,Month-to-month,Yes,Bank transfer (automatic),106.75,4056.75,1,0.4302799996123307,1
1697-LYYYX,Female,0,Yes,Yes,61,Yes,No,No,No internet service,No internet service,No internet service,No internet service,No internet service,No internet service,One year,No,Credit card (automatic),19.1,1143.8,0,0.0051651035678781255,0
4013-GUXND,Male,0,No,No,1,Yes,No,No,No internet service,No internet service,No internet service,No internet service,No internet service,No internet service,Month-to-month,No,Mailed check,20.8,20.8,0,0.18744991943045813,0
5022-JNQEQ,Female,0,Yes,Yes,9,Yes,No,Fiber optic,No,No,No,Yes,No,No,Month-to-month,Yes,Electronic check,75.85,647.5,0,0.4878057330887383,1
4983-CCWMC,Male,0,No,No,3,Yes,No,Fiber optic,No,No,No,No,No,No,Month-to-month,Yes,Mailed check,69.6,207.4,0,0.6285939762294124,1
6345-FZOQH,Male,0,Yes,No,69,Yes,No,No,No internet service,No internet service,No internet service,No internet service,No internet service,No internet service,Two year,No,Mailed check,19.9,1363.45,0,0.0024656188355777296,0
0962-CQPWQ,Female,0,Yes,Yes,62,Yes,No,No,No internet service,No internet service,No internet service,No internet service,No internet service,No internet service,Two year,No,Bank transfer (automatic),20.3,1296.15,0,0.0024758997381886237,0
5495-GPSRW,Male,0,No,No,20,Yes,No,No,No internet service,No internet service,No internet service,No internet service,No internet service,No internet service,Two year,Yes,Mailed check,19.7,419.4,0,0.035624848491692625,0
2252-JHJGE,Male,0,No,No,61,Yes,Yes,Fiber optic,Yes,No,Yes,No,Yes,Yes,One year,No,Electronic check,104.0,6363.45,0,0.1889313973340405,0
7356-AYNJP,Female,0,No,No,4,Yes,Yes,No,No internet service,No internet service,No internet service,No internet service,No internet service,No internet service,One year,No,Electronic check,23.9,97.5,0,0.1663972116931284,0
2019-HDCZY,Male,0,Yes,No,63,Yes,Yes,Fiber optic,No,No,Yes,No,Yes,Yes,Two year,No,Electronic check,102.6,6296.75,0,0.11615860662201877,0
8582-KRHPJ,Male,0,No,No,50,No,No phone service,DSL,Yes,Yes,No,No,No,No,Month-to-month,Yes,Mailed check,35.0,1782.4,0,0.08274557762055611,0
2867-UIMSS,Male,0,No,No,1,Yes,No,Fiber optic,No,No,No,No,No,Yes,Month-to-month,No,Electronic check,80.5,80.5,1,0.6681722124028244,1
3487-EARAT,Female,0,Yes,Yes,70,Yes,No,DSL,Yes,Yes,Yes,Yes,No,Yes,One year,No,Credit card (automatic),74.1,5222.3,0,0.008896487194207126,0
9926-PJHDQ,Female,0,Yes,Yes,72,Yes,Yes,DSL,No,No,Yes,No,Yes,Yes,Two year,Yes,Bank transfer (automatic),76.8,5468.45,0,0.02375367440279997,0
0289-IVARM,Female,0,No,No,35,Yes,No,DSL,Yes,Yes,Yes,No,No,No,Month-to-month,No,Electronic check,60.55,1982.6,0,0.09081648573331806,0
4672-FOTSD,Male,0,No,No,12,Yes,Yes,DSL,Yes,Yes,No,Yes,No,No,Month-to-month,Yes,Electronic check,67.25,832.3,0,0.24183084223633508,0
6198-PNNSZ,Female,0,Yes,No,56,Yes,Yes,Fiber optic,Yes,Yes,Yes,No,Yes,Yes,One year,No,Bank transfer (automatic),109.8,6109.65,0,0.13237736534879654,0
7603-USHJS,Male,0,No,Yes,12,Yes,Yes,Fiber optic,No,No,No,No,No,No,Month-to-month,Yes,Credit card (automatic),73.75,871.4,1,0.5575260564688527,1
6784-XYJAE,Female,0,No,No,36,Yes,Yes,DSL,No,No,Yes,No,No,No,One year,No,Electronic check,55.8,1941.5,0,0.10134548251271608,0
3858-XHYJO,Female,0,Yes,No,40,Yes,Yes,Fiber optic,Yes,No,Yes,No,Yes,Yes,One year,No,Bank transfer (automatic),105.75,4228.55,0,0.2003978815442264,0
1087-UDSIH,Female,0,No,No,3,Yes,No,No,No internet service,No internet service,No internet service,No internet service,No internet service,No internet service,Month-to-month,Yes,Mailed check,19.6,59.75,1,0.2424317854371678,0
7251-LJBQN,Female,1,No,No,40,Yes,Yes,Fiber optic,No,No,Yes,Yes,Yes,Yes,One year,Yes,Credit card (automatic),103.75,4188.4,0,0.32121352578873313,0
3200-MNQTF,Male,0,Yes,No,67,Yes,Yes,DSL,Yes,Yes,Yes,Yes,No,No,Two year,No,Credit card (automatic),70.9,4677.1,0,0.005687321931669846,0
9359-UGBTK,Female,0,No,No,67,Yes,No,DSL,Yes,No,Yes,Yes,No,Yes,One year,Yes,Bank transfer (automatic),72.35,4991.5,0,0.01742348010914935,0
8160-HOWOX,Female,0,No,No,7,Yes,No,DSL,No,No,No,No,Yes,Yes,Month-to-month,Yes,Electronic check,66.85,458.1,0,0.5412571396657072,1
0258-NOKBL,Male,0,No,No,3,Yes,No,Fiber optic,No,Yes,Yes,No,No,Yes,Month-to-month,No,Electronic check,90.4,268.45,0,0.603013231427816,1
2800-QQUSO,Male,0,No,No,42,Yes,Yes,Fiber optic,No,No,No,Yes,Yes,Yes,Month-to-month,Yes,Electronic check,100.3,4222.95,0,0.5217735160483603,1
2129-ALKBS,Female,0,Yes,Yes,40,Yes,Yes,No,No internet service,No internet service,No internet service,No internet service,No internet service,No internet service,Month-to-month,Yes,Electronic check,26.2,1077.5,0,0.07304002789682892,0
9972-VAFJJ,Female,1,Yes,No,53,Yes,No,Fiber optic,No,Yes,Yes,Yes,Yes,No,One year,Yes,Electronic check,94.0,4871.45,0,0.17782646516641598,0
4693-VWVBO,Female,0,No,No,3,Yes,No,No,No internet service,No internet service,No internet service,No internet service,No internet service,No internet service,Month-to-month,No,Electronic check,19.55,61.05,0,0.2321861923345796,0
6969-MVBAI,Female,1,No,No,9,Yes,Yes,Fiber optic,No,No,Yes,No,Yes,No,Month-to-month,Yes,Electronic check,90.1,816.8,0,0.7721351103126644,1
4821-WQOYN,Female,0,Yes,Yes,72,Yes,No,No,No internet service,No internet service,No internet service,No internet service,No internet service,No internet service,Two year,Yes,Credit card (automatic),20.1,1326.25,0,0.0021080989019255873,0
6769-DYBQN,Male,1,No,No,46,Yes,No,Fiber optic,Yes,No,No,No,No,Yes,Month-to-month,No,Electronic check,85.0,3969.4,1,0.2802574311018699,0
4018-PPNDW,Female,0,Yes,Yes,61,Yes,Yes,No,No internet service,No internet service,No internet service,No internet service,No internet service,No internet service,Two year,Yes,Mailed check,24.1,1551.6,0,0.00620228298101348,0
6288-CHQJB,Female,0,Yes,Yes,54,Yes,No,DSL,Yes,No,Yes,Yes,No,Yes,Two year,No,Bank transfer (automatic),69.95,3871.85,0,0.008782476573476116,0
4905-JEFDW,Male,0,No,No,11,No,No phone service,DSL,No,No,Yes,No,Yes,No,One year,Yes,Electronic check,41.6,470.6,1,0.4048734773501355,1
0559-CKHUS,Female,0,Yes,No,29,Yes,No,No,No internet service,No internet service,No internet service,No internet service,No internet service,No internet service,Two year,Yes,Mailed check,19.55,521.8,0,0.023238205588135795,0
2659-VXMWZ,Male,0,Yes,Yes,67,Yes,Yes,Fiber optic,Yes,Yes,Yes,No,Yes,Yes,One year,Yes,Electronic check,111.3,7482.1,1,0.1605277117812794,0
6559-RAKOZ,Male,0,Yes,Yes,49,Yes,Yes,Fiber optic,No,No,No,Yes,Yes,Yes,One year,Yes,Electronic check,97.95,4917.9,0,0.29726179019184085,0
8809-XKHMD,Male,0,Yes,No,72,Yes,Yes,Fiber optic,Yes,Yes,No,Yes,No,Yes,Two year,Yes,Bank transfer (automatic),100.55,7325.1,0,0.035839220476029755,0
6365-HITVU,Female,0,Yes,Yes,71,Yes,No,DSL,Yes,Yes,Yes,Yes,Yes,Yes,Two year,No,Credit card (automatic),87.25,6328.7,0,0.005806950323210205,0
0134-XWXCE,Female,1,No,No,44,Yes,No,DSL,No,No,Yes,Yes,Yes,Yes,One year,No,Bank transfer (automatic),74.85,3268.05,0,0.06414527789928141,0
9720-JJJOR,Male,0,Yes,Yes,41,Yes,No,DSL,Yes,Yes,Yes,No,No,No,One year,Yes,Bank transfer (automatic),60.3,2511.3,0,0.033396943427087135,0
2782-LFZVW,Female,0,No,No,11,Yes,Yes,DSL,No,No,No,No,No,Yes,Month-to-month,Yes,Mailed check,58.95,601.6,0,0.48270273959413035,1
6112-KTHFQ,Female,0,No,No,13,Yes,No,No,No internet service,No internet service,No internet service,No internet service,No internet service,No internet service,Month-to-month,Yes,Mailed check,19.3,279.3,0,0.16909677231692774,0
9220-ZNKJI,Female,1,Yes,No,55,Yes,No,Fiber optic,No,No,Yes,Yes,Yes,No,Two year,No,Credit card (automatic),88.8,4805.3,0,0.051680741608527196,0
9820-RMCQV,Female,0,No,No,11,Yes,No,DSL,Yes,No,No,No,No,No,Month-to-month,No,Credit card (automatic),48.55,501.0,1,0.18722318215297723,0
9013-AQORL,Female,0,No,Yes,48,No,No phone service,DSL,No,Yes,Yes,No,No,Yes,Month-to-month,No,Credit card (automatic),45.55,2108.35,0,0.08538814892197363,0
2040-OBMLJ,Male,0,No,No,31,Yes,Yes,Fiber optic,No,No,No,Yes,No,No,One year,No,Credit card (automatic),81.7,2548.65,0,0.14795901888058743,0
5574-NXZIU,Male,0,No,No,63,Yes,No,Fiber optic,Yes,Yes,Yes,Yes,Yes,Yes,Two year,No,Credit card (automatic),109.2,7049.75,0,0.03447168033722395,0
5446-DKWYW,Female,1,Yes,Yes,61,Yes,Yes,DSL,No,No,Yes,No,Yes,No,One year,Yes,Electronic check,65.2,3965.05,0,0.08123564948580343,0
0480-KYJVA,Female,0,Yes,Yes,72,Yes,Yes,No,No internet service,No internet service,No internet service,No internet service,No internet service,No internet service,Two year,No,Credit card (automatic),24.25,1784.5,0,0.0022884546493621497,0
1074-AMIOH,Female,0,Yes,Yes,53,Yes,No,Fiber optic,No,Yes,Yes,Yes,Yes,Yes,Month-to-month,Yes,Bank transfer (automatic),108.25,5935.1,0,0.2022775752913397,0
0015-UOCOJ,Female,1,No,No,7,Yes,No,DSL,Yes,No,No,No,No,No,Month-to-month,Yes,Electronic check,48.2,340.35,0,0.4134958395357812,1
0256-LTHVJ,Female,0,Yes,Yes,28,Yes,No,Fiber optic,No,No,No,No,No,Yes,Month-to-month,Yes,Electronic check,81.05,2227.1,1,0.48188027096509695,1
4547-LYTDD,Female,0,No,No,16,Yes,Yes,Fiber optic,No,No,No,No,No,No,Month-to-month,No,Electronic check,72.65,1194.3,1,0.6018624605258526,1
1077-HUUJM,Female,0,No,Yes,7,Yes,No,Fiber optic,No,No,No,No,No,No,Month-to-month,Yes,Electronic check,71.05,472.65,0,0.5879071318894216,1
2041-JIJCI,Female,0,No,No,5,Yes,Yes,DSL,No,Yes,No,No,No,Yes,Month-to-month,Yes,Electronic check,64.0,370.25,0,0.5768989454810048,1
1555-HAPSU,Female,0,Yes,Yes,71,Yes,Yes,No,No internet service,No internet service,No internet service,No internet service,No internet service,No internet service,Two year,No,Credit card (automatic),23.9,1663.5,0,0.002391415744938042,0
4323-SADQS,Male,0,Yes,Yes,7,No,No phone service,DSL,Yes,No,No,Yes,No,No,Month-to-month,Yes,Electronic check,34.5,279.25,1,0.3607842503180032,1
3292-PBZEJ,Male,1,No,No,11,Yes,Yes,Fiber optic,No,Yes,Yes,Yes,Yes,Yes,Month-to-month,Yes,Electronic check,111.4,1183.05,0,0.6906421058600912,1
6203-HBZPA,Male,0,No,No,52,No,No phone service,DSL,Yes,Yes,Yes,Yes,Yes,Yes,Two year,No,Credit card (automatic),63.9,3334.95,0,0.020181686848428592,0
9755-JHNMN,Female,0,No,No,49,Yes,No,DSL,Yes,Yes,Yes,Yes,No,No,Two year,No,Bank transfer (automatic),67.4,3306.85,0,0.006990889586316038,0
7369-TRPFD,Male,0,No,No,19,Yes,No,No,No internet service,No internet service,No internet service,No internet service,No internet service,No internet service,One year,No,Mailed check,18.8,279.2,0,0.05110861677861757,0
9878-TNQGW,Male,0,No,No,2,Yes,No,Fiber optic,No,No,No,No,No,Yes,Month-to-month,Yes,Electronic check,80.95,171.15,1,0.7334085985080976,1
2279-AXJJK,Male,0,Yes,No,52,Yes,Yes,Fiber optic,No,Yes,No,Yes,No,Yes,Month-to-month,Yes,Credit card (automatic),95.65,5088.4,0,0.2621946088929008,0
5016-IBERQ,Male,0,Yes,No,23,Yes,Yes,Fiber optic,No,Yes,Yes,No,No,No,Month-to-month,No,Electronic check,84.25,1968.1,0,0.4880171088835941,1
1016-DJTSV,Male,1,No,No,8,Yes,No,Fiber optic,No,No,No,No,No,No,Month-to-month,Yes,Electronic check,69.7,572.85,0,0.6908331269394834,1
8433-WPJTV,Female,1,Yes,Yes,65,Yes,Yes,Fiber optic,No,No,Yes,Yes,Yes,Yes,One year,Yes,Bank transfer (automatic),103.9,6767.1,0,0.16727327555529323,0
8903-XEBGX,Male,0,No,Yes,2,Yes,No,DSL,No,No,No,No,No,Yes,Month-to-month,Yes,Electronic check,55.3,108.65,0,0.5050568859171808,1
2632-TACXW,Female,0,Yes,No,62,Yes,Yes,No,No internet service,No internet service,No internet service,No internet service,No internet service,No internet service,Two year,No,Bank transfer (automatic),23.65,1416.75,0,0.00469306243005755,0
7952-OBOYL,Male,0,No,No,3,Yes,No,Fiber optic,No,No,Yes,Yes,Yes,No,Month-to-month,Yes,Mailed check,89.85,244.45,0,0.5779776212664373,1
1470-PSXNM,Male,0,Yes,Yes,49,Yes,Yes,Fiber optic,No,Yes,Yes,No,Yes,No,One year,Yes,Electronic check,93.65,4520.15,0,0.25457262865095054,0
6227-HWPWX,Female,0,No,Yes,15,Yes,No,Fiber optic,No,No,No,No,No,No,Month-to-month,No,Bank transfer (automatic),69.0,994.8,1,0.3628454003026997,1
5924-SNGKP,Female,0,No,Yes,41,Yes,No,No,No internet service,No internet service,No internet service,No internet service,No internet service,No internet service,One year,Yes,Credit card (automatic),20.25,865.0,0,0.017981449256672364,0
8818-DOPVL,Female,1,No,No,46,Yes,Yes,Fiber optic,No,Yes,Yes,No,Yes,Yes,Month-to-month,Yes,Electronic check,104.45,4863.85,0,0.5890396959989473,1
4521-WFJAI,Male,0,No,No,56,Yes,Yes,No,No internet service,No internet service,No internet service,No internet service,No internet service,No internet service,Two year,Yes,Bank transfer (automatic),25.95,1444.05,0,0.008110424228697427,0
4724-WXVWF,Male,0,No,No,48,Yes,Yes,Fiber optic,Yes,No,No,Yes,No,Yes,Month-to-month,Yes,Electronic check,95.4,4445.3,0,0.30547331800630795,0
3717-OEAUQ,Male,0,No,No,2,Yes,No,Fiber optic,No,No,No,No,No,No,Month-to-month,No,Mailed check,70.7,129.2,0,0.5301013096181572,1
8165-ZJRNM,Female,0,Yes,Yes,72,Yes,Yes,No,No internet service,No internet service,No internet service,No internet service,No internet service,No internet service,Two year,No,Bank transfer (automatic),23.75,1679.25,0,0.0023569137682799978,0
7838-LAZFO,Male,0,Yes,No,45,Yes,No,DSL,Yes,Yes,Yes,No,Yes,Yes,One year,No,Bank transfer (automatic),78.8,3597.5,0,0.050995527855733434,0
0513-RBGPE,Male,0,Yes,Yes,37,Yes,Yes,DSL,Yes,No,Yes,Yes,No,No,Two year,Yes,Credit card (automatic),62.8,2278.75,0,0.025042244600670362,0
7251-XFOIL,Female,0,No,No,61,Yes,Yes,Fiber optic,No,No,Yes,No,No,Yes,Month-to-month,No,Mailed check,89.2,5500.6,0,0.24791660576860491,0
2525-GVKQU,Female,0,No,No,60,Yes,No,No,No internet service,No internet service,No internet service,No internet service,No internet service,No internet service,Two year,No,Mailed check,20.6,1093.0,0,0.0033899482434293572,0
7579-OOPEC,Female,1,Yes,No,2,Yes,No,DSL,No,Yes,No,No,No,No,Month-to-month,No,Credit card (automatic),50.15,115.1,1,0.31367583870846766,0
3795-GWTRD,Female,0,Yes,Yes,63,Yes,No,DSL,Yes,Yes,Yes,Yes,Yes,No,Two year,No,Credit card (automatic),75.55,4707.85,0,0.0052775630818849865,0
4750-ZRXIU,Female,1,No,No,4,Yes,Yes,Fiber optic,No,No,No,No,No,Yes,Month-to-month,Yes,Electronic check,84.6,360.1,1,0.8093952295332226,1
5445-PZWGX,Male,0,No,No,62,Yes,Yes,Fiber optic,Yes,Yes,No,Yes,No,Yes,One year,No,Electronic check,102.0,6529.25,1,0.0841513991949759,0
0516-UXRMT,Female,0,No,No,62,Yes,Yes,Fiber optic,Yes,Yes,Yes,No,No,No,One year,Yes,Electronic check,92.05,5755.8,0,0.10700754354772964,0
0727-BNRLG,Male,0,No,No,69,Yes,Yes,Fiber optic,No,Yes,Yes,Yes,Yes,No,Two year,Yes,Credit card (automatic),97.65,6743.55,0,0.05930744786199021,0
3932-CMDTD,Female,0,No,No,4,Yes,No,Fiber optic,No,Yes,Yes,Yes,Yes,Yes,One year,Yes,Electronic check,105.65,443.9,1,0.47110792196135487,1
1264-FUHCX,Female,0,Yes,No,49,No,No phone service,DSL,No,Yes,No,Yes,Yes,Yes,One year,Yes,Credit card (automatic),56.3,2780.6,0,0.07588154396222863,0
6194-HBGQN,Male,0,No,No,51,Yes,Yes,DSL,Yes,Yes,Yes,Yes,Yes,No,One year,Yes,Credit card (automatic),81.15,4126.2,0,0.03778236089358493,0
4524-QCSSM,Male,0,No,No,26,No,No phone service,DSL,Yes,Yes,No,No,No,Yes,Month-to-month,Yes,Bank transfer (automatic),44.65,1156.55,0,0.24287644523477914,0
4570-QHXHL,Female,0,No,No,9,Yes,No,DSL,No,No,No,No,No,No,Month-to-month,Yes,Electronic check,43.75,405.7,0,0.4522958767886471,1
2972-YDYUW,Female,0,No,No,57,Yes,Yes,Fiber optic,No,Yes,No,Yes,No,Yes,One year,No,Electronic check,94.7,5468.95,0,0.13683810772390798,0
2061-VVFST,Female,0,Yes,No,37,Yes,No,No,No internet service,No internet service,No internet service,No internet service,No internet service,No internet service,Month-to-month,No,Bank transfer (automatic),19.5,805.2,0,0.040645456634460946,0
6874-SGLHU,Male,0,No,No,30,Yes,No,Fiber optic,No,Yes,No,No,Yes,Yes,One year,Yes,Bank transfer (automatic),97.0,3021.3,0,0.2962665814685013,0
9844-FELAJ,Female,1,Yes,Yes,70,Yes,Yes,Fiber optic,No,Yes,Yes,Yes,Yes,Yes,One year,Yes,Electronic check,107.9,7475.85,0,0.1935226253967804,0
1902-XBTFB,Male,0,No,Yes,22,Yes,No,Fiber optic,No,Yes,Yes,No,Yes,No,Month-to-month,Yes,Electronic check,89.4,2001.5,1,0.5149118787109883,1
9039-RBEEE,Male,0,No,No,39,No,No phone service,DSL,Yes,Yes,No,Yes,Yes,No,Month-to-month,Yes,Credit card (automatic),48.95,1880.85,1,0.11941577647792889,0
9369-XFEHK,Female,1,Yes,No,33,Yes,Yes,Fiber optic,No,Yes,No,No,No,No,Month-to-month,Yes,Bank transfer (automatic),80.6,2656.5,1,0.4173133522457474,1
3680-CTHUH,Male,0,No,No,60,Yes,Yes,Fiber optic,Yes,Yes,Yes,Yes,Yes,Yes,One year,Yes,Credit card (automatic),116.6,7049.5,0,0.11955780353244813,0
3679-XASPY,Female,0,Yes,Yes,1,Yes,No,No,No internet service,No internet service,No internet service,No internet service,No internet service,No internet service,Month-to-month,No,Electronic check,19.45,19.45,0,0.21445064047465562,0
9089-UOWJG,Female,0,Yes,Yes,12,Yes,No,DSL,No,No,Yes,No,Yes,No,Month-to-month,Yes,Credit card (automatic),58.35,740.55,0,0.33537348332184563,0
1574-DYCWE,Female,0,Yes,Yes,51,Yes,No,No,No internet service,No internet service,No internet service,No internet service,No internet service,No internet service,Two year,No,Mailed check,19.95,1028.75,0,0.004547242162795461,0
9779-DPNEJ,Female,0,Yes,Yes,22,Yes,No,Fiber optic,No,No,No,No,No,Yes,Month-to-month,Yes,Electronic check,80.15,1790.65,0,0.5473508053699241,1
2967-MXRAV,Male,0,Yes,Yes,1,Yes,No,No,No internet service,No internet service,No internet service,No internet service,No internet service,No internet service,One year,No,Mailed check,18.8,18.8,0,0.0960039826109295,0
0327-WFZSY,Male,0,Yes,Yes,39,Yes,Yes,Fiber optic,No,No,Yes,No,Yes,Yes,One year,No,Electronic check,100.0,3835.55,0,0.31602576531481147,0
1731-TVIUK,Female,0,No,No,4,Yes,Yes,Fiber optic,No,Yes,No,Yes,No,Yes,Month-to-month,Yes,Electronic check,93.5,362.2,1,0.6917273431308277,1
7666-WKRON,Female,0,No,No,39,Yes,No,Fiber optic,No,No,Yes,Yes,No,No,Two year,Yes,Electronic check,80.45,3201.55,1,0.10214908540114546,0
3865-ZYKAD,Male,1,Yes,No,69,Yes,Yes,Fiber optic,Yes,Yes,No,No,No,No,Month-to-month,Yes,Credit card (automatic),84.9,5785.65,0,0.13828615645659983,0
1465-LNTLJ,Male,1,Yes,No,8,Yes,No,DSL,No,No,Yes,Yes,No,Yes,Month-to-month,Yes,Credit card (automatic),64.4,581.7,0,0.3631768725984852,1
2696-RZVZW,Male,0,Yes,No,68,Yes,Yes,No,No internet service,No internet service,No internet service,No internet service,No internet service,No internet service,Two year,No,Credit card (automatic),25.05,1629.2,0,0.0033032626027870004,0
0685-MLYYM,Female,1,No,No,2,Yes,No,Fiber optic,No,No,No,No,No,No,Month-to-month,No,Electronic check,70.75,154.85,1,0.6358359673921057,1
2778-OCLGR,Male,1,Yes,No,24,No,No phone service,DSL,Yes,No,No,No,No,Yes,Month-to-month,No,Bank transfer (automatic),39.1,971.3,1,0.2569212455934589,0
3982-XWFZQ,Female,0,Yes,No,42,Yes,Yes,DSL,No,No,No,No,No,No,Month-to-month,Yes,Electronic check,50.25,2203.65,1,0.21995163125574368,0
4759-PXTAN,Female,0,Yes,No,59,Yes,Yes,DSL,No,Yes,No,Yes,Yes,Yes,One year,Yes,Electronic check,80.1,4693.2,0,0.08682710124115817,0
1448-PWKYE,Male,0,Yes,Yes,1,Yes,No,Fiber optic,No,No,No,No,No,Yes,Month-to-month,No,Electronic check,80.0,80.0,1,0.6289259687355995,1
8741-LQOBK,Female,0,Yes,Yes,46,No,No phone service,DSL,Yes,Yes,No,No,No,No,Month-to-month,No,Bank transfer (automatic),35.05,1620.25,0,0.05163597971593689,0
8650-RHRKE,Male,0,No,No,4,No,No phone service,DSL,No,No,Yes,No,No,No,Month-to-month,Yes,Electronic check,29.65,118.5,1,0.6219942608823694,1
7266-GSSJX,Male,0,Yes,Yes,11,Yes,No,No,No internet service,No internet service,No internet service,No internet service,No internet service,No internet service,Month-to-month,Yes,Electronic check,20.45,250.8,0,0.19201503912686785,0
1265-HVPZB,Male,0,Yes,No,59,Yes,No,DSL,Yes,Yes,Yes,No,Yes,No,One year,No,Credit card (automatic),66.4,3958.2,0,0.02504441039429787,0
9640-ZSLDC,Female,0,Yes,Yes,53,Yes,No,DSL,No,No,Yes,No,No,Yes,One year,No,Credit card (automatic),60.6,3297.0,0,0.03208847544661374,0
0988-JRWWP,Female,0,No,No,3,Yes,No,DSL,No,No,No,No,Yes,No,Month-to-month,Yes,Electronic check,54.2,140.4,0,0.5609638745982864,1
1926-QUZNN,Female,0,Yes,No,72,Yes,Yes,No,No internet service,No internet service,No internet service,No internet service,No internet service,No internet service,Two year,Yes,Bank transfer (automatic),25.25,1841.2,0,0.004043064681564993,0
9025-ZRPVR,Male,0,No,No,9,Yes,No,No,No internet service,No internet service,No internet service,No internet service,No internet service,No internet service,Month-to-month,Yes,Mailed check,18.95,185.6,1,0.2040730923039253,0
6527-PZFPV,Male,0,Yes,Yes,24,Yes,No,No,No internet service,No internet service,No internet service,No internet service,No internet service,No internet service,One year,Yes,Credit card (automatic),20.8,469.65,0,0.03932240204302501,0
7460-ITWWP,Female,1,Yes,No,45,Yes,No,Fiber optic,No,No,Yes,No,No,Yes,Month-to-month,Yes,Electronic check,86.1,3861.45,0,0.4414784164878499,1
1530-ZTDOZ,Female,0,Yes,No,49,No,No phone service,DSL,Yes,No,No,No,Yes,No,Month-to-month,No,Bank transfer (automatic),40.65,2070.75,0,0.08565201686491376,0
4785-FCIFB,Female,0,Yes,No,61,Yes,Yes,No,No internet service,No internet service,No internet service,No internet service,No internet service,No internet service,Two year,No,Mailed check,24.4,1417.9,0,0.005093577488717264,0
9717-QEBGU,Male,0,No,No,2,Yes,No,Fiber optic,No,No,No,No,No,No,Month-to-month,Yes,Electronic check,70.3,144.0,0,0.6961886332708862,1
0876-WDUUZ,Female,0,No,No,5,Yes,No,Fiber optic,No,No,No,Yes,No,Yes,Month-to-month,Yes,Credit card (automatic),85.4,425.9,1,0.5357556173429874,1
7881-EVUAD,Female,0,No,No,2,No,No phone service,DSL,Yes,Yes,No,No,No,Yes,Month-to-month,Yes,Electronic check,42.6,72.4,1,0.5857325692917682,1
4002-BQWPQ,Male,0,No,No,25,Yes,Yes,DSL,Yes,Yes,Yes,Yes,No,Yes,Month-to-month,No,Bank transfer (automatic),81.75,2028.8,0,0.1110742587001584,0
6377-WHAOX,Female,0,Yes,No,60,Yes,Yes,Fiber optic,No,Yes,Yes,No,Yes,Yes,Month-to-month,Yes,Electronic check,106.15,6411.25,0,0.445354733154459,1
5027-YOCXN,Male,0,Yes,Yes,51,Yes,Yes,Fiber optic,Yes,Yes,No,Yes,Yes,Yes,One year,No,Credit card (automatic),110.05,5686.4,0,0.09136906955251305,0
8450-JOVAH,Male,0,Yes,Yes,2,Yes,Yes,DSL,Yes,No,No,No,No,No,Month-to-month,No,Mailed check,56.7,113.55,1,0.2527041182969533,0
6646-QVXLR,Male,1,Yes,No,62,Yes,Yes,Fiber optic,No,Yes,Yes,No,Yes,Yes,One year,Yes,Electronic check,103.75,6383.35,1,0.3293851440758254,0
0254-KCJGT,Male,0,Yes,No,52,Yes,Yes,DSL,Yes,Yes,Yes,Yes,No,Yes,One year,Yes,Credit card (automatic),81.4,4354.45,0,0.03819040531278511,0
3442-ZHHCC,Male,0,No,No,68,Yes,Yes,DSL,Yes,Yes,Yes,No,No,Yes,One year,Yes,Credit card (automatic),76.9,5023.0,0,0.027204416117966267,0
9167-APMXZ,Female,0,No,No,22,Yes,Yes,Fiber optic,No,No,No,No,Yes,No,Month-to-month,Yes,Bank transfer (automatic),84.15,1821.95,0,0.5891543540600241,1
0616-ATFGB,Male,1,Yes,No,1,No,No phone service,DSL,No,No,No,No,No,No,Month-to-month,No,Electronic check,25.05,25.05,1,0.610312021602192,1
7273-TEFQD,Male,1,No,No,3,No,No phone service,DSL,No,No,Yes,No,No,Yes,Month-to-month,Yes,Electronic check,41.15,132.2,1,0.6947960467058429,1
8245-UMPYT,Female,1,No,No,16,Yes,Yes,Fiber optic,No,No,No,No,Yes,Yes,Month-to-month,Yes,Electronic check,96.4,1581.2,1,0.7727282670581449,1
6022-UGGSO,Female,1,No,No,32,Yes,No,Fiber optic,No,Yes,No,No,No,No,Month-to-month,Yes,Electronic check,74.4,2276.95,1,0.44508607782677295,1
6292-TOSSS,Male,0,No,No,50,Yes,Yes,No,No internet service,No internet service,No internet service,No internet service,No internet service,No internet service,Two year,No,Bank transfer (automatic),24.9,1195.25,0,0.007709657733806708,0
5207-PLSTK,Male,0,Yes,Yes,1,Yes,No,DSL,Yes,No,No,No,No,No,Month-to-month,Yes,Mailed check,48.75,48.75,0,0.31474836302576675,0
3908-BLSYF,Female,0,No,No,6,Yes,No,Fiber optic,No,No,Yes,No,No,Yes,Month-to-month,No,Electronic check,83.9,497.55,1,0.6397940747234508,1
4317-VTEOA,Male,0,No,No,1,Yes,No,DSL,No,Yes,No,No,No,No,Month-to-month,Yes,Electronic check,50.75,50.75,1,0.46322134560084216,1
0625-AFOHS,Female,0,Yes,Yes,29,Yes,No,No,No internet service,No internet service,No internet service,No internet service,No internet service,No internet service,Two year,No,Mailed check,20.2,558.8,0,0.012567550089779783,0
4667-OHGKG,Male,0,No,No,1,Yes,No,No,No internet service,No internet service,No internet service,No internet service,No internet service,No internet service,Month-to-month,Yes,Mailed check,19.3,19.3,1,0.26826785008228177,0
2386-OWURY,Female,0,No,No,58,Yes,No,Fiber optic,No,No,No,Yes,Yes,Yes,Month-to-month,Yes,Electronic check,95.3,5817.7,0,0.34045973357398795,0
3780-DDGSE,Male,1,Yes,Yes,35,Yes,No,DSL,No,Yes,No,Yes,Yes,Yes,Month-to-month,Yes,Electronic check,76.05,2747.2,0,0.21732495378732225,0
1047-RNXZV,Male,0,No,No,43,Yes,No,No,No internet service,No internet service,No internet service,No internet service,No internet service,No internet service,Two year,No,Mailed check,19.55,876.15,0,0.00853211185491561,0
3926-YZVVX,Female,0,No,No,41,Yes,No,DSL,No,No,No,Yes,No,No,One year,No,Bank transfer (automatic),50.05,2029.05,0,0.032970961721615906,0
4742-TXUEX,Female,0,Yes,Yes,47,Yes,No,No,No internet service,No internet service,No internet service,No internet service,No internet service,No internet service,Two year,No,Bank transfer (automatic),19.3,890.5,0,0.005228496796113651,0
8709-KRDVL,Female,0,No,No,33,Yes,Yes,Fiber optic,No,Yes,No,No,Yes,Yes,Month-to-month,Yes,Electronic check,100.0,3320.6,0,0.6275554554628956,1
0397-ZXWQF,Male,0,No,No,67,Yes,No,No,No internet service,No internet service,No internet service,No internet service,No internet service,No internet service,Two year,No,Bank transfer (automatic),20.5,1430.95,0,0.0024357570303950994,0
3910-MRQOY,Female,0,Yes,No,72,Yes,No,No,No internet service,No internet service,No internet service,No internet service,No internet service,No internet service,Two year,No,Bank transfer (automatic),19.4,1496.45,0,0.002036536430238729,0
2511-MORQY,Male,0,Yes,Yes,50,Yes,Yes,DSL,No,No,Yes,No,No,No,One year,No,Bank transfer (automatic),54.9,2614.1,0,0.036903446573730285,0
4039-PIMHX,Male,1,Yes,No,49,Yes,No,DSL,No,Yes,No,No,No,No,Two year,No,Mailed check,49.8,2398.4,0,0.019654518032045914,0
8083-YTZES,Male,0,No,No,4,Yes,Yes,Fiber optic,No,No,No,No,No,No,Month-to-month,Yes,Electronic check,74.35,265.35,1,0.7498638947321671,1
1346-PJWTK,Male,0,Yes,No,61,Yes,No,Fiber optic,No,Yes,Yes,Yes,No,Yes,Month-to-month,No,Credit card (automatic),94.15,5731.85,0,0.12431281732400391,0
3750-YHRYO,Male,0,Yes,Yes,7,Yes,No,No,No internet service,No internet service,No internet service,No internet service,No internet service,No internet service,One year,No,Mailed check,20.65,150.0,0,0.06655746346423945,0
1236-WFCDV,Male,1,No,No,14,Yes,No,Fiber optic,No,No,No,No,Yes,Yes,Month-to-month,No,Credit card (automatic),90.45,1266.1,1,0.5661621468929972,1
5949-HGVJL,Female,0,Yes,No,26,Yes,No,DSL,No,Yes,No,Yes,Yes,Yes,Month-to-month,Yes,Electronic check,73.05,1959.5,0,0.31832007967890125,0
9112-WSNPU,Female,1,No,No,35,Yes,No,Fiber optic,No,No,No,No,No,No,Month-to-month,No,Electronic check,70.55,2419.0,0,0.3545218082389713,1
1360-JYXKQ,Female,1,Yes,No,54,Yes,No,Fiber optic,No,No,Yes,Yes,Yes,Yes,One year,Yes,Electronic check,99.1,5437.1,0,0.25996618049825165,0
3585-ISXZP,Female,0,No,No,8,Yes,Yes,Fiber optic,No,No,No,No,Yes,Yes,Month-to-month,No,Bank transfer (automatic),95.65,778.1,1,0.6430010586796021,1
8380-PEFPE,Male,0,No,Yes,1,Yes,No,Fiber optic,No,No,No,No,No,No,Month-to-month,Yes,Electronic check,71.65,71.65,1,0.6353455651293644,1
9402-ROUMJ,Female,0,Yes,Yes,67,Yes,Yes,Fiber optic,Yes,No,Yes,Yes,No,Yes,One year,Yes,Bank transfer (automatic),100.25,6689.0,0,0.06900870244194106,0
4335-UPJSI,Female,0,No,Yes,24,Yes,No,No,No internet service,No internet service,No internet service,No internet service,No internet service,No internet service,Two year,No,Mailed check,19.75,498.1,0,0.01616236877141489,0
6096-EGVTU,Female,0,Yes,Yes,64,Yes,Yes,No,No internet service,No internet service,No internet service,No internet service,No internet service,No internet service,One year,No,Mailed check,24.9,1595.5,0,0.006895506803660032,0
8988-ECPJR,Female,1,Yes,Yes,34,Yes,Yes,Fiber optic,No,Yes,No,No,No,No,Month-to-month,Yes,Mailed check,79.6,2718.3,1,0.3877804251980422,1
7677-SJJJK,Male,0,Yes,Yes,8,Yes,No,No,No internet service,No internet service,No internet service,No internet service,No internet service,No internet service,One year,No,Credit card (automatic),19.9,153.95,0,0.06027899046410766,0
5850-BDWCY,Female,0,No,No,6,Yes,No,No,No internet service,No internet service,No internet service,No internet service,No internet service,No internet service,Month-to-month,No,Mailed check,20.2,123.65,0,0.15593934105531707,0
2025-JKFWI,Male,0,No,No,13,Yes,Yes,Fiber optic,No,No,No,Yes,Yes,Yes,Month-to-month,Yes,Mailed check,99.0,1301.7,1,0.6574151264965014,1
8028-PNXHQ,Male,0,Yes,Yes,62,Yes,Yes,No,No internet service,No internet service,No internet service,No internet service,No internet service,No internet service,Two year,Yes,Bank transfer (automatic),24.25,1424.6,0,0.005353951757517508,0
8397-MVTAZ,Male,0,Yes,No,34,Yes,Yes,Fiber optic,No,No,Yes,No,Yes,Yes,Month-to-month,Yes,Electronic check,100.05,3480.0,1,0.6659034168052309,1
4445-ZJNMU,Male,0,No,No,9,Yes,Yes,Fiber optic,No,Yes,No,No,Yes,Yes,Month-to-month,Yes,Credit card (automatic),99.3,918.75,0,0.6978913038882403,1
3125-RAHBV,Male,0,No,No,22,Yes,No,No,No internet service,No internet service,No internet service,No internet service,No internet service,No internet service,One year,No,Credit card (automatic),20.3,467.15,0,0.0381762490678178,0
6682-QJDGB,Male,0,No,Yes,40,Yes,No,DSL,Yes,Yes,No,No,No,No,Month-to-month,Yes,Mailed check,55.25,2139.2,1,0.06872925323048552,0
8840-DQLGN,Female,1,Yes,No,35,Yes,Yes,Fiber optic,Yes,Yes,No,Yes,Yes,No,Month-to-month,Yes,Bank transfer (automatic),100.5,3653.35,1,0.3163979038086234,0
6258-NGCNG,Male,0,No,No,7,Yes,Yes,No,No internet service,No internet service,No internet service,No internet service,No internet service,No internet service,Month-to-month,No,Mailed check,23.5,173.0,0,0.21138275125890613,0
5917-RYRMG,Male,1,No,No,32,Yes,No,No,No internet service,No internet service,No internet service,No internet service,No internet service,No internet service,One year,No,Credit card (automatic),19.8,587.7,0,0.02803046195889051,0
7157-SMCFK,Male,0,No,Yes,61,Yes,No,No,No internet service,No internet service,No internet service,No internet service,No internet service,No internet service,Two year,No,Mailed check,19.75,1124.2,0,0.0027940238373304915,0
0816-TSPHQ,Male,0,No,No,2,Yes,No,No,No internet service,No internet service,No internet service,No internet service,No internet service,No internet service,Month-to-month,No,Mailed check,20.75,44.2,0,0.18089134870268153,0
6766-HFKLA,Female,0,Yes,No,56,Yes,Yes,Fiber optic,No,No,Yes,Yes,Yes,Yes,Two year,No,Bank transfer (automatic),103.2,5744.35,0,0.09036449924871473,0
7067-KSAZT,Female,1,Yes,No,65,Yes,Yes,Fiber optic,No,Yes,Yes,No,Yes,Yes,One year,Yes,Electronic check,106.25,6979.8,1,0.2896103561565495,0
5155-AZQPB,Female,0,Yes,Yes,28,Yes,Yes,DSL,No,No,No,No,No,No,Month-to-month,No,Mailed check,49.9,1410.25,0,0.16652724925330076,0
6890-PFRQX,Male,0,No,No,18,Yes,Yes,DSL,Yes,No,Yes,No,Yes,No,Month-to-month,No,Mailed check,69.5,1199.4,0,0.2418140916490806,0
3508-VLHCZ,Female,0,Yes,Yes,71,Yes,Yes,DSL,Yes,Yes,Yes,Yes,Yes,Yes,Two year,Yes,Credit card (automatic),90.55,6239.05,0,0.012068050174639305,0
3649-JPUGY,Male,0,No,No,72,Yes,Yes,DSL,No,Yes,Yes,Yes,Yes,Yes,Two year,Yes,Bank transfer (automatic),88.6,6201.95,0,0.018341091926596467,0
9248-OJYKK,Male,1,No,No,1,Yes,Yes,Fiber optic,No,No,No,No,No,No,Month-to-month,Yes,Electronic check,76.45,76.45,1,0.7725902567707543,1
7239-HZZCX,Male,0,No,No,1,Yes,No,No,No internet service,No internet service,No internet service,No internet service,No internet service,No internet service,Month-to-month,No,Mailed check,19.75,19.75,1,0.19759124567967792,0
9860-LISIZ,Female,0,No,No,34,Yes,No,No,No internet service,No internet service,No internet service,No internet service,No internet service,No internet service,Month-to-month,No,Mailed check,20.35,673.2,0,0.04589987124576859,0
6979-ZNSFF,Female,0,No,No,8,Yes,Yes,Fiber optic,No,No,No,No,Yes,No,Month-to-month,Yes,Electronic check,87.05,762.1,1,0.7382093556878652,1
8938-UMKPI,Female,0,No,No,47,Yes,Yes,Fiber optic,No,Yes,Yes,No,Yes,Yes,Month-to-month,Yes,Electronic check,106.4,5127.95,1,0.5265679055127208,1
1820-DJFPH,Female,0,Yes,Yes,72,Yes,Yes,No,No internet service,No internet service,No internet service,No internet service,No internet service,No internet service,Two year,Yes,Bank transfer (automatic),24.05,1709.15,0,0.0033707981135602688,0
0732-OCQOC,Female,0,Yes,Yes,52,Yes,Yes,No,No internet service,No internet service,No internet service,No internet service,No internet service,No internet service,Two year,Yes,Bank transfer (automatic),25.05,1270.25,0,0.008091329498348846,0
6776-TLWOI,Male,0,No,No,3,Yes,No,No,No internet service,No internet service,No internet service,No internet service,No internet service,No internet service,Month-to-month,No,Mailed check,19.85,64.55,1,0.18217109963137096,0
4940-KHCWD,Female,0,Yes,No,60,No,No phone service,DSL,Yes,Yes,No,Yes,No,No,Two year,No,Bank transfer (automatic),37.7,2288.7,0,0.007728034595167758,0
9057-SIHCH,Female,0,No,No,3,Yes,Yes,Fiber optic,No,No,No,No,Yes,Yes,Month-to-month,Yes,Electronic check,96.6,291.9,1,0.8063525018664357,1
9866-QEVEE,Male,0,No,No,19,Yes,Yes,Fiber optic,No,No,No,No,No,Yes,Month-to-month,Yes,Bank transfer (automatic),86.0,1532.45,1,0.5875091973535849,1
5542-TBBWB,Male,0,No,No,1,Yes,No,Fiber optic,No,No,No,No,No,No,Month-to-month,Yes,Electronic check,69.9,69.9,0,0.7085222745130798,1
4587-VVTOX,Female,0,Yes,No,6,Yes,Yes,Fiber optic,No,Yes,Yes,No,Yes,Yes,Month-to-month,Yes,Electronic check,105.3,545.2,1,0.769249491101353,1
6322-HRPFA,Male,0,Yes,Yes,49,Yes,No,DSL,Yes,Yes,No,Yes,No,No,Month-to-month,No,Credit card (automatic),59.6,2970.3,0,0.025156530432319163,0
6284-AHOOQ,Male,1,No,No,22,Yes,Yes,Fiber optic,No,No,No,Yes,Yes,No,Month-to-month,Yes,Bank transfer (automatic),90.5,1910.6,1,0.5225250714615378,1
4530-NDRKU,Female,0,Yes,Yes,42,Yes,No,No,No internet service,No internet service,No internet service,No internet service,No internet service,No internet service,One year,Yes,Electronic check,19.05,761.85,0,0.027326629388854495,0
1751-NCDLI,Male,1,Yes,No,46,Yes,Yes,Fiber optic,No,No,Yes,No,Yes,Yes,Month-to-month,Yes,Electronic check,98.85,4564.9,0,0.6343087015110058,1
3893-JRNFS,Male,0,No,No,68,No,No phone service,DSL,No,No,Yes,No,No,Yes,Month-to-month,Yes,Bank transfer (automatic),39.9,2796.35,0,0.08436577227563262,0
5857-XRECV,Female,0,No,Yes,2,Yes,No,No,No internet service,No internet service,No internet service,No internet service,No internet service,No internet service,One year,No,Bank transfer (automatic),20.5,38.25,0,0.07478620392341616,0
3115-CZMZD,Male,0,No,Yes,0,Yes,No,No,No internet service,No internet service,No internet service,No internet service,No internet service,No internet service,Two year,No,Mailed check,20.25,0.0,0,0.04836744293138796,0
4489-SNOJF,Female,0,Yes,Yes,35,Yes,Yes,DSL,Yes,No,Yes,Yes,Yes,No,Month-to-month,No,Electronic check,72.25,2568.55,1,0.13642784667486124,0
1051-GEJLJ,Female,0,No,No,2,Yes,No,No,No internet service,No internet service,No internet service,No internet service,No internet service,No internet service,Month-to-month,No,Mailed check,19.5,27.55,0,0.1886793167061109,0
3563-SVYLG,Male,0,Yes,Yes,68,Yes,No,DSL,Yes,Yes,Yes,Yes,No,No,Two year,No,Credit card (automatic),62.65,4375.8,0,0.003692310209863348,0
4301-VVZKA,Male,0,Yes,No,16,Yes,Yes,Fiber optic,No,No,No,No,No,No,Month-to-month,Yes,Electronic check,75.4,1189.4,0,0.6577801550819028,1
9351-HXDMR,Male,0,Yes,No,72,Yes,Yes,Fiber optic,Yes,No,Yes,Yes,Yes,Yes,Two year,Yes,Credit card (automatic),110.9,8240.85,0,0.059920985551730685,0
5161-XEUVX,Male,0,Yes,No,37,Yes,Yes,Fiber optic,No,No,Yes,Yes,Yes,No,Two year,No,Mailed check,94.3,3460.95,0,0.11215260485583477,0
3088-FVYWK,Male,0,Yes,Yes,53,Yes,Yes,No,No internet service,No internet service,No internet service,No internet service,No internet service,No internet service,Two year,No,Credit card (automatic),25.55,1336.1,0,0.005226147337034388,0
9812-GHVRI,Female,0,No,No,40,Yes,Yes,Fiber optic,No,No,No,No,No,Yes,Month-to-month,No,Bank transfer (automatic),83.85,3532.25,0,0.37567907155431224,1
1370-GGAWX,Female,0,No,No,46,Yes,Yes,Fiber optic,No,Yes,Yes,No,No,Yes,One year,Yes,Electronic check,94.15,4408.45,0,0.31149786776100546,0
6023-YEBUP,Male,0,No,No,3,Yes,Yes,Fiber optic,No,No,Yes,No,Yes,Yes,Month-to-month,Yes,Electronic check,100.95,329.95,1,0.8106229953535181,1
9940-RHLFB,Female,0,No,No,1,Yes,No,Fiber optic,No,No,Yes,No,No,No,Month-to-month,No,Electronic check,75.3,75.3,1,0.6053617019521458,1
4541-RMRLG,Male,0,No,No,7,Yes,No,No,No internet service,No internet service,No internet service,No internet service,No internet service,No internet service,Month-to-month,No,Electronic check,19.25,112.3,1,0.2053948334657952,0
2606-RMDHZ,Male,0,No,No,6,No,No phone service,DSL,No,Yes,No,No,No,No,Month-to-month,Yes,Credit card (automatic),30.5,208.7,1,0.452812961138291,1
5575-TPIZQ,Male,0,No,No,46,Yes,Yes,Fiber optic,Yes,No,No,No,Yes,No,Month-to-month,Yes,Credit card (automatic),89.15,4245.55,0,0.32644202377949905,0
9378-FXTIZ,Female,0,Yes,No,54,Yes,Yes,DSL,No,No,No,No,Yes,Yes,One year,Yes,Credit card (automatic),70.15,3715.65,1,0.10085805112951296,0
4631-OACRM,Male,1,No,No,15,Yes,No,Fiber optic,No,No,No,No,No,Yes,Month-to-month,Yes,Electronic check,79.4,1156.1,1,0.6936242210816205,1
8593-WHYHV,Male,0,No,No,3,Yes,Yes,Fiber optic,No,No,No,No,No,Yes,Month-to-month,Yes,Electronic check,85.3,264.8,1,0.7871172435800315,1
1403-GYAFU,Male,0,Yes,Yes,70,Yes,No,No,No internet service,No internet service,No internet service,No internet service,No internet service,No internet service,Two year,No,Credit card (automatic),20.05,1360.25,0,0.0016740579562960001,0
7641-TQFHN,Male,0,No,Yes,39,Yes,Yes,Fiber optic,No,No,No,Yes,Yes,Yes,Two year,No,Mailed check,100.55,3895.35,0,0.10648510790786386,0
4237-CLSMM,Male,0,Yes,No,2,Yes,No,No,No internet service,No internet service,No internet service,No internet service,No internet service,No internet service,Month-to-month,No,Mailed check,20.0,38.0,0,0.19089290451117263,0
4360-PNRQB,Male,0,No,No,18,Yes,Yes,Fiber optic,No,No,No,No,No,No,Month-to-month,Yes,Bank transfer (automatic),75.6,1395.05,0,0.5449485627911076,1
5334-AFQJB,Male,1,No,No,72,Yes,Yes,No,No internet service,No internet service,No internet service,No internet service,No internet service,No internet service,Two year,Yes,Credit card (automatic),25.1,1789.9,0,0.0045496724483087775,0
9308-ANMVE,Male,0,No,Yes,47,Yes,No,DSL,Yes,Yes,No,No,No,No,Month-to-month,Yes,Electronic check,55.3,2654.05,0,0.07318063469871224,0
3530-VWVGU,Female,0,Yes,Yes,22,Yes,No,No,No internet service,No internet service,No internet service,No internet service,No internet service,No internet service,Month-to-month,No,Mailed check,19.9,400.3,0,0.06621445895771008,0
4674-HGNUA,Male,0,Yes,Yes,71,Yes,Yes,DSL,Yes,Yes,Yes,Yes,Yes,Yes,Two year,No,Credit card (automatic),89.9,6457.15,0,0.009399347426709746,0
3030-YDNRM,Male,0,No,No,8,Yes,Yes,Fiber optic,No,No,No,No,No,No,Month-to-month,Yes,Electronic check,74.85,572.45,0,0.717721347883594,1
3642-BYHDO,Female,0,Yes,Yes,71,Yes,No,No,No internet service,No internet service,No internet service,No internet service,No internet service,No internet service,Two year,No,Bank transfer (automatic),19.9,1389.35,0,0.0016192843608624017,0
0440-UEDAI,Female,0,No,No,53,Yes,No,Fiber optic,No,Yes,Yes,Yes,No,Yes,One year,Yes,Credit card (automatic),94.45,5042.75,0,0.10984498088276949,0
9819-FBNSV,Male,1,Yes,No,37,Yes,No,Fiber optic,No,No,No,No,No,No,Month-to-month,Yes,Bank transfer (automatic),72.25,2575.45,0,0.32203438336687445,0
9289-LBQVU,Male,0,Yes,No,64,Yes,Yes,DSL,No,Yes,No,Yes,No,Yes,One year,Yes,Mailed check,70.15,4480.7,0,0.0400857168436296,0
4468-YDOVK,Male,0,No,Yes,5,Yes,No,DSL,No,No,No,Yes,No,No,Month-to-month,Yes,Bank transfer (automatic),48.65,235.2,0,0.27255894441177453,0
2001-EWBQU,Female,0,No,No,60,Yes,Yes,Fiber optic,No,Yes,Yes,No,Yes,Yes,Two year,No,Electronic check,104.7,6333.8,0,0.12903749702710499,0
9992-UJOEL,Male,0,No,No,2,Yes,No,DSL,No,Yes,No,No,No,No,Month-to-month,Yes,Mailed check,50.3,92.75,0,0.3842909540958744,1
8409-WQJUX,Female,0,No,No,25,No,No phone service,DSL,No,No,Yes,Yes,Yes,Yes,One year,No,Electronic check,54.2,1423.15,0,0.21668616798169238,0
3077-RSNTJ,Female,0,Yes,Yes,6,Yes,No,No,No internet service,No internet service,No internet service,No internet service,No internet service,No internet service,Month-to-month,No,Mailed check,19.7,113.5,0,0.13429591809084745,0
6993-YCOBK,Male,0,Yes,Yes,60,Yes,Yes,Fiber optic,Yes,No,Yes,Yes,Yes,Yes,Two year,Yes,Electronic check,110.6,6586.85,0,0.08858860260455895,0
4817-VYYWS,Female,0,No,No,30,Yes,Yes,Fiber optic,No,Yes,No,No,Yes,Yes,Month-to-month,Yes,Electronic check,100.2,2983.8,1,0.6416806968803691,1
4702-HDRKD,Male,0,No,No,67,No,No phone service,DSL,Yes,No,Yes,Yes,Yes,No,One year,Yes,Bank transfer (automatic),49.35,3321.35,0,0.02492565580962291,0
3251-YMVWZ,Male,0,No,No,53,Yes,Yes,No,No internet service,No internet service,No internet service,No internet service,No internet service,No internet service,One year,No,Bank transfer (automatic),24.05,1301.9,0,0.013895904740718477,0
4190-MFLUW,Female,0,Yes,Yes,10,Yes,No,DSL,No,No,Yes,Yes,No,No,Month-to-month,No,Credit card (automatic),55.2,528.35,1,0.15333192032751902,0
4678-DVQEO,Female,0,No,No,1,Yes,No,DSL,No,No,No,Yes,No,No,Month-to-month,Yes,Electronic check,52.2,52.2,1,0.3893018396548492,1
4701-AHWMW,Male,0,Yes,No,55,No,No phone service,DSL,No,No,Yes,Yes,Yes,Yes,Month-to-month,Yes,Bank transfer (automatic),54.55,2978.3,1,0.14523827376264534,0
2987-BJXIK,Female,0,No,No,70,Yes,Yes,DSL,Yes,Yes,Yes,No,Yes,Yes,Two year,No,Mailed check,84.7,5991.05,0,0.017102283329501998,0
1730-VFMWO,Female,0,Yes,No,34,Yes,No,DSL,No,No,No,Yes,No,No,Month-to-month,No,Bank transfer (automatic),50.2,1815.3,0,0.08662533067773304,0
1936-UAFEH,Female,0,No,No,68,Yes,Yes,Fiber optic,Yes,Yes,No,Yes,Yes,Yes,Two year,No,Credit card (automatic),110.25,7279.35,0,0.03567785959991395,0
5140-FOMCQ,Female,0,Yes,No,59,Yes,Yes,Fiber optic,Yes,Yes,Yes,No,Yes,Yes,One year,Yes,Credit card (automatic),109.15,6557.75,0,0.1765715046347103,0
8778-LMWTJ,Female,0,No,No,9,Yes,No,Fiber optic,Yes,No,No,No,No,No,Month-to-month,Yes,Electronic check,74.85,708.2,0,0.5452080257652065,1
9840-DVNDC,Male,0,No,No,6,Yes,No,Fiber optic,No,No,No,No,Yes,No,Month-to-month,Yes,Credit card (automatic),80.5,463.05,1,0.6202478990390399,1
8033-VCZGH,Male,0,Yes,No,50,Yes,Yes,Fiber optic,Yes,No,Yes,No,Yes,Yes,One year,Yes,Electronic check,103.95,5231.3,0,0.31690691183560765,0
8580-QVLOC,Female,1,Yes,Yes,72,Yes,Yes,DSL,Yes,Yes,Yes,Yes,Yes,Yes,Two year,No,Credit card (automatic),92.45,6440.25,1,0.008576124932024755,0
6128-AQBMT,Male,1,Yes,No,41,No,No phone service,DSL,No,Yes,Yes,No,Yes,Yes,Month-to-month,Yes,Electronic check,53.95,2215.4,0,0.3853123084125747,1
6257-RJOHI,Male,0,No,No,4,Yes,No,DSL,No,No,No,Yes,No,No,Month-to-month,Yes,Mailed check,50.8,202.3,0,0.316257522048518,0
1929-ZCBHE,Male,0,Yes,Yes,47,No,No phone service,DSL,Yes,No,Yes,Yes,No,No,One year,No,Electronic check,40.3,1794.8,0,0.03051120583876857,0
6242-SGYTS,Male,0,Yes,Yes,62,Yes,Yes,Fiber optic,Yes,Yes,No,No,Yes,No,One year,Yes,Credit card (automatic),94.95,5791.85,0,0.08997906043693807,0
7010-ZMVBF,Female,0,Yes,Yes,18,Yes,No,No,No internet service,No internet service,No internet service,No internet service,No internet service,No internet service,Month-to-month,No,Mailed check,20.45,357.0,0,0.07720508218797277,0
3519-ZKXGG,Female,0,Yes,No,3,Yes,Yes,Fiber optic,No,No,No,No,No,No,Month-to-month,Yes,Electronic check,75.85,256.6,1,0.7414479963888444,1
5666-MBJPT,Male,0,No,No,65,Yes,Yes,No,No internet service,No internet service,No internet service,No internet service,No internet service,No internet service,Two year,Yes,Bank transfer (automatic),25.1,1725.0,0,0.0057274852686374465,0
3313-QKNKB,Male,0,Yes,No,59,Yes,Yes,Fiber optic,No,No,No,No,No,Yes,One year,No,Electronic check,85.55,5084.65,1,0.18359191229446253,0
7581-EBBOU,Female,0,No,No,60,Yes,No,DSL,No,Yes,Yes,Yes,Yes,No,One year,Yes,Credit card (automatic),70.15,4224.7,0,0.029212705696645608,0
1784-BXEFA,Female,0,No,No,10,Yes,No,No,No internet service,No internet service,No internet service,No internet service,No internet service,No internet service,Month-to-month,Yes,Mailed check,20.55,187.35,0,0.17723849526761018,0
7492-TAFJD,Male,0,Yes,Yes,7,No,No phone service,DSL,Yes,Yes,Yes,No,No,No,Two year,No,Mailed check,38.55,280.0,0,0.08191255607910093,0
5213-TWWJU,Male,0,No,No,28,Yes,No,Fiber optic,No,No,Yes,Yes,No,Yes,Month-to-month,No,Electronic check,91.0,2626.15,0,0.3694846705682432,1
3312-ZWLGF,Male,1,Yes,No,29,Yes,Yes,Fiber optic,No,No,No,Yes,No,No,Month-to-month,Yes,Electronic check,79.3,2414.55,0,0.5286494285969058,1
2923-ARZLG,Male,0,Yes,Yes,0,Yes,No,No,No internet service,No internet service,No internet service,No internet service,No internet service,No internet service,One year,Yes,Mailed check,19.7,0.0,0,0.13231606489776065,0
7032-LMBHI,Female,0,No,No,37,Yes,Yes,DSL,Yes,No,No,No,Yes,No,One year,No,Bank transfer (automatic),64.65,2347.85,0,0.06821487830750808,0
8292-ITGYJ,Female,0,Yes,Yes,45,Yes,Yes,No,No internet service,No internet service,No internet service,No internet service,No internet service,No internet service,Two year,Yes,Bank transfer (automatic),24.65,1138.8,0,0.011562673113434625,0
9107-UKCKY,Male,0,Yes,No,61,Yes,Yes,DSL,No,Yes,Yes,No,Yes,Yes,One year,Yes,Electronic check,79.8,4914.8,0,0.11604383925470466,0
6848-HJTXY,Female,0,Yes,No,64,Yes,No,No,No internet service,No internet service,No internet service,No internet service,No internet service,No internet service,Two year,No,Credit card (automatic),19.45,1208.6,0,0.0028053230755836133,0
4184-VODJZ,Male,0,Yes,Yes,63,Yes,Yes,Fiber optic,No,Yes,No,No,No,Yes,One year,Yes,Electronic check,91.35,5764.7,0,0.16498255220986557,0
4846-WHAFZ,Female,1,Yes,No,37,Yes,Yes,Fiber optic,No,No,No,No,No,No,Month-to-month,Yes,Electronic check,76.5,2868.15,1,0.5060193668570606,1
8735-SDUFN,Female,1,Yes,No,72,Yes,Yes,No,No internet service,No internet service,No internet service,No internet service,No internet service,No internet service,Two year,No,Bank transfer (automatic),24.3,1778.7,0,0.003376489891050983,0
0839-JTCUD,Female,0,Yes,Yes,66,Yes,Yes,DSL,Yes,Yes,Yes,Yes,Yes,Yes,Two year,No,Credit card (automatic),89.9,5958.85,0,0.010543782439173878,0
6857-VWJDT,Female,0,No,No,1,Yes,Yes,Fiber optic,No,No,No,No,Yes,Yes,Month-to-month,No,Mailed check,95.65,95.65,1,0.7030359186774563,1
7363-QTBIW,Female,0,Yes,No,9,Yes,No,Fiber optic,No,No,No,No,No,Yes,Month-to-month,Yes,Electronic check,79.75,769.1,0,0.7041577564114633,1
6158-HDPXZ,Male,0,No,No,1,No,No phone service,DSL,No,No,No,No,No,No,Month-to-month,No,Mailed check,25.35,25.35,0,0.4883887467770622,1
5419-CONWX,Female,1,No,No,4,Yes,No,Fiber optic,No,Yes,Yes,No,Yes,Yes,Month-to-month,Yes,Credit card (automatic),99.8,442.85,1,0.6779784587008323,1
9286-DOJGF,Female,1,Yes,No,38,Yes,Yes,Fiber optic,No,No,No,No,No,No,Month-to-month,Yes,Bank transfer (automatic),74.95,2869.85,1,0.4212717239444496,1
2408-PSJVE,Male,0,Yes,Yes,44,Yes,No,DSL,No,Yes,Yes,Yes,No,No,Month-to-month,Yes,Mailed check,61.9,2924.05,0,0.06322369356214787,0
2087-QAREY,Female,0,Yes,No,22,Yes,No,DSL,No,Yes,Yes,No,No,No,Month-to-month,Yes,Mailed check,54.7,1178.75,0,0.22094620394241146,0
6777-TGHTM,Female,0,No,No,53,Yes,Yes,Fiber optic,Yes,No,Yes,No,Yes,Yes,One year,Yes,Credit card (automatic),106.95,5785.5,1,0.19342814363909167,0
6507-ZJSUR,Male,1,Yes,No,23,Yes,No,Fiber optic,No,No,No,No,Yes,Yes,Month-to-month,Yes,Electronic check,90.45,2117.25,0,0.6916427761454652,1
5025-GOOKI,Female,0,No,No,20,Yes,No,No,No internet service,No internet service,No internet service,No internet service,No internet service,No internet service,Month-to-month,Yes,Credit card (automatic),18.9,347.65,0,0.11718249575040392,0
6080-LNESI,Male,0,No,No,51,Yes,Yes,No,No internet service,No internet service,No internet service,No internet service,No internet service,No internet service,Two year,No,Mailed check,24.75,1234.6,0,0.008043634530520642,0
2236-HILPA,Male,0,Yes,Yes,62,Yes,No,No,No internet service,No internet service,No internet service,No internet service,No internet service,No internet service,Two year,No,Credit card (automatic),20.65,1218.45,0,0.0023695642265857335,0
1386-ZIKUV,Male,0,No,No,7,Yes,No,No,No internet service,No internet service,No internet service,No internet service,No internet service,No internet service,Month-to-month,Yes,Mailed check,18.95,130.55,0,0.21933392881004232,0
3365-SAIGS,Female,0,No,No,17,Yes,No,Fiber optic,No,Yes,No,No,Yes,No,Month-to-month,Yes,Electronic check,83.55,1329.15,0,0.6115762122366171,1
6061-GWWAV,Male,0,No,Yes,41,Yes,No,DSL,Yes,Yes,Yes,No,Yes,No,One year,No,Mailed check,70.2,2894.55,0,0.03349280821496344,0
9979-RGMZT,Female,0,No,No,7,Yes,No,Fiber optic,No,Yes,No,No,Yes,Yes,One year,Yes,Mailed check,94.05,633.45,0,0.49611888542139976,1
8445-DNBAE,Male,0,No,Yes,1,Yes,Yes,DSL,No,No,No,No,No,No,Month-to-month,Yes,Electronic check,50.05,50.05,0,0.5353129667561014,1
6872-HXFNF,Female,0,Yes,No,64,Yes,Yes,DSL,No,No,Yes,Yes,No,No,One year,No,Bank transfer (automatic),58.35,3756.45,0,0.02211021124960635,0
1320-HTRDR,Female,0,No,No,3,Yes,Yes,Fiber optic,No,No,No,No,No,No,Month-to-month,Yes,Electronic check,75.5,220.6,1,0.7398992916300767,1
3923-CSIHK,Female,1,Yes,No,50,Yes,No,Fiber optic,No,No,No,No,No,No,Month-to-month,Yes,Electronic check,71.05,3444.85,1,0.31610301240333977,0
2446-ZKVAF,Male,0,Yes,No,18,Yes,Yes,DSL,No,Yes,No,No,No,No,Month-to-month,No,Credit card (automatic),56.8,1074.65,0,0.20970510163083886,0
4640-UHDOS,Female,0,Yes,Yes,13,Yes,No,DSL,No,No,No,No,No,Yes,Month-to-month,No,Electronic check,55.95,734.35,1,0.3071116072565568,0
5457-COLHT,Male,0,Yes,Yes,69,Yes,No,DSL,Yes,Yes,No,Yes,Yes,Yes,Two year,No,Bank transfer (automatic),80.65,5542.55,0,0.0064092272071240046,0
2254-DLXRI,Female,0,No,No,1,Yes,Yes,Fiber optic,No,Yes,No,No,No,No,Month-to-month,Yes,Mailed check,79.15,79.15,0,0.6690988294748047,1
5339-PXDVH,Male,0,No,No,4,Yes,Yes,Fiber optic,Yes,No,No,No,Yes,No,Month-to-month,No,Electronic check,90.65,367.95,0,0.6132078954668189,1
2386-LAHRK,Male,0,No,No,1,Yes,No,DSL,No,No,No,No,Yes,No,Month-to-month,Yes,Mailed check,53.5,53.5,1,0.5210803410932143,1
5062-CJJKH,Male,0,Yes,Yes,25,Yes,No,DSL,No,Yes,Yes,No,No,No,One year,No,Mailed check,53.65,1355.45,0,0.07062858967622772,0
8930-XOTDP,Female,0,Yes,Yes,18,Yes,No,DSL,No,No,No,No,Yes,No,Month-to-month,No,Mailed check,55.95,1082.8,0,0.21405587784081898,0
4779-ZGICK,Male,0,Yes,Yes,48,Yes,Yes,No,No internet service,No internet service,No internet service,No internet service,No internet service,No internet service,Two year,No,Mailed check,23.55,1173.35,0,0.008156521500338278,0
9534-NSXEM,Male,0,No,No,26,Yes,No,No,No internet service,No internet service,No internet service,No internet service,No internet service,No internet service,One year,Yes,Credit card (automatic),20.65,595.5,0,0.04492470605869649,0
3716-BDVDB,Male,0,No,No,1,Yes,No,Fiber optic,No,No,No,No,No,No,Month-to-month,Yes,Electronic check,69.1,69.1,1,0.7186814992872447,1
9842-EFSYY,Female,0,No,Yes,4,No,No phone service,DSL,Yes,Yes,Yes,No,Yes,Yes,Month-to-month,Yes,Mailed check,57.2,223.75,0,0.48510838885652474,1
9122-UMROB,Male,0,No,No,1,Yes,No,No,No internet service,No internet service,No internet service,No internet service,No internet service,No internet service,Month-to-month,No,Mailed check,20.3,20.3,0,0.19222837172913484,0
1867-BDVFH,Male,0,Yes,Yes,11,Yes,Yes,Fiber optic,No,No,No,No,No,No,Month-to-month,Yes,Electronic check,74.35,834.2,1,0.6612242595898763,1
5949-EBSQK,Male,0,Yes,Yes,4,Yes,No,DSL,No,No,No,Yes,No,Yes,Month-to-month,No,Credit card (automatic),61.45,229.55,1,0.2205326936011408,0
4160-AMJTL,Female,1,No,No,8,Yes,No,No,No internet service,No internet service,No internet service,No internet service,No internet service,No internet service,Month-to-month,No,Electronic check,19.65,164.3,1,0.21518297761187385,0
8622-ZLFKO,Female,0,Yes,No,6,Yes,Yes,Fiber optic,No,Yes,No,No,No,Yes,Month-to-month,Yes,Electronic check,90.75,512.25,0,0.7304884105989543,1
2990-IAJSV,Male,0,No,No,72,Yes,Yes,DSL,Yes,Yes,Yes,Yes,Yes,Yes,Two year,No,Bank transfer (automatic),92.0,6632.75,0,0.01026083486159108,0
6064-ZATLR,Female,0,No,No,27,Yes,No,DSL,Yes,Yes,No,No,No,No,Two year,No,Bank transfer (automatic),52.85,1498.65,0,0.02799833524878675,0
7409-KIUTL,Female,1,No,Yes,1,Yes,No,Fiber optic,No,No,No,No,No,No,Month-to-month,Yes,Electronic check,71.0,71.0,1,0.6724113720061097,1
5505-OVWQW,Female,0,No,No,17,Yes,No,No,No internet service,No internet service,No internet service,No internet service,No internet service,No internet service,One year,No,Mailed check,20.15,353.65,0,0.05197134990887477,0
3948-KXDUF,Male,0,No,No,66,Yes,Yes,DSL,Yes,Yes,Yes,Yes,No,No,Two year,No,Bank transfer (automatic),68.75,4447.55,0,0.006491573488736574,0
9814-AOUDH,Male,0,No,No,53,Yes,No,No,No internet service,No internet service,No internet service,No internet service,No internet service,No internet service,Two year,No,Credit card (automatic),19.5,1050.5,0,0.004792656950488716,0
7398-LXGYX,Male,0,Yes,No,44,Yes,Yes,Fiber optic,Yes,No,Yes,No,No,No,Month-to-month,Yes,Credit card (automatic),84.8,3626.35,0,0.2584511333821945,0
5266-PFRQK,Male,0,Yes,Yes,52,Yes,No,No,No internet service,No internet service,No internet service,No internet service,No internet service,No internet service,One year,Yes,Credit card (automatic),20.85,1071.6,0,0.010750428276629325,0
1568-BEKZM,Male,1,Yes,No,70,Yes,Yes,DSL,Yes,Yes,Yes,Yes,Yes,Yes,Two year,No,Credit card (automatic),90.05,6333.4,0,0.01371321310703182,0
2692-PFYTJ,Female,0,No,No,1,Yes,Yes,No,No internet service,No internet service,No internet service,No internet service,No internet service,No internet service,Month-to-month,Yes,Mailed check,25.75,25.75,0,0.30361371325559705,0
2533-QVMSK,Male,0,Yes,No,61,Yes,Yes,Fiber optic,No,Yes,No,Yes,Yes,No,Two year,Yes,Electronic check,94.1,5638.3,1,0.09671913134291917,0
5828-AVIPD,Male,0,Yes,Yes,19,Yes,Yes,Fiber optic,No,No,No,Yes,Yes,Yes,One year,Yes,Electronic check,100.95,1875.55,1,0.4423091948549532,1
2907-ILJBN,Female,0,Yes,Yes,11,Yes,No,No,No internet service,No internet service,No internet service,No internet service,No internet service,No internet service,One year,No,Mailed check,20.6,233.9,0,0.05471596794159517,0
5226-NOZFC,Male,0,No,No,26,Yes,No,Fiber optic,No,Yes,No,No,Yes,No,Month-to-month,Yes,Electronic check,85.75,2146.5,0,0.5175237550516002,1
7114-AEOZE,Female,0,No,No,60,Yes,No,No,No internet service,No internet service,No internet service,No internet service,No internet service,No internet service,Two year,No,Bank transfer (automatic),19.85,1128.1,0,0.003321223042694831,0
2202-CUYXZ,Male,0,No,No,1,Yes,No,Fiber optic,No,No,Yes,No,Yes,No,Month-to-month,Yes,Electronic check,84.85,84.85,1,0.7437819476462075,1
3466-RITXD,Male,0,No,No,26,Yes,Yes,Fiber optic,Yes,Yes,No,No,Yes,No,Month-to-month,Yes,Credit card (automatic),92.4,2349.8,0,0.4443732704463431,1
7278-CKDNC,Male,1,No,No,24,Yes,Yes,Fiber optic,No,Yes,No,No,No,No,Month-to-month,Yes,Electronic check,80.5,2088.45,0,0.5965303007597034,1
1956-YIFGE,Male,0,Yes,Yes,22,Yes,No,Fiber optic,No,Yes,Yes,No,Yes,Yes,One year,Yes,Mailed check,100.05,2090.25,0,0.325663459230631,0
0422-UXFAP,Female,0,Yes,No,51,Yes,Yes,Fiber optic,No,No,Yes,No,Yes,Yes,One year,Yes,Electronic check,98.85,4947.55,0,0.38205956061453245,1
3733-UOCWF,Male,1,Yes,No,61,Yes,Yes,Fiber optic,No,Yes,No,Yes,No,No,One year,Yes,Bank transfer (automatic),85.55,5251.75,0,0.09939359799515991,0
7191-ADRGF,Male,0,Yes,No,44,No,No phone service,DSL,No,Yes,Yes,No,Yes,Yes,Two year,No,Bank transfer (automatic),54.3,2390.45,0,0.05341198737849579,0
5709-LVOEQ,Female,0,Yes,Yes,0,Yes,No,DSL,Yes,Yes,Yes,No,Yes,Yes,Two year,No,Mailed check,80.85,0.0,0,0.08097459609838911,0
6034-YMTOB,Female,0,No,No,5,Yes,No,Fiber optic,No,No,No,Yes,No,No,Month-to-month,Yes,Mailed check,75.65,399.45,0,0.5013602991446858,1
6372-RFVNS,Female,0,Yes,No,1,Yes,No,Fiber optic,No,No,No,No,Yes,No,Month-to-month,No,Electronic check,78.8,78.8,1,0.6906317595974345,1
9052-DHNKM,Male,0,No,No,26,Yes,Yes,DSL,Yes,Yes,No,No,No,No,One year,No,Electronic check,61.55,1581.95,0,0.08798161786552625,0
5609-IMCGG,Female,0,No,No,15,Yes,Yes,Fiber optic,Yes,No,Yes,No,No,No,Month-to-month,Yes,Credit card (automatic),84.35,1302.65,0,0.46868368219091916,1
2959-MJHIC,Male,0,Yes,No,4,Yes,No,Fiber optic,No,No,No,No,Yes,No,Month-to-month,Yes,Electronic check,80.35,307.4,1,0.7306526832146703,1
1319-YLZJG,Male,0,Yes,No,12,Yes,No,Fiber optic,Yes,Yes,Yes,No,No,No,Month-to-month,Yes,Electronic check,84.6,959.9,0,0.4787916915710521,1
7623-TRNQN,Male,0,No,Yes,1,Yes,No,DSL,No,No,No,Yes,No,No,Month-to-month,Yes,Mailed check,49.9,49.9,1,0.30588352384454776,0
0377-JBKKT,Male,0,Yes,Yes,22,Yes,No,DSL,Yes,Yes,No,Yes,No,No,Month-to-month,Yes,Mailed check,57.95,1271.8,0,0.11025628097091578,0
1936-CZAKF,Male,0,Yes,No,49,No,No phone service,DSL,No,Yes,No,No,Yes,Yes,Two year,No,Credit card (automatic),49.65,2409.9,0,0.04167996339186802,0
5063-IUOKK,Male,0,No,No,13,Yes,No,No,No internet service,No internet service,No internet service,No internet service,No internet service,No internet service,Two year,No,Mailed check,19.75,265.75,0,0.03417075957499179,0
8646-JCOMS,Female,0,Yes,No,66,Yes,Yes,Fiber optic,No,Yes,Yes,Yes,No,No,One year,Yes,Bank transfer (automatic),90.55,6130.95,0,0.0787925842859201,0
0979-MOZQI,Male,0,Yes,No,62,No,No phone service,DSL,No,No,No,Yes,Yes,No,Two year,Yes,Bank transfer (automatic),39.0,2337.45,0,0.02167699478632385,0
1525-LNLOJ,Male,0,Yes,Yes,66,Yes,Yes,DSL,No,No,Yes,No,Yes,No,Two year,Yes,Bank transfer (automatic),63.3,4189.7,0,0.024195091122346316,0
5759-RCVCB,Female,0,No,No,3,No,No phone service,DSL,No,No,No,No,Yes,No,Month-to-month,No,Credit card (automatic),35.2,108.95,1,0.49270664080401455,1
9968-FFVVH,Male,0,No,No,63,Yes,Yes,DSL,Yes,Yes,Yes,Yes,No,No,One year,No,Bank transfer (automatic),68.8,4111.35,0,0.013562483667819763,0
2266-FUBDZ,Male,0,Yes,Yes,15,Yes,No,No,No internet service,No internet service,No internet service,No internet service,No internet service,No internet service,Two year,No,Mailed check,19.35,278.85,0,0.026031910022072353,0
4760-THGOT,Female,0,Yes,No,43,Yes,Yes,Fiber optic,Yes,Yes,No,No,No,Yes,Month-to-month,Yes,Electronic check,94.1,4107.3,0,0.4079497584714522,1
2307-FYNNL,Male,1,No,No,65,Yes,Yes,Fiber optic,Yes,No,Yes,Yes,Yes,Yes,Two year,Yes,Electronic check,109.05,7108.2,0,0.11736116699709587,0
1143-NMNQJ,Female,0,No,No,2,Yes,Yes,Fiber optic,No,No,No,No,No,Yes,Month-to-month,Yes,Electronic check,85.7,169.8,1,0.7840413535026192,1
1629-DQQVB,Female,0,No,No,14,Yes,No,DSL,Yes,No,No,No,No,No,Month-to-month,No,Bank transfer (automatic),50.1,709.5,0,0.16169082806563764,0
3766-EJLFL,Female,0,Yes,Yes,68,Yes,Yes,Fiber optic,Yes,No,Yes,Yes,Yes,Yes,Two year,Yes,Bank transfer (automatic),109.05,7508.55,0,0.05560197612833679,0
8457-XIGKN,Male,0,No,No,20,Yes,No,No,No internet service,No internet service,No internet service,No internet service,No internet service,No internet service,Month-to-month,Yes,Credit card (automatic),19.6,356.15,0,0.11518676690923679,0
4981-FLTMF,Female,0,Yes,Yes,57,Yes,Yes,DSL,Yes,Yes,No,Yes,No,No,Month-to-month,No,Bank transfer (automatic),65.2,3687.85,0,0.02536330008460022,0
7606-BPHHN,Male,0,No,No,72,Yes,No,No,No internet service,No internet service,No internet service,No internet service,No internet service,No internet service,Two year,Yes,Credit card (automatic),19.8,1468.75,0,0.0027873369804879626,0
7005-CCBKV,Male,0,No,No,6,Yes,No,Fiber optic,No,Yes,No,No,No,Yes,Month-to-month,Yes,Electronic check,84.4,556.35,1,0.6919832708351278,1
4648-YPBTM,Male,0,No,No,53,Yes,Yes,DSL,No,Yes,Yes,Yes,No,Yes,Two year,Yes,Bank transfer (automatic),73.9,3958.25,0,0.0303242577465898,0
2325-ZUSFD,Female,0,Yes,Yes,57,Yes,No,DSL,Yes,No,No,No,Yes,Yes,One year,Yes,Bank transfer (automatic),70.1,3913.3,1,0.03903036906398043,0
1240-KNSEZ,Male,0,No,No,1,Yes,No,No,No internet service,No internet service,No internet service,No internet service,No internet service,No internet service,Month-to-month,Yes,Mailed check,20.1,20.1,1,0.25862230271464665,0
0430-IHCDJ,Male,0,No,No,15,Yes,Yes,DSL,No,No,No,No,No,No,Month-to-month,Yes,Electronic check,49.0,749.25,0,0.46746944980031907,1
7957-RYHQD,Female,1,No,No,40,Yes,No,Fiber optic,Yes,Yes,No,No,No,No,Month-to-month,Yes,Credit card (automatic),79.2,3233.85,1,0.22672675368554507,0
6164-HAQTX,Male,0,No,No,71,No,No phone service,DSL,Yes,Yes,Yes,Yes,Yes,No,Two year,No,Bank transfer (automatic),53.95,3888.65,0,0.007112427500523587,0
0749-IRGQE,Female,1,Yes,No,13,No,No phone service,DSL,No,No,No,No,Yes,Yes,Month-to-month,No,Electronic check,45.3,528.45,0,0.5835296421110411,1
1227-UDMZR,Female,0,Yes,No,72,Yes,Yes,DSL,Yes,Yes,Yes,Yes,Yes,Yes,Two year,Yes,Bank transfer (automatic),91.15,6637.9,0,0.015581035028575604,0
5473-KHBPS,Female,0,Yes,Yes,52,Yes,Yes,Fiber optic,No,Yes,Yes,No,Yes,No,One year,Yes,Credit card (automatic),95.7,4976.15,0,0.15726119309410594,0
5297-MDOIR,Female,0,Yes,No,63,Yes,No,Fiber optic,Yes,No,Yes,No,No,No,One year,Yes,Credit card (automatic),81.15,5224.5,0,0.060630426976687614,0
8873-TMKGR,Male,0,No,No,29,Yes,No,No,No internet service,No internet service,No internet service,No internet service,No internet service,No internet service,One year,No,Mailed check,19.1,529.5,0,0.03217982146790177,0
6481-ESCNL,Female,0,No,No,29,Yes,Yes,Fiber optic,No,No,Yes,No,Yes,Yes,Month-to-month,No,Bank transfer (automatic),100.55,2878.75,0,0.49293014679237207,1
0463-WZZKO,Male,0,No,No,3,Yes,No,No,No internet service,No internet service,No internet service,No internet service,No internet service,No internet service,Month-to-month,Yes,Credit card (automatic),20.75,67.1,0,0.216171589404995,0
1038-RQOST,Male,0,Yes,Yes,19,Yes,No,No,No internet service,No internet service,No internet service,No internet service,No internet service,No internet service,Month-to-month,No,Mailed check,20.6,414.95,0,0.07541793162282358,0
4937-QPZPO,Male,0,Yes,Yes,61,Yes,Yes,Fiber optic,No,No,Yes,No,Yes,Yes,One year,Yes,Electronic check,99.9,6241.35,0,0.2788473146183743,0
3604-WLABM,Female,0,No,No,10,Yes,No,DSL,No,No,Yes,Yes,No,No,Month-to-month,No,Electronic check,54.25,583.0,0,0.26474777602067084,0
1360-XFJMR,Female,0,Yes,No,67,Yes,Yes,Fiber optic,No,Yes,Yes,Yes,Yes,Yes,One year,Yes,Credit card (automatic),109.7,7344.45,0,0.14844235413253215,0
8717-VCTXJ,Male,0,No,No,42,Yes,No,No,No internet service,No internet service,No internet service,No internet service,No internet service,No internet service,One year,Yes,Mailed check,19.55,839.4,0,0.02488262565284805,0
5196-SGOAK,Female,0,No,No,1,Yes,No,Fiber optic,No,Yes,No,No,No,No,Month-to-month,Yes,Electronic check,75.7,75.7,1,0.6530036414320722,1
8739-XNIKG,Female,0,No,No,5,Yes,Yes,Fiber optic,No,No,No,No,Yes,No,Month-to-month,Yes,Electronic check,84.0,424.75,0,0.7858755658010608,1
2320-TZRRH,Female,0,No,No,20,Yes,No,No,No internet service,No internet service,No internet service,No internet service,No internet service,No internet service,One year,No,Mailed check,19.5,403.15,0,0.04703639293022735,0
5186-SAMNZ,Male,1,No,No,1,Yes,No,Fiber optic,No,No,No,No,No,No,Month-to-month,Yes,Bank transfer (automatic),69.5,69.5,1,0.6620761664489326,1
5760-FXFVO,Male,0,No,No,6,Yes,No,Fiber optic,Yes,Yes,No,No,No,No,Month-to-month,Yes,Electronic check,78.95,494.95,0,0.5445348486524468,1
5380-WJKOV,Male,0,No,No,34,Yes,Yes,Fiber optic,No,Yes,Yes,No,Yes,Yes,Month-to-month,Yes,Electronic check,106.35,3549.25,1,0.6034204179667554,1
4703-MQYKT,Male,0,No,No,21,Yes,No,No,No internet service,No internet service,No internet service,No internet service,No internet service,No internet service,Two year,No,Mailed check,19.6,390.4,0,0.02361095006960031,0
2001-MCUUW,Male,0,No,No,46,Yes,Yes,Fiber optic,No,Yes,Yes,Yes,Yes,Yes,Two year,No,Electronic check,108.65,4903.2,0,0.1394388251625644,0
4947-DSMXK,Male,0,Yes,Yes,34,Yes,Yes,Fiber optic,No,Yes,No,No,Yes,Yes,Month-to-month,Yes,Bank transfer (automatic),97.7,3410.0,0,0.5169023539106631,1
0076-LVEPS,Male,0,No,Yes,29,No,No phone service,DSL,Yes,Yes,Yes,Yes,No,No,Month-to-month,Yes,Mailed check,45.0,1242.45,0,0.111009212890272,0
5566-SOEZD,Male,0,Yes,Yes,27,Yes,No,Fiber optic,Yes,Yes,No,No,No,No,One year,Yes,Credit card (automatic),80.65,2209.75,0,0.12858214209860874,0
7408-OFWXJ,Female,0,Yes,Yes,72,Yes,Yes,DSL,Yes,Yes,Yes,Yes,Yes,Yes,Two year,No,Credit card (automatic),89.8,6510.45,0,0.008899633766188592,0
1097-FSPVW,Female,0,No,No,42,Yes,No,DSL,Yes,No,Yes,No,No,No,Month-to-month,No,Credit card (automatic),54.55,2455.05,0,0.06199174079461983,0
4412-YLTKF,Female,1,No,No,27,Yes,Yes,Fiber optic,No,No,Yes,No,No,No,Month-to-month,Yes,Electronic check,78.05,2135.5,1,0.6263075869751327,1
0420-TXVSG,Male,0,Yes,No,66,Yes,Yes,DSL,Yes,Yes,Yes,No,No,No,Two year,Yes,Credit card (automatic),66.1,4428.45,0,0.01165854594772159,0
7817-BOQPW,Female,0,No,No,2,Yes,Yes,Fiber optic,No,No,No,No,No,No,Month-to-month,Yes,Electronic check,75.55,166.3,1,0.7467480717162948,1
0963-ZBDRN,Male,0,No,No,32,Yes,No,Fiber optic,No,No,No,Yes,Yes,Yes,Month-to-month,Yes,Electronic check,96.2,3183.4,1,0.5030735808774579,1
9685-WKZGT,Male,1,No,No,14,Yes,Yes,Fiber optic,No,No,No,No,No,No,Month-to-month,Yes,Electronic check,74.95,1036.75,1,0.7054140673445425,1
2139-FQHLM,Male,0,No,No,19,Yes,No,Fiber optic,No,No,Yes,Yes,Yes,No,Month-to-month,No,Mailed check,89.95,1682.4,0,0.3674428974497544,1
5825-XJOCM,Male,0,No,Yes,48,Yes,Yes,DSL,Yes,Yes,Yes,No,No,No,One year,Yes,Bank transfer (automatic),64.4,3035.35,0,0.036166396894419764,0
0004-TLHLJ,Male,0,No,No,4,Yes,No,Fiber optic,No,No,Yes,No,No,No,Month-to-month,Yes,Electronic check,73.9,280.85,1,0.6901860827762551,1
7529-ZDFXI,Male,1,Yes,No,57,Yes,Yes,Fiber optic,No,Yes,No,No,No,Yes,Month-to-month,Yes,Electronic check,89.85,4925.35,0,0.41185372539177395,1
6848-YLDFR,Male,0,Yes,Yes,58,Yes,No,DSL,No,Yes,No,Yes,Yes,Yes,One year,Yes,Credit card (automatic),75.2,4300.8,0,0.03549006274305727,0
5820-PTRYM,Female,1,Yes,No,56,Yes,Yes,DSL,Yes,Yes,Yes,Yes,No,No,One year,Yes,Credit card (automatic),68.45,4014.0,0,0.031333404056778105,0
2984-RGEYA,Female,0,Yes,Yes,69,Yes,No,No,No internet service,No internet service,No internet service,No internet service,No internet service,No internet service,Two year,No,Bank transfer (automatic),19.75,1375.4,0,0.001809311767249708,0
6434-TTGJP,Male,0,Yes,Yes,10,No,No phone service,DSL,Yes,Yes,Yes,Yes,No,Yes,Two year,No,Credit card (automatic),53.7,521.0,0,0.058200259477977065,0
9643-AVVWI,Female,0,Yes,Yes,3,Yes,No,Fiber optic,No,Yes,No,Yes,No,No,Month-to-month,Yes,Electronic check,80.0,241.3,0,0.5081951454859484,1
3506-OVLKD,Male,0,No,No,35,Yes,Yes,No,No internet service,No internet service,No internet service,No internet service,No internet service,No internet service,One year,No,Bank transfer (automatic),26.2,954.9,0,0.028311849765615897,0
4946-EDSEW,Female,0,Yes,Yes,11,Yes,No,No,No internet service,No internet service,No internet service,No internet service,No internet service,No internet service,Month-to-month,Yes,Mailed check,19.25,180.3,1,0.15292182472328406,0
2924-KHUVI,Male,0,Yes,No,56,Yes,Yes,Fiber optic,Yes,No,No,No,Yes,Yes,One year,Yes,Electronic check,100.55,5514.95,0,0.25580138403175157,0
2263-SFSQZ,Male,0,Yes,Yes,51,Yes,Yes,No,No internet service,No internet service,No internet service,No internet service,No internet service,No internet service,Two year,Yes,Mailed check,24.95,1222.25,0,0.009343014247406177,0
5281-BUZGT,Male,1,No,No,36,Yes,Yes,Fiber optic,Yes,No,No,No,Yes,No,Month-to-month,Yes,Electronic check,90.85,3186.7,1,0.4966988412089739,1
3717-FDJFU,Male,0,No,Yes,5,Yes,No,No,No internet service,No internet service,No internet service,No internet service,No internet service,No internet service,Two year,No,Mailed check,20.45,106.9,0,0.038116889242286844,0
2239-CFOUJ,Male,0,Yes,Yes,1,Yes,No,No,No internet service,No internet service,No internet service,No internet service,No internet service,No internet service,One year,No,Mailed check,20.4,20.4,0,0.0877148764432388,0
8699-ASUFO,Male,1,Yes,No,7,Yes,Yes,Fiber optic,No,No,No,No,No,No,Month-to-month,Yes,Mailed check,74.4,527.9,1,0.7025003277888879,1
1122-YJBCS,Male,0,Yes,No,69,Yes,No,DSL,Yes,Yes,No,No,No,No,One year,Yes,Credit card (automatic),53.65,3804.4,0,0.015249968447846606,0
0628-CNQRM,Male,0,Yes,Yes,22,Yes,No,DSL,Yes,No,Yes,Yes,Yes,No,One year,Yes,Bank transfer (automatic),67.5,1544.05,1,0.08252580222469208,0
1705-GUHPV,Female,0,No,No,63,Yes,Yes,No,No internet service,No internet service,No internet service,No internet service,No internet service,No internet service,Two year,No,Mailed check,24.2,1618.2,0,0.004782155116265667,0
4877-TSOFF,Female,0,Yes,Yes,55,Yes,Yes,DSL,Yes,Yes,No,Yes,No,Yes,One year,Yes,Bank transfer (automatic),75.75,4264.25,0,0.02810714731831438,0
7404-JLKQG,Female,0,No,No,3,Yes,No,DSL,No,No,Yes,No,Yes,No,Month-to-month,No,Electronic check,57.55,161.45,0,0.48466750694769434,1
0379-DJQHR,Male,0,Yes,Yes,67,Yes,No,DSL,Yes,Yes,Yes,No,Yes,Yes,Two year,No,Credit card (automatic),81.35,5398.6,0,0.008911569400466697,0
8993-PHFWD,Female,0,No,No,3,No,No phone service,DSL,No,No,No,No,No,No,Month-to-month,No,Electronic check,25.25,58.9,1,0.5376217702296426,1
3930-ZGWVE,Male,0,No,No,1,Yes,No,No,No internet service,No internet service,No internet service,No internet service,No internet service,No internet service,Month-to-month,No,Mailed check,19.75,19.75,0,0.19759124567967792,0
1965-DDBWU,Male,0,No,No,16,Yes,Yes,Fiber optic,No,No,No,Yes,No,Yes,Month-to-month,Yes,Credit card (automatic),89.05,1448.6,1,0.5526604712684021,1
7572-KPVKK,Male,0,No,Yes,62,Yes,Yes,Fiber optic,No,No,Yes,Yes,Yes,Yes,Two year,Yes,Electronic check,104.05,6590.5,0,0.12646537399477206,0
6854-EXGSF,Female,0,No,No,8,Yes,Yes,DSL,Yes,Yes,Yes,No,No,No,Month-to-month,Yes,Bank transfer (automatic),65.5,573.15,0,0.2759275909041334,0
9483-GCPWE,Male,0,No,Yes,9,Yes,No,No,No internet service,No internet service,No internet service,No internet service,No internet service,No internet service,One year,No,Mailed check,20.1,190.25,0,0.061655556876370324,0
8053-WWDRO,Female,0,Yes,No,6,Yes,No,No,No internet service,No internet service,No internet service,No internet service,No internet service,No internet service,Month-to-month,No,Bank transfer (automatic),19.5,146.3,1,0.1551601998587224,0
9473-CBZOP,Female,0,No,No,28,Yes,Yes,DSL,Yes,No,Yes,No,No,No,One year,No,Mailed check,59.0,1654.45,0,0.07886695297317643,0
3985-HOYPM,Male,0,No,No,26,Yes,No,No,No internet service,No internet service,No internet service,No internet service,No internet service,No internet service,One year,No,Mailed check,19.4,525.55,0,0.036774860746550946,0
8378-LKJAF,Male,0,Yes,Yes,38,Yes,Yes,Fiber optic,No,No,Yes,No,Yes,Yes,Month-to-month,Yes,Credit card (automatic),101.15,3956.7,0,0.47377682299630297,1
1310-QRITU,Female,0,No,No,18,Yes,Yes,DSL,No,No,No,No,No,No,Month-to-month,Yes,Electronic check,50.3,913.3,0,0.4133132856157146,1
3237-AJGEH,Female,0,Yes,Yes,3,No,No phone service,DSL,No,No,No,Yes,No,No,Month-to-month,Yes,Mailed check,31.0,95.05,1,0.3997949189657126,1
6542-LWGXJ,Male,0,Yes,No,3,No,No phone service,DSL,No,No,No,No,No,No,Month-to-month,No,Mailed check,25.0,78.25,0,0.47607599411502066,1
6953-PBDIN,Male,0,Yes,No,70,Yes,Yes,DSL,No,Yes,Yes,Yes,Yes,No,Two year,No,Bank transfer (automatic),72.95,5265.55,0,0.01308632859526803,0
6332-FBZRI,Male,0,Yes,Yes,67,Yes,Yes,DSL,Yes,Yes,Yes,Yes,No,No,One year,Yes,Credit card (automatic),69.35,4653.25,0,0.0140109715913828,0
9365-CSLBQ,Male,0,No,Yes,71,Yes,Yes,No,No internet service,No internet service,No internet service,No internet service,No internet service,No internet service,Two year,No,Mailed check,24.35,1654.6,0,0.0025691162427532157,0
3466-WAESX,Male,0,No,Yes,16,Yes,Yes,DSL,Yes,Yes,No,No,No,Yes,Month-to-month,Yes,Electronic check,69.1,1083.7,0,0.3262237788096072,0
9700-ISPUP,Female,0,Yes,Yes,10,Yes,No,DSL,No,Yes,No,Yes,No,Yes,Month-to-month,Yes,Electronic check,65.5,616.9,0,0.2997424074860443,0
5167-ZFFMM,Male,0,No,No,1,Yes,Yes,Fiber optic,No,Yes,No,No,No,Yes,Month-to-month,Yes,Credit card (automatic),90.85,90.85,1,0.6767062251276029,1
7669-LCRSD,Male,0,Yes,Yes,12,Yes,No,DSL,No,No,No,No,Yes,No,Month-to-month,Yes,Mailed check,56.3,628.65,0,0.32553102489693847,0
0870-VEMYL,Female,0,No,No,5,Yes,No,DSL,Yes,No,No,Yes,No,No,Month-to-month,No,Credit card (automatic),53.85,259.8,1,0.16692550306119683,0
2995-UPRYS,Female,1,Yes,No,40,Yes,No,Fiber optic,No,Yes,No,Yes,Yes,Yes,One year,Yes,Credit card (automatic),99.2,4062.2,1,0.22933256495849652,0
3179-GBRWV,Male,1,Yes,No,21,Yes,No,DSL,Yes,Yes,No,No,No,Yes,Month-to-month,Yes,Bank transfer (automatic),64.95,1339.8,0,0.22150202899990634,0
0701-TJSEF,Male,0,No,No,9,Yes,No,DSL,Yes,No,Yes,Yes,No,Yes,Month-to-month,Yes,Bank transfer (automatic),68.25,576.95,0,0.24743496351243033,0
1848-LBZHY,Female,0,Yes,No,7,Yes,No,DSL,Yes,No,No,No,No,No,Month-to-month,Yes,Bank transfer (automatic),50.3,355.1,0,0.2713633898384095,0
5380-XPJNZ,Female,0,No,No,38,Yes,No,No,No internet service,No internet service,No internet service,No internet service,No internet service,No internet service,One year,No,Mailed check,20.05,678.2,0,0.019424818966943917,0
6608-QQLVK,Male,0,No,No,1,Yes,No,DSL,No,No,Yes,No,No,No,Month-to-month,Yes,Electronic check,50.5,50.5,1,0.5022278963810157,1
1475-VWVDO,Male,0,No,No,7,Yes,No,Fiber optic,No,No,Yes,No,No,No,Month-to-month,Yes,Electronic check,74.9,490.55,0,0.6532355885899751,1
3721-CNEYS,Female,0,No,No,2,Yes,No,Fiber optic,No,No,No,No,No,No,Month-to-month,Yes,Electronic check,70.95,137.95,1,0.6824458833068292,1
4299-OPXEJ,Female,0,No,No,56,Yes,No,No,No internet service,No internet service,No internet service,No internet service,No internet service,No internet service,Two year,Yes,Bank transfer (automatic),19.55,1080.55,0,0.0059600580555957275,0
0096-BXERS,Female,0,Yes,No,6,Yes,Yes,DSL,No,No,No,No,No,No,Month-to-month,No,Electronic check,50.35,314.55,0,0.444951557170737,1
3055-VTCGS,Female,0,No,No,63,Yes,No,DSL,No,No,Yes,No,No,Yes,One year,No,Credit card (automatic),58.55,3503.5,0,0.027922741735698257,0
9405-GPBBG,Female,0,No,No,64,Yes,Yes,Fiber optic,No,Yes,Yes,Yes,Yes,Yes,Two year,Yes,Credit card (automatic),110.5,7069.25,0,0.08299766425571578,0
6704-UTUKK,Male,0,Yes,No,29,No,No phone service,DSL,No,No,No,No,Yes,Yes,Month-to-month,Yes,Electronic check,45.9,1332.4,0,0.4764699443030242,1
9944-AEXBM,Male,0,No,No,32,Yes,Yes,Fiber optic,No,No,No,No,No,Yes,Month-to-month,Yes,Bank transfer (automatic),85.65,2664.3,0,0.49380224025154307,1
2545-EBUPK,Female,1,No,No,2,Yes,Yes,Fiber optic,No,No,No,No,No,Yes,Month-to-month,Yes,Electronic check,84.05,186.05,0,0.8237563006972963,1
6270-OMFIW,Male,0,Yes,No,60,Yes,No,Fiber optic,No,Yes,No,No,Yes,Yes,One year,Yes,Electronic check,94.4,5610.25,1,0.22697013658451737,0
1852-XEMDW,Male,0,No,No,22,Yes,Yes,DSL,Yes,Yes,Yes,No,No,No,Month-to-month,No,Mailed check,65.05,1427.55,0,0.15045442636851095,0
8158-WPEZG,Male,0,No,No,11,No,No phone service,DSL,No,Yes,No,Yes,No,No,Month-to-month,Yes,Electronic check,35.65,425.1,0,0.40787811361194887,1
5198-EFNBM,Male,1,Yes,No,57,Yes,No,Fiber optic,No,Yes,Yes,No,Yes,No,One year,Yes,Electronic check,90.65,5199.8,0,0.20357296156347635,0
7663-RGWBC,Male,0,No,No,1,Yes,No,DSL,No,No,No,No,No,No,Month-to-month,Yes,Mailed check,44.15,44.15,1,0.4566618382675113,1
3970-XGJDU,Female,0,No,No,62,Yes,No,No,No internet service,No internet service,No internet service,No internet service,No internet service,No internet service,Two year,Yes,Credit card (automatic),19.2,1123.65,0,0.0043870753496868895,0
6845-RGTYS,Female,0,Yes,No,47,Yes,Yes,Fiber optic,Yes,Yes,Yes,No,Yes,No,Month-to-month,Yes,Electronic check,98.75,4533.7,1,0.37752871463344917,1
0123-CRBRT,Female,0,Yes,Yes,61,Yes,Yes,DSL,Yes,Yes,Yes,Yes,Yes,Yes,Two year,No,Mailed check,88.1,5526.75,0,0.015163038672420375,0
6077-BDPXA,Female,0,No,No,3,Yes,No,Fiber optic,No,No,No,No,No,No,Month-to-month,Yes,Electronic check,70.15,194.2,0,0.6849081662840394,1
2250-IVBWA,Male,0,Yes,Yes,64,Yes,No,Fiber optic,Yes,Yes,No,No,No,No,Month-to-month,No,Electronic check,81.05,5135.35,0,0.08206790595535117,0
6137-NICCO,Female,0,Yes,Yes,6,Yes,Yes,Fiber optic,No,Yes,Yes,No,Yes,No,Month-to-month,Yes,Mailed check,94.05,518.75,0,0.6282460894770887,1
8129-GMVGI,Female,0,Yes,Yes,56,Yes,No,No,No internet service,No internet service,No internet service,No internet service,No internet service,No internet service,Two year,No,Mailed check,20.05,1090.1,0,0.003530585543227533,0
4353-HYOJD,Female,0,Yes,Yes,27,Yes,No,DSL,No,Yes,No,No,No,No,Month-to-month,No,Mailed check,49.85,1336.15,0,0.1147721149842642,0
8671-KKKOS,Female,0,Yes,No,46,No,No phone service,DSL,Yes,Yes,No,No,Yes,No,Month-to-month,No,Electronic check,45.55,2062.15,0,0.1186621243358305,0
8080-DDEMJ,Male,1,No,No,1,Yes,No,DSL,No,No,No,No,No,No,Month-to-month,No,Electronic check,45.1,45.1,1,0.46324716050951775,1
6698-OXETB,Male,0,No,No,11,Yes,No,No,No internet service,No internet service,No internet service,No internet service,No internet service,No internet service,Two year,No,Mailed check,20.4,231.45,0,0.03607247319208798,0
3312-UUMZW,Male,0,Yes,No,32,Yes,Yes,Fiber optic,No,Yes,No,No,Yes,Yes,Month-to-month,Yes,Credit card (automatic),98.85,3145.9,0,0.558325767934812,1
6376-GAHQE,Male,0,No,No,4,Yes,No,Fiber optic,No,No,No,No,Yes,No,Month-to-month,No,Electronic check,77.85,299.2,1,0.6815641483356156,1
0733-VUNUW,Male,0,No,No,24,Yes,Yes,DSL,Yes,No,No,No,No,No,Month-to-month,Yes,Bank transfer (automatic),55.65,1400.55,1,0.2047831329124701,0
6733-LRIZX,Male,0,No,No,35,Yes,Yes,Fiber optic,Yes,No,Yes,Yes,Yes,Yes,Two year,Yes,Electronic check,108.95,4025.5,0,0.20564102942311077,0
2165-VOEGB,Female,0,No,Yes,46,Yes,No,Fiber optic,Yes,Yes,No,Yes,Yes,Yes,One year,Yes,Bank transfer (automatic),105.2,4822.85,1,0.10044162406324193,0
1853-UDXBW,Male,0,Yes,Yes,1,Yes,No,Fiber optic,No,No,No,No,No,No,Month-to-month,Yes,Electronic check,70.0,70.0,1,0.663429595245789,1
9070-BCKQP,Female,0,Yes,No,72,Yes,Yes,Fiber optic,Yes,No,Yes,Yes,Yes,Yes,Two year,Yes,Credit card (automatic),110.15,7881.2,0,0.05633122651654451,0
1035-IPQPU,Female,1,Yes,No,63,Yes,Yes,Fiber optic,No,Yes,Yes,No,Yes,Yes,Month-to-month,Yes,Electronic check,103.5,6479.4,0,0.48766532595132267,1
2057-ZBLPD,Female,0,Yes,No,21,Yes,Yes,Fiber optic,No,No,No,No,No,Yes,Month-to-month,Yes,Electronic check,86.5,1808.7,1,0.6618185240257535,1
6967-PEJLL,Male,0,Yes,Yes,37,No,No phone service,DSL,Yes,No,Yes,Yes,No,No,One year,Yes,Electronic check,40.2,1525.35,0,0.0676368614901431,0
7879-CGSFV,Male,0,No,No,55,Yes,No,Fiber optic,Yes,Yes,No,No,Yes,Yes,One year,Yes,Mailed check,100.9,5552.05,0,0.13844881059453248,0
2257-BOVXD,Male,0,Yes,No,14,Yes,Yes,DSL,No,No,No,Yes,Yes,No,Month-to-month,Yes,Credit card (automatic),66.6,979.5,0,0.32456035404456945,0
9822-BIIGN,Male,0,Yes,Yes,53,Yes,Yes,DSL,Yes,No,No,Yes,No,Yes,Month-to-month,No,Electronic check,71.85,3827.9,0,0.06321935122360316,0
1136-XGEQU,Female,0,Yes,Yes,50,Yes,Yes,DSL,No,Yes,Yes,Yes,Yes,Yes,One year,Yes,Credit card (automatic),84.15,4164.4,0,0.06708134419469476,0
2439-LYPMQ,Male,1,Yes,No,38,Yes,Yes,Fiber optic,No,Yes,Yes,No,Yes,Yes,Month-to-month,Yes,Electronic check,102.6,4009.2,0,0.6737162948718257,1
6543-XRMYR,Female,1,No,No,30,Yes,Yes,Fiber optic,No,Yes,No,No,Yes,Yes,Month-to-month,Yes,Electronic check,99.7,2967.35,1,0.680341003046652,1
5753-QQWPW,Female,0,No,No,28,Yes,No,DSL,Yes,Yes,No,Yes,No,No,One year,Yes,Electronic check,59.9,1654.7,0,0.0669209647599478,0
4785-QRJHC,Male,1,Yes,No,46,No,No phone service,DSL,No,Yes,Yes,Yes,Yes,Yes,One year,Yes,Bank transfer (automatic),59.9,2816.65,1,0.10934245657060113,0
0052-YNYOT,Female,0,No,No,67,Yes,No,No,No internet service,No internet service,No internet service,No internet service,No internet service,No internet service,One year,No,Electronic check,20.55,1343.4,0,0.006675412173622537,0
7054-LGEQW,Female,0,No,No,1,Yes,No,DSL,No,No,No,No,No,No,Month-to-month,No,Mailed check,45.95,45.95,1,0.3367584323903888,0
0608-JDVEC,Male,0,Yes,No,50,Yes,No,No,No internet service,No internet service,No internet service,No internet service,No internet service,No internet service,Two year,No,Electronic check,19.8,1013.2,0,0.008373694579446816,0
6284-KMNUF,Female,0,Yes,No,56,Yes,Yes,Fiber optic,Yes,No,No,No,Yes,Yes,One year,Yes,Electronic check,98.0,5270.6,0,0.2704683446452593,0
6286-SUUWT,Male,0,No,No,1,Yes,No,No,No internet service,No internet service,No internet service,No internet service,No internet service,No internet service,Month-to-month,No,Mailed check,19.95,19.95,0,0.1956281673349961,0
3594-KADLU,Male,0,Yes,No,3,No,No phone service,DSL,Yes,No,No,Yes,No,No,Month-to-month,No,Mailed check,35.1,101.1,0,0.28920186845459206,0
0536-ACXIP,Female,0,Yes,No,72,Yes,Yes,Fiber optic,Yes,Yes,Yes,No,Yes,Yes,Two year,Yes,Electronic check,109.55,8165.1,0,0.10829452101367941,0
8869-TORSS,Female,0,No,No,48,Yes,No,DSL,Yes,No,Yes,Yes,No,No,One year,Yes,Credit card (automatic),60.35,2896.4,1,0.024735889391809117,0
0373-AIVNJ,Male,0,No,No,9,No,No phone service,DSL,Yes,Yes,Yes,No,No,No,One year,No,Mailed check,39.55,373.0,0,0.15655572407504803,0
6429-SHBCB,Male,0,No,No,19,Yes,Yes,DSL,No,No,No,No,Yes,Yes,Month-to-month,No,Mailed check,69.6,1394.55,0,0.38590175164687857,1
5751-USDBL,Male,0,Yes,Yes,46,Yes,No,DSL,Yes,No,Yes,Yes,Yes,Yes,Two year,No,Mailed check,81.0,3846.35,0,0.01690015647147,0
6815-ABQFQ,Male,0,Yes,No,56,Yes,Yes,Fiber optic,No,Yes,No,Yes,Yes,Yes,One year,Yes,Electronic check,107.25,6033.3,0,0.235350383410355,0
9450-TRJUU,Male,0,No,No,35,Yes,Yes,Fiber optic,No,No,No,No,Yes,No,Month-to-month,No,Electronic check,83.15,2848.45,0,0.5085768251261972,1
2805-AUFQN,Female,0,No,No,25,Yes,No,No,No internet service,No internet service,No internet service,No internet service,No internet service,No internet service,Two year,No,Credit card (automatic),19.8,475.2,0,0.01717523406728276,0
7855-DIWPO,Female,0,No,No,21,Yes,No,Fiber optic,No,No,No,No,No,No,Month-to-month,Yes,Electronic check,68.65,1493.2,0,0.561787583174575,1
0174-QRVVY,Male,0,Yes,Yes,71,Yes,Yes,No,No internet service,No internet service,No internet service,No internet service,No internet service,No internet service,Two year,No,Credit card (automatic),25.35,1847.55,0,0.002339118315750427,0
9507-EXLTT,Female,0,Yes,No,1,Yes,No,Fiber optic,No,No,No,No,Yes,No,Month-to-month,Yes,Bank transfer (automatic),79.35,79.35,1,0.679788928146282,1
8390-FESFV,Female,0,No,No,62,Yes,Yes,DSL,No,Yes,Yes,Yes,Yes,Yes,Two year,No,Bank transfer (automatic),84.5,5193.2,0,0.02097638764225313,0
0661-KBKPA,Male,0,Yes,Yes,53,Yes,Yes,DSL,No,No,Yes,Yes,Yes,Yes,One year,Yes,Mailed check,78.75,3942.45,0,0.07497290994937764,0
6856-RAURS,Female,0,No,No,2,Yes,Yes,Fiber optic,No,No,No,No,No,No,Month-to-month,Yes,Mailed check,74.9,136.05,0,0.6909019938889054,1
7322-OCWHC,Male,1,Yes,No,72,Yes,Yes,Fiber optic,Yes,Yes,Yes,Yes,No,No,Two year,Yes,Bank transfer (automatic),93.05,6735.05,0,0.032299144565297894,0
2203-GHNWN,Female,0,Yes,No,24,Yes,Yes,Fiber optic,No,No,Yes,No,No,No,Month-to-month,Yes,Mailed check,79.65,1928.7,0,0.5219624681496013,1
3413-CSSTH,Male,0,No,No,41,Yes,Yes,DSL,No,No,Yes,No,No,No,Month-to-month,Yes,Bank transfer (automatic),55.7,2237.55,0,0.15944331907910558,0
3006-XIMLN,Female,0,No,Yes,2,Yes,Yes,Fiber optic,No,No,No,No,Yes,Yes,Month-to-month,Yes,Bank transfer (automatic),94.2,193.8,1,0.7298522580200935,1
3750-CKVKH,Male,0,No,No,2,Yes,No,Fiber optic,No,No,No,No,No,No,Month-to-month,Yes,Electronic check,67.75,116.65,1,0.7273954925821818,1
0576-WNXXC,Male,1,Yes,No,27,Yes,Yes,Fiber optic,No,Yes,Yes,No,No,Yes,Month-to-month,Yes,Electronic check,95.55,2510.2,1,0.6291514536263685,1
7056-IMHCC,Male,1,Yes,No,53,Yes,Yes,Fiber optic,No,Yes,No,No,Yes,Yes,Month-to-month,Yes,Electronic check,101.9,5549.4,1,0.5245513824711723,1
0866-QLSIR,Female,0,No,No,34,Yes,Yes,DSL,Yes,Yes,No,Yes,No,No,One year,Yes,Mailed check,64.4,2088.75,1,0.05538626553080611,0
1628-BIZYP,Male,0,No,No,1,Yes,No,Fiber optic,No,Yes,No,No,No,Yes,Month-to-month,Yes,Electronic check,85.0,85.0,0,0.7144089090070271,1
2230-XTUWL,Female,0,Yes,Yes,48,Yes,No,No,No internet service,No internet service,No internet service,No internet service,No internet service,No internet service,Two year,No,Mailed check,19.55,883.35,0,0.0052603970420688735,0
1980-KXVPM,Female,1,No,No,3,Yes,Yes,Fiber optic,No,No,No,No,No,No,Month-to-month,Yes,Credit card (automatic),75.05,256.25,1,0.6936390639032579,1
8619-IJNDK,Female,0,Yes,Yes,71,Yes,No,DSL,Yes,Yes,Yes,Yes,No,No,Two year,No,Credit card (automatic),64.05,4492.9,0,0.0029125570452340458,0
2960-NKRSO,Male,0,No,No,24,Yes,No,Fiber optic,No,Yes,Yes,Yes,No,No,Month-to-month,Yes,Electronic check,85.95,2107.15,0,0.381575077553396,1
6705-LXORM,Female,1,Yes,No,5,Yes,No,Fiber optic,No,No,No,No,No,No,Month-to-month,No,Electronic check,70.05,302.6,0,0.6226987339768603,1
7130-VTEWQ,Female,1,No,No,8,Yes,Yes,Fiber optic,No,No,No,No,No,No,Month-to-month,Yes,Electronic check,75.75,606.25,1,0.7328281565988148,1
9364-YKUVW,Male,0,No,No,15,Yes,No,No,No internet service,No internet service,No internet service,No internet service,No internet service,No internet service,Month-to-month,Yes,Mailed check,19.8,309.4,0,0.15461252031981765,0
2761-OCIAX,Male,1,No,No,2,Yes,No,Fiber optic,No,Yes,No,No,No,No,Month-to-month,Yes,Electronic check,74.7,165.4,1,0.6968284217922588,1
7996-BPXHY,Female,0,Yes,Yes,13,Yes,Yes,No,No internet service,No internet service,No internet service,No internet service,No internet service,No internet service,Two year,Yes,Bank transfer (automatic),25.0,332.5,0,0.04797790076782709,0
4248-QPAVC,Female,1,Yes,No,17,Yes,Yes,Fiber optic,Yes,No,Yes,No,No,No,Month-to-month,Yes,Bank transfer (automatic),85.35,1463.45,1,0.48462597786778777,1
9357-UJRUN,Male,0,Yes,No,24,Yes,Yes,DSL,Yes,No,No,Yes,No,No,One year,Yes,Electronic check,58.35,1346.9,0,0.1309765902239333,0
6340-DACFT,Female,0,Yes,Yes,50,Yes,No,No,No internet service,No internet service,No internet service,No internet service,No internet service,No internet service,Two year,No,Credit card (automatic),20.55,1070.25,0,0.004218825776700909,0
1023-BQXZE,Male,0,No,No,57,Yes,No,DSL,Yes,No,Yes,No,Yes,Yes,Two year,Yes,Bank transfer (automatic),74.35,4317.35,0,0.027975972252971965,0
5480-HPRRX,Female,1,No,No,3,No,No phone service,DSL,No,No,No,No,No,No,Month-to-month,No,Electronic check,25.3,77.75,1,0.5739511511046083,1
9576-SYUHJ,Male,0,No,No,37,Yes,Yes,Fiber optic,Yes,No,No,No,Yes,No,Month-to-month,Yes,Electronic check,91.15,3369.25,0,0.4540417541916661,1
2169-RRLFW,Female,0,Yes,No,71,Yes,Yes,No,No internet service,No internet service,No internet service,No internet service,No internet service,No internet service,Two year,No,Credit card (automatic),25.6,1888.25,0,0.002846331022362151,0
8338-QIUNR,Male,0,Yes,Yes,72,Yes,Yes,DSL,Yes,No,Yes,Yes,No,No,Two year,Yes,Credit card (automatic),66.5,4811.6,0,0.00606242571171837,0
0463-TXOAK,Male,0,No,Yes,52,Yes,Yes,No,No internet service,No internet service,No internet service,No internet service,No internet service,No internet service,Two year,No,Credit card (automatic),25.6,1334.5,0,0.005375154953846506,0
4396-KLSEH,Male,0,No,No,4,Yes,No,No,No internet service,No internet service,No internet service,No internet service,No internet service,No internet service,Month-to-month,Yes,Electronic check,19.85,63.0,0,0.2942662935651054,0
5186-EJEGL,Male,0,No,No,9,Yes,No,DSL,Yes,No,Yes,Yes,Yes,No,Month-to-month,Yes,Mailed check,69.5,653.25,0,0.250438360804309,0
9334-GWGOW,Male,1,Yes,No,7,Yes,Yes,Fiber optic,No,No,No,No,No,No,Month-to-month,Yes,Electronic check,74.85,485.25,0,0.7559155909480416,1
5696-JVVQY,Female,0,Yes,Yes,48,Yes,No,DSL,Yes,Yes,Yes,No,No,Yes,Two year,Yes,Credit card (automatic),70.1,3238.4,0,0.01724665746793305,0
9633-DENPU,Female,0,Yes,No,47,Yes,No,DSL,No,Yes,No,No,Yes,No,Month-to-month,Yes,Bank transfer (automatic),58.6,2723.4,0,0.1260595451560625,0
0581-BXBUB,Female,1,No,No,4,Yes,No,Fiber optic,No,Yes,No,No,No,No,Month-to-month,No,Electronic check,72.75,317.75,0,0.6212179876426982,1
2750-BJLSB,Female,0,No,No,47,Yes,No,Fiber optic,Yes,No,Yes,Yes,Yes,Yes,One year,Yes,Electronic check,103.7,4730.6,0,0.1941270379182683,0
2770-NSVDG,Male,0,Yes,No,24,No,No phone service,DSL,No,No,Yes,No,No,No,Month-to-month,No,Electronic check,29.1,688.0,0,0.3258917567718516,0
8280-MQRQN,Female,0,No,No,1,Yes,No,DSL,No,No,Yes,No,No,No,Month-to-month,Yes,Mailed check,50.45,50.45,1,0.42066317193790964,1
7851-FLGGQ,Male,0,No,No,1,No,No phone service,DSL,No,Yes,No,Yes,No,Yes,Month-to-month,Yes,Mailed check,44.65,44.65,1,0.5067928015117943,1
9374-YOLBJ,Female,0,Yes,Yes,1,Yes,No,No,No internet service,No internet service,No internet service,No internet service,No internet service,No internet service,Month-to-month,No,Electronic check,19.25,19.25,0,0.21655174786930204,0
6583-SZVGP,Male,0,No,No,48,Yes,Yes,Fiber optic,No,Yes,Yes,No,Yes,Yes,Two year,Yes,Bank transfer (automatic),108.1,5067.45,0,0.14164172370454492,0
2150-OEGBV,Male,0,No,No,27,Yes,No,No,No internet service,No internet service,No internet service,No internet service,No internet service,No internet service,One year,No,Bank transfer (automatic),20.1,562.6,0,0.03141197931214613,0
9372-TXXPS,Female,0,Yes,No,60,Yes,No,DSL,Yes,Yes,No,Yes,No,No,Two year,No,Bank transfer (automatic),59.85,3483.45,0,0.005135984351003668,0
6933-FHBZC,Female,0,No,No,26,Yes,No,DSL,No,Yes,Yes,No,No,No,One year,Yes,Mailed check,56.05,1553.2,0,0.10169651302350143,0
4698-KVLLG,Female,1,No,No,51,Yes,No,No,No internet service,No internet service,No internet service,No internet service,No internet service,No internet service,Two year,No,Credit card (automatic),19.6,967.9,0,0.00585816881168685,0
8752-STIVR,Female,0,No,No,4,Yes,No,Fiber optic,No,No,No,No,Yes,No,Month-to-month,Yes,Electronic check,79.0,303.15,1,0.7384890886106791,1
8623-ULFNQ,Female,1,No,No,26,Yes,Yes,DSL,No,No,No,Yes,No,Yes,Month-to-month,Yes,Electronic check,66.05,1652.4,0,0.34374248179843353,0
9822-WMWVG,Female,0,No,No,41,Yes,Yes,Fiber optic,Yes,Yes,Yes,Yes,Yes,No,Month-to-month,Yes,Electronic check,106.5,4282.4,0,0.30667064611798767,0
4304-TSPVK,Female,0,Yes,No,68,Yes,Yes,Fiber optic,Yes,Yes,Yes,Yes,Yes,Yes,Two year,No,Bank transfer (automatic),114.9,7843.55,0,0.041789120466528724,0
1716-LSAMB,Male,0,Yes,Yes,45,Yes,No,DSL,Yes,No,No,Yes,No,No,Two year,No,Bank transfer (automatic),54.65,2553.7,0,0.008886611762486908,0
3523-QRQLL,Female,0,Yes,Yes,22,Yes,No,DSL,No,Yes,No,No,Yes,Yes,One year,Yes,Bank transfer (automatic),69.5,1498.2,1,0.15601714429114782,0
2187-PKZAY,Male,0,No,No,12,Yes,No,Fiber optic,No,No,No,No,No,Yes,Month-to-month,Yes,Bank transfer (automatic),79.95,1043.4,0,0.5940489838465838,1
1895-QTKDO,Female,0,No,No,1,Yes,No,DSL,No,No,No,No,No,No,Month-to-month,No,Credit card (automatic),43.95,43.95,0,0.34199536916012263,0
8161-QYMTT,Male,0,No,No,7,Yes,Yes,Fiber optic,No,No,No,No,Yes,Yes,Month-to-month,Yes,Electronic check,94.1,701.3,0,0.8170880788071763,1
2955-PSXOE,Female,0,No,No,1,Yes,No,No,No internet service,No internet service,No internet service,No internet service,No internet service,No internet service,Month-to-month,Yes,Bank transfer (automatic),20.2,20.2,1,0.2391007361886185,0
6834-NXDCA,Female,0,No,No,13,No,No phone service,DSL,No,No,No,No,No,No,Month-to-month,Yes,Electronic check,23.9,300.8,1,0.5347614814210448,1
8701-DGLVH,Male,0,No,No,51,Yes,No,No,No internet service,No internet service,No internet service,No internet service,No internet service,No internet service,Two year,No,Mailed check,20.45,1042.65,0,0.005536228736365125,0
2480-SQIOB,Male,0,Yes,Yes,4,Yes,No,DSL,No,No,No,No,No,No,Month-to-month,No,Electronic check,44.8,169.65,0,0.3533758412605292,1
4993-JCRGJ,Male,0,No,No,26,Yes,Yes,Fiber optic,No,No,Yes,Yes,No,No,Month-to-month,Yes,Mailed check,84.3,2281.6,0,0.43001977928026497,1
0581-MDMPW,Female,0,No,No,24,Yes,Yes,Fiber optic,No,No,Yes,No,Yes,No,Month-to-month,Yes,Credit card (automatic),88.95,2072.75,0,0.5649339183566958,1
7789-CRUVC,Female,1,Yes,No,61,Yes,Yes,Fiber optic,Yes,Yes,Yes,Yes,No,No,Month-to-month,Yes,Credit card (automatic),94.2,5895.45,0,0.14430824891517186,0
0164-APGRB,Female,0,No,No,72,Yes,Yes,Fiber optic,Yes,Yes,Yes,Yes,Yes,Yes,Two year,Yes,Electronic check,114.9,8496.7,0,0.07989393216044886,0
8034-RYTVV,Female,0,No,No,55,Yes,Yes,Fiber optic,Yes,No,Yes,No,No,No,One year,Yes,Credit card (automatic),84.25,4589.85,0,0.10942562857124315,0
3018-TFTSU,Male,0,No,No,12,Yes,No,Fiber optic,Yes,No,Yes,No,No,No,Month-to-month,No,Bank transfer (automatic),81.7,858.6,1,0.30301983121177434,0
9777-IQHWP,Male,0,Yes,Yes,64,Yes,Yes,Fiber optic,Yes,No,Yes,No,No,Yes,Two year,No,Bank transfer (automatic),93.4,5822.3,0,0.039483271412875866,0
6899-PPEEA,Female,1,No,No,37,Yes,Yes,Fiber optic,No,No,No,No,Yes,Yes,Month-to-month,Yes,Electronic check,96.55,3580.3,1,0.648083786448574,1
6701-YVNQG,Male,0,Yes,No,72,Yes,Yes,DSL,Yes,Yes,Yes,Yes,Yes,Yes,Two year,Yes,Credit card (automatic),88.7,6301.7,0,0.016623229344568807,0
7649-PHJVR,Male,0,No,No,11,Yes,No,No,No internet service,No internet service,No internet service,No internet service,No internet service,No internet service,One year,No,Mailed check,19.5,226.8,0,0.07195847977017224,0
9278-VZKCD,Female,1,Yes,No,52,Yes,Yes,Fiber optic,Yes,Yes,Yes,No,Yes,Yes,Month-to-month,Yes,Electronic check,109.1,5647.95,0,0.4642327952268497,1
7636-PEPNS,Female,0,Yes,Yes,58,Yes,No,DSL,No,No,No,No,No,No,One year,Yes,Mailed check,44.1,2413.05,0,0.029337464068945305,0
1575-KRZZE,Female,0,No,No,4,Yes,No,DSL,Yes,Yes,No,No,No,No,Month-to-month,No,Electronic check,55.2,220.65,0,0.25971731213789523,0
8590-OHDIW,Female,0,Yes,Yes,38,Yes,No,No,No internet service,No internet service,No internet service,No internet service,No internet service,No internet service,One year,No,Mailed check,20.3,749.35,0,0.01594220907644,0
7764-BDPEE,Male,0,No,Yes,3,Yes,No,No,No internet service,No internet service,No internet service,No internet service,No internet service,No internet service,Month-to-month,No,Mailed check,20.85,60.65,0,0.14315489339757778,0
9480-BQJEI,Male,0,No,No,62,Yes,Yes,Fiber optic,Yes,Yes,No,No,No,Yes,One year,Yes,Bank transfer (automatic),92.3,5731.45,0,0.12627513278470862,0
3354-OADJP,Female,0,No,No,8,Yes,No,DSL,Yes,No,No,Yes,No,No,One year,No,Bank transfer (automatic),54.25,447.75,0,0.08202154924374443,0
3181-MIZBN,Male,0,Yes,Yes,16,Yes,No,No,No internet service,No internet service,No internet service,No internet service,No internet service,No internet service,Month-to-month,No,Electronic check,19.75,313.4,0,0.11806887698641595,0
9327-QSDED,Male,0,No,No,8,Yes,No,DSL,No,No,No,No,No,No,Month-to-month,No,Mailed check,43.55,335.4,0,0.30963963799964245,0
4892-VLANZ,Male,0,No,No,1,Yes,No,No,No internet service,No internet service,No internet service,No internet service,No internet service,No internet service,Month-to-month,No,Mailed check,19.8,19.8,1,0.197099088093992,0
0298-XACET,Male,0,Yes,Yes,52,No,No phone service,DSL,No,Yes,Yes,Yes,Yes,No,Two year,No,Mailed check,50.2,2554.0,0,0.017094397207518375,0
6917-FIJHC,Female,0,Yes,No,72,Yes,Yes,No,No internet service,No internet service,No internet service,No internet service,No internet service,No internet service,Two year,Yes,Mailed check,26.0,1776.0,0,0.004095730235089178,0
6557-BZXLQ,Male,1,No,No,16,Yes,No,Fiber optic,No,No,No,No,No,No,Month-to-month,No,Electronic check,69.65,1043.3,0,0.5334549486723164,1
2432-TFSMK,Male,0,No,No,18,Yes,Yes,Fiber optic,No,No,Yes,No,Yes,No,One year,Yes,Credit card (automatic),89.6,1633.0,0,0.43821728312637637,1
4211-MMAZN,Male,0,No,No,1,Yes,No,No,No internet service,No internet service,No internet service,No internet service,No internet service,No internet service,Month-to-month,No,Mailed check,20.25,20.25,1,0.1927112862653623,0
4751-ERMAN,Male,0,Yes,Yes,72,Yes,No,DSL,No,Yes,Yes,No,Yes,Yes,Two year,Yes,Bank transfer (automatic),75.4,5480.25,0,0.01673817954618258,0
8430-TWCBX,Female,0,Yes,No,49,Yes,No,No,No internet service,No internet service,No internet service,No internet service,No internet service,No internet service,One year,No,Credit card (automatic),20.7,1032.05,0,0.010639288448358,0
1942-OQFRW,Male,0,No,No,1,Yes,No,DSL,No,No,No,No,No,No,Month-to-month,No,Electronic check,44.0,44.0,0,0.4441026448746346,1
4075-JFPGR,Female,0,Yes,No,51,Yes,No,Fiber optic,Yes,Yes,Yes,No,Yes,No,One year,Yes,Electronic check,93.5,4619.55,0,0.16051621391291337,0
3339-EAQNV,Male,1,Yes,No,72,Yes,Yes,Fiber optic,No,Yes,No,No,Yes,Yes,One year,Yes,Credit card (automatic),97.25,7133.1,0,0.21049966777512968,0
5329-KRDTM,Male,1,Yes,No,72,Yes,Yes,DSL,No,Yes,Yes,Yes,Yes,No,Two year,No,Credit card (automatic),77.35,5396.25,0,0.010465094984805582,0
0307-BCOPK,Female,0,No,No,16,Yes,No,No,No internet service,No internet service,No internet service,No internet service,No internet service,No internet service,One year,No,Mailed check,19.05,326.65,0,0.05791110405805204,0
6473-ULUHT,Male,0,Yes,Yes,16,Yes,Yes,DSL,Yes,Yes,No,Yes,Yes,Yes,Month-to-month,No,Electronic check,84.9,1398.25,0,0.23037082910829773,0
1194-SPVSP,Male,0,No,No,1,Yes,No,No,No internet service,No internet service,No internet service,No internet service,No internet service,No internet service,Month-to-month,No,Bank transfer (automatic),19.65,19.65,0,0.18673616548649305,0
7249-WBIYX,Male,0,Yes,No,10,Yes,Yes,Fiber optic,No,No,No,No,Yes,No,Month-to-month,Yes,Electronic check,85.6,813.85,1,0.746080148726809,1
2293-IJWPS,Female,0,Yes,No,57,Yes,Yes,Fiber optic,No,No,Yes,No,Yes,Yes,One year,Yes,Credit card (automatic),100.75,5985.0,0,0.25621810359585007,0
4377-VDHYI,Male,0,Yes,Yes,32,Yes,No,Fiber optic,Yes,Yes,No,No,No,Yes,One year,Yes,Electronic check,90.8,3023.85,0,0.2051522882177304,0
0019-EFAEP,Female,0,No,No,72,Yes,Yes,Fiber optic,Yes,Yes,Yes,No,Yes,No,Two year,Yes,Bank transfer (automatic),101.3,7261.25,0,0.04445328579542936,0
2480-EJWYP,Female,1,Yes,No,58,Yes,Yes,Fiber optic,No,Yes,No,No,Yes,Yes,One year,Yes,Bank transfer (automatic),97.8,5458.8,0,0.2617723077390089,0
8970-ANWXO,Female,0,No,No,23,Yes,Yes,DSL,No,No,No,Yes,Yes,Yes,One year,Yes,Mailed check,73.75,1756.6,0,0.22165704351942103,0
8739-WWKDU,Male,1,No,No,25,Yes,Yes,Fiber optic,No,Yes,No,No,Yes,No,Month-to-month,Yes,Electronic check,89.5,2196.15,1,0.655446146618329,1
2171-UDMFD,Male,0,Yes,Yes,32,Yes,No,No,No internet service,No internet service,No internet service,No internet service,No internet service,No internet service,Month-to-month,Yes,Credit card (automatic),19.45,674.55,0,0.05815655959324885,0
7036-TYDEC,Female,0,No,No,69,Yes,Yes,Fiber optic,No,No,Yes,Yes,Yes,Yes,Two year,No,Electronic check,104.0,7028.5,0,0.08659580351000959,0
3831-YCPUO,Female,0,Yes,Yes,72,Yes,No,Fiber optic,Yes,Yes,Yes,Yes,Yes,Yes,Two year,Yes,Credit card (automatic),109.5,7854.9,0,0.02993175036865787,0
0121-SNYRK,Male,0,No,No,50,No,No phone service,DSL,Yes,No,No,Yes,No,No,One year,Yes,Mailed check,35.4,1748.9,0,0.03467985724839735,0
3325-FUYCG,Male,0,Yes,Yes,28,Yes,Yes,Fiber optic,Yes,Yes,No,No,Yes,Yes,One year,No,Electronic check,106.1,2847.4,1,0.25400803922827897,0
1952-DVVSW,Female,0,Yes,No,10,Yes,No,No,No internet service,No internet service,No internet service,No internet service,No internet service,No internet service,One year,No,Mailed check,20.1,184.4,0,0.07218103329232346,0
3571-DPYUH,Male,0,Yes,Yes,58,Yes,Yes,Fiber optic,No,Yes,No,Yes,Yes,No,One year,Yes,Credit card (automatic),94.7,5430.35,0,0.106448666308044,0
2077-MPJQO,Male,1,Yes,No,7,Yes,Yes,Fiber optic,No,No,No,No,No,No,Month-to-month,Yes,Electronic check,75.4,533.05,0,0.751774447397807,1
2391-SOORI,Male,0,No,Yes,4,Yes,No,DSL,Yes,No,No,No,No,No,Month-to-month,No,Electronic check,49.35,219.65,1,0.26670274422582196,0
4086-ATNFV,Female,0,Yes,Yes,34,Yes,No,DSL,Yes,Yes,Yes,No,No,No,One year,Yes,Mailed check,60.8,2042.05,0,0.04344989190386116,0
3396-DKDEL,Female,0,Yes,Yes,70,Yes,Yes,Fiber optic,Yes,Yes,Yes,Yes,Yes,Yes,Two year,Yes,Credit card (automatic),115.15,8250.0,0,0.046075879611866266,0
7471-MQPOS,Male,1,Yes,Yes,71,Yes,Yes,DSL,No,Yes,Yes,Yes,No,Yes,One year,Yes,Bank transfer (automatic),72.9,5139.65,0,0.031128777725061077,0
7181-OQCUT,Male,0,No,No,21,Yes,Yes,Fiber optic,Yes,No,Yes,No,Yes,Yes,Month-to-month,No,Mailed check,103.85,2215.0,0,0.5009170957788988,1
3489-VSFRD,Female,0,No,No,56,Yes,No,DSL,Yes,No,Yes,Yes,No,No,One year,Yes,Credit card (automatic),60.25,3282.75,0,0.018120663243395008,0
6283-GITPX,Male,0,No,Yes,71,Yes,No,DSL,Yes,Yes,Yes,Yes,Yes,No,Two year,Yes,Credit card (automatic),76.9,5522.7,0,0.005660295846785683,0
2845-HSJCY,Female,0,Yes,Yes,14,Yes,Yes,Fiber optic,No,No,Yes,No,No,Yes,Month-to-month,Yes,Electronic check,87.25,1258.6,1,0.7105679073544966,1
7216-KAOID,Male,0,Yes,Yes,41,Yes,No,No,No internet service,No internet service,No internet service,No internet service,No internet service,No internet service,One year,No,Bank transfer (automatic),19.5,798.2,0,0.013754600660305637,0
6680-WKXRZ,Female,0,No,No,3,Yes,Yes,Fiber optic,No,No,No,No,No,No,Month-to-month,No,Bank transfer (automatic),74.4,215.8,1,0.5882475742205728,1
2346-LOCWC,Female,0,Yes,Yes,58,Yes,No,No,No internet service,No internet service,No internet service,No internet service,No internet service,No internet service,Two year,No,Credit card (automatic),20.5,1191.4,0,0.0028669878012235243,0
0769-MURVM,Female,0,Yes,Yes,72,No,No phone service,DSL,Yes,Yes,Yes,Yes,Yes,Yes,Two year,No,Bank transfer (automatic),65.7,4575.35,0,0.007123434108741137,0
3374-LXDEV,Female,0,No,No,13,Yes,Yes,Fiber optic,No,Yes,Yes,Yes,No,No,Month-to-month,No,Electronic check,89.4,1132.35,1,0.46017904909392116,1
5318-YKDPV,Male,0,Yes,Yes,43,Yes,No,DSL,Yes,No,Yes,Yes,Yes,Yes,Two year,Yes,Credit card (automatic),79.15,3566.6,0,0.0268273650764939,0
8190-ZTQFB,Male,0,No,No,41,No,No phone service,DSL,No,No,Yes,No,Yes,Yes,One year,Yes,Electronic check,51.35,2075.1,0,0.2091981783131791,0
4512-ZUIYL,Female,0,No,No,2,Yes,No,Fiber optic,No,No,No,No,No,No,Month-to-month,No,Bank transfer (automatic),70.0,153.05,1,0.5179802042224682,1
3090-QFUVD,Female,0,No,No,1,Yes,No,No,No internet service,No internet service,No internet service,No internet service,No internet service,No internet service,Month-to-month,No,Credit card (automatic),20.3,20.3,0,0.17384418481146163,0
4806-KEXQR,Male,0,No,No,4,Yes,No,Fiber optic,No,No,No,No,No,Yes,Month-to-month,Yes,Electronic check,79.9,324.3,1,0.7331464107164919,1
2369-FEVNO,Male,0,No,No,1,Yes,No,No,No internet service,No internet service,No internet service,No internet service,No internet service,No internet service,Month-to-month,Yes,Mailed check,19.9,19.9,0,0.26101238976571656,0
9637-CDTKZ,Male,0,Yes,No,72,Yes,Yes,Fiber optic,Yes,Yes,Yes,Yes,Yes,Yes,Two year,Yes,Credit card (automatic),114.1,8086.4,0,0.053921955515627396,0
2954-PIBKO,Female,0,Yes,Yes,69,Yes,Yes,DSL,Yes,No,Yes,Yes,No,No,Two year,Yes,Credit card (automatic),64.15,4254.1,0,0.006984544395724214,0
2212-LYASK,Male,0,Yes,Yes,27,No,No phone service,DSL,No,Yes,Yes,No,No,Yes,One year,Yes,Credit card (automatic),45.85,1246.4,0,0.14375570373658675,0
9481-SFCQY,Female,0,No,Yes,14,Yes,No,DSL,No,No,Yes,No,Yes,No,Month-to-month,Yes,Credit card (automatic),59.8,824.85,0,0.2932922891294516,0
2828-SLQPF,Male,0,No,No,19,Yes,No,DSL,No,No,No,No,No,No,Month-to-month,Yes,Bank transfer (automatic),45.0,865.85,0,0.2603064835376475,0
4647-MUZON,Female,0,Yes,No,18,Yes,No,Fiber optic,No,No,Yes,No,Yes,Yes,Month-to-month,Yes,Credit card (automatic),95.95,1745.5,0,0.5801303370819938,1
8212-DJRCH,Male,0,Yes,Yes,5,Yes,No,Fiber optic,Yes,No,Yes,No,No,Yes,Month-to-month,Yes,Mailed check,90.35,434.5,0,0.4931637002114281,1
0516-OOHAR,Male,0,Yes,Yes,28,Yes,No,Fiber optic,No,Yes,Yes,No,Yes,Yes,One year,No,Bank transfer (automatic),100.35,2799.0,0,0.20903669472556574,0
4973-RLZVI,Female,0,No,No,30,Yes,No,DSL,Yes,Yes,Yes,Yes,Yes,No,One year,No,Credit card (automatic),74.65,2308.6,0,0.040278670749614255,0
8089-UZWLX,Female,1,No,No,71,Yes,Yes,Fiber optic,No,No,Yes,No,Yes,Yes,Two year,No,Bank transfer (automatic),104.05,7413.55,0,0.0728225414764607,0
9732-KPKBW,Male,0,No,No,1,Yes,No,DSL,Yes,No,No,Yes,No,No,Month-to-month,Yes,Electronic check,53.95,53.95,1,0.34256689928519196,0
9715-WZCLW,Male,0,Yes,Yes,71,Yes,Yes,Fiber optic,Yes,No,No,No,Yes,Yes,Two year,Yes,Electronic check,97.2,6910.3,0,0.10009959720451102,0
0257-KXZGU,Female,0,Yes,Yes,32,Yes,Yes,DSL,No,Yes,Yes,No,No,No,Month-to-month,No,Bank transfer (automatic),62.45,2045.55,0,0.10651598282135608,0
0707-HOVVN,Female,1,No,No,70,Yes,Yes,DSL,No,Yes,Yes,Yes,Yes,No,Two year,Yes,Bank transfer (automatic),75.5,5212.65,0,0.0175891003247394,0
5501-TVMGM,Male,0,No,No,1,Yes,No,DSL,No,No,No,No,No,Yes,Month-to-month,Yes,Electronic check,55.25,55.25,0,0.5712231577943083,1
3422-LYEPQ,Male,0,Yes,Yes,1,Yes,No,Fiber optic,No,No,No,No,No,No,Month-to-month,Yes,Electronic check,71.0,71.0,1,0.6494162517927434,1
2277-VWCNI,Female,1,No,No,4,Yes,Yes,DSL,No,No,No,No,No,No,Month-to-month,No,Mailed check,48.75,179.85,0,0.4415184772211001,1
5461-QKNTN,Male,1,Yes,No,43,Yes,Yes,Fiber optic,No,Yes,No,Yes,Yes,No,Month-to-month,Yes,Electronic check,94.3,3953.15,0,0.44861720583920106,1
3967-KXAPS,Male,0,Yes,No,72,Yes,Yes,DSL,Yes,Yes,Yes,Yes,Yes,Yes,Two year,No,Credit card (automatic),92.3,6719.9,0,0.010253259403424439,0
6919-ELBGL,Male,1,Yes,Yes,72,Yes,Yes,Fiber optic,Yes,Yes,Yes,Yes,Yes,Yes,Two year,Yes,Bank transfer (automatic),114.95,8196.4,0,0.05001674892756731,0
8361-LTMKD,Male,1,Yes,No,4,Yes,Yes,Fiber optic,No,No,No,No,No,No,Month-to-month,Yes,Mailed check,74.4,306.6,1,0.7234472385359393,1
1131-ALZWV,Female,0,No,No,24,Yes,Yes,No,No internet service,No internet service,No internet service,No internet service,No internet service,No internet service,One year,No,Bank transfer (automatic),24.6,605.25,0,0.048954290523097174,0
5178-LMXOP,Male,1,Yes,No,1,Yes,Yes,Fiber optic,No,No,No,No,Yes,Yes,Month-to-month,Yes,Electronic check,95.1,95.1,1,0.8537773629982828,1
8992-CEUEN,Female,0,No,No,1,Yes,No,No,No internet service,No internet service,No internet service,No internet service,No internet service,No internet service,Month-to-month,No,Electronic check,18.85,18.85,0,0.25776250775375187,0
3320-VEOYC,Male,1,No,No,14,Yes,Yes,Fiber optic,No,No,No,No,Yes,Yes,Month-to-month,Yes,Electronic check,95.6,1273.3,0,0.7898144675611231,1
3672-YITQD,Male,1,Yes,No,36,Yes,Yes,Fiber optic,No,No,No,No,No,Yes,Month-to-month,Yes,Electronic check,84.1,3021.6,1,0.6233056820694819,1
6080-TCMYC,Male,0,Yes,Yes,40,Yes,Yes,Fiber optic,No,No,Yes,No,No,No,Month-to-month,Yes,Electronic check,81.2,3292.3,0,0.40105749765877485,1
6734-FQAJX,Male,1,No,No,67,Yes,No,Fiber optic,Yes,Yes,No,Yes,Yes,Yes,Two year,Yes,Electronic check,105.05,7171.7,0,0.06949968436636014,0
1063-DHQJF,Male,0,Yes,Yes,69,Yes,No,Fiber optic,No,Yes,No,Yes,Yes,No,Two year,Yes,Mailed check,92.15,6480.9,0,0.03069004981517356,0
3976-NLDEZ,Male,0,No,No,1,Yes,No,No,No internet service,No internet service,No internet service,No internet service,No internet service,No internet service,Month-to-month,No,Mailed check,20.6,20.6,0,0.18935024975613482,0
1729-VLAZJ,Female,0,No,Yes,10,No,No phone service,DSL,Yes,Yes,No,Yes,No,No,One year,No,Mailed check,40.25,411.45,0,0.08718315481846267,0
3400-ESFUW,Male,0,Yes,Yes,55,Yes,No,DSL,Yes,Yes,No,Yes,No,No,Two year,No,Bank transfer (automatic),57.55,3046.4,1,0.00564430647164688,0
5271-YNWVR,Male,0,Yes,Yes,68,Yes,Yes,Fiber optic,Yes,Yes,Yes,Yes,Yes,Yes,Two year,Yes,Electronic check,113.15,7856.0,1,0.07826758789112412,0
1587-FKLZB,Male,1,Yes,Yes,66,Yes,Yes,Fiber optic,No,No,Yes,No,Yes,Yes,Month-to-month,Yes,Credit card (automatic),99.5,6822.15,1,0.3517633247584227,1
0958-YHXGP,Female,0,No,No,7,Yes,No,Fiber optic,No,No,No,No,No,No,Month-to-month,Yes,Mailed check,69.9,497.3,0,0.586022279995151,1
1494-EJZDW,Female,0,Yes,Yes,10,Yes,No,No,No internet service,No internet service,No internet service,No internet service,No internet service,No internet service,Two year,No,Mailed check,20.15,220.8,0,0.030906123181187035,0
1816-FLZDK,Male,0,No,No,1,No,No phone service,DSL,No,No,No,Yes,No,No,Month-to-month,No,Mailed check,29.15,29.15,0,0.41418949358879764,1
2075-PUEPR,Male,0,Yes,Yes,55,Yes,No,No,No internet service,No internet service,No internet service,No internet service,No internet service,No internet service,Two year,No,Bank transfer (automatic),19.35,1153.25,0,0.003741086988549829,0
1833-TCXKK,Male,0,Yes,No,45,Yes,Yes,Fiber optic,No,Yes,Yes,No,Yes,Yes,Month-to-month,Yes,Bank transfer (automatic),107.75,4882.8,0,0.4311279898829612,1
1436-ZMJAN,Female,0,Yes,No,10,Yes,No,DSL,No,No,Yes,No,Yes,Yes,Month-to-month,Yes,Credit card (automatic),67.8,653.15,0,0.46865512279880983,1
0106-UGRDO,Female,0,Yes,No,69,Yes,Yes,Fiber optic,Yes,Yes,Yes,Yes,Yes,Yes,Two year,Yes,Electronic check,116.0,8182.85,0,0.08223238167870094,0
1069-XAIEM,Female,1,No,No,1,Yes,Yes,Fiber optic,No,No,No,No,No,Yes,Month-to-month,Yes,Electronic check,85.05,85.05,1,0.8186028148657359,1
4213-HKBJO,Female,0,No,No,33,Yes,Yes,No,No internet service,No internet service,No internet service,No internet service,No internet service,No internet service,Two year,No,Credit card (automatic),25.7,826.1,0,0.015489526174588616,0
8345-MVDYC,Female,0,No,No,45,Yes,No,DSL,Yes,No,Yes,Yes,Yes,Yes,Two year,No,Bank transfer (automatic),81.65,3618.7,0,0.017927824889199338,0
2672-OJQZP,Female,0,No,No,1,Yes,No,DSL,No,No,No,No,No,No,Month-to-month,No,Mailed check,44.75,44.75,0,0.35361099207281343,1
5136-RGMZO,Male,0,No,No,31,Yes,Yes,DSL,No,Yes,No,Yes,Yes,No,Month-to-month,Yes,Electronic check,71.05,2168.15,0,0.25150930628773055,0
5774-QPLTF,Male,0,Yes,Yes,50,Yes,No,No,No internet service,No internet service,No internet service,No internet service,No internet service,No internet service,One year,Yes,Mailed check,20.35,938.95,0,0.013152764565005108,0
5240-CAOYT,Female,0,No,No,57,Yes,Yes,Fiber optic,Yes,Yes,No,Yes,No,No,Month-to-month,Yes,Bank transfer (automatic),87.55,4884.85,0,0.1397738030452237,0
3707-GNWHM,Male,0,No,No,1,Yes,Yes,Fiber optic,No,No,No,No,No,No,Month-to-month,Yes,Mailed check,74.25,74.25,1,0.7117984038411423,1
5159-YFPKQ,Female,0,No,No,2,Yes,No,Fiber optic,No,No,Yes,No,No,No,Month-to-month,Yes,Electronic check,75.8,160.75,1,0.6760083319915715,1
5052-PNLOS,Male,0,No,No,3,Yes,Yes,Fiber optic,No,Yes,Yes,No,Yes,Yes,Month-to-month,Yes,Bank transfer (automatic),105.35,323.25,1,0.7146975870055099,1
6173-GOLSU,Male,1,Yes,No,67,Yes,Yes,Fiber optic,No,No,No,No,Yes,Yes,Month-to-month,Yes,Credit card (automatic),94.65,6079.0,0,0.35641342208477494,1
6661-HBGWL,Female,1,No,No,42,Yes,Yes,Fiber optic,No,Yes,Yes,No,Yes,Yes,Month-to-month,Yes,Bank transfer (automatic),104.75,4323.45,1,0.5075245598157629,1
8207-VVMYB,Female,0,Yes,No,70,Yes,Yes,No,No internet service,No internet service,No internet service,No internet service,No internet service,No internet service,Two year,Yes,Bank transfer (automatic),26.0,2006.95,0,0.0044668555102766894,0
5324-KTGCG,Male,0,Yes,No,71,Yes,No,No,No internet service,No internet service,No internet service,No internet service,No internet service,No internet service,One year,No,Electronic check,20.85,1539.75,0,0.00582543442842211,0
7354-OIJLX,Male,0,No,No,9,Yes,Yes,Fiber optic,No,No,No,No,No,No,Month-to-month,Yes,Electronic check,75.85,724.65,0,0.7018978194363543,1
9286-BHDQG,Male,0,Yes,Yes,72,No,No phone service,DSL,Yes,Yes,Yes,Yes,No,No,Two year,No,Credit card (automatic),45.25,3139.8,0,0.0033218042630847214,0
3567-PQTSO,Male,0,Yes,Yes,53,Yes,Yes,Fiber optic,No,Yes,Yes,No,Yes,Yes,One year,Yes,Electronic check,105.25,5576.3,0,0.2884001242432317,0
3197-ARFOY,Female,1,No,No,19,Yes,No,Fiber optic,Yes,Yes,No,Yes,Yes,Yes,Month-to-month,Yes,Mailed check,105.0,2007.25,0,0.42007996320468016,1
5698-BQJOH,Female,0,No,No,9,Yes,Yes,Fiber optic,No,No,No,No,Yes,Yes,Month-to-month,No,Electronic check,94.4,857.25,1,0.7349228080454366,1
1090-ESELR,Male,0,Yes,Yes,72,Yes,No,Fiber optic,Yes,Yes,No,Yes,Yes,Yes,Two year,No,Bank transfer (automatic),105.5,7611.55,0,0.020224150820732815,0
0056-EPFBG,Male,0,Yes,Yes,20,No,No phone service,DSL,Yes,No,Yes,Yes,No,No,Two year,Yes,Credit card (automatic),39.4,825.4,0,0.05027115490587518,0
4955-VCWBI,Female,0,Yes,Yes,43,Yes,No,No,No internet service,No internet service,No internet service,No internet service,No internet service,No internet service,One year,No,Mailed check,20.0,817.95,0,0.012742152824439277,0
4717-GHADL,Female,0,No,No,50,Yes,Yes,DSL,No,Yes,No,Yes,Yes,Yes,Two year,Yes,Mailed check,79.6,4024.2,0,0.046519260551689444,0
0058-EVZWM,Female,0,Yes,No,55,Yes,Yes,Fiber optic,Yes,No,No,No,Yes,No,Month-to-month,Yes,Bank transfer (automatic),89.8,4959.6,0,0.26193392734519616,0
7218-HKQFK,Male,0,Yes,No,2,Yes,No,Fiber optic,No,No,No,Yes,Yes,Yes,Month-to-month,Yes,Electronic check,94.2,167.5,1,0.7271744595350983,1
5057-RKGLH,Female,0,Yes,Yes,9,Yes,No,No,No internet service,No internet service,No internet service,No internet service,No internet service,No internet service,Two year,No,Mailed check,20.35,191.1,0,0.03190112190254459,0
2309-OSFEU,Male,0,No,No,10,No,No phone service,DSL,No,No,No,No,No,Yes,Month-to-month,Yes,Mailed check,33.9,298.45,1,0.5560819760475018,1
3429-IFLEM,Female,0,No,No,71,Yes,No,DSL,Yes,Yes,Yes,Yes,Yes,No,Two year,No,Credit card (automatic),77.35,5550.1,0,0.004689727811296309,0
1550-LOAHA,Female,0,Yes,No,32,Yes,No,Fiber optic,No,Yes,No,No,No,Yes,Month-to-month,No,Bank transfer (automatic),84.15,2585.95,1,0.3117909316592141,0
1400-MMYXY,Male,1,Yes,No,3,Yes,Yes,Fiber optic,No,Yes,Yes,No,Yes,Yes,Month-to-month,Yes,Electronic check,105.9,334.65,1,0.8083688438386533,1
7503-QQRVF,Male,1,Yes,No,16,Yes,No,Fiber optic,No,Yes,No,No,No,No,Month-to-month,Yes,Credit card (automatic),74.3,1178.25,1,0.4960865379494514,1
7504-UWHNB,Male,0,No,No,25,Yes,No,Fiber optic,No,No,No,No,No,No,Month-to-month,No,Electronic check,69.75,1729.35,0,0.4208109862177501,1
9565-JSNFM,Male,0,No,No,38,Yes,No,Fiber optic,No,No,No,No,No,No,One year,Yes,Bank transfer (automatic),70.45,2597.6,1,0.17619344691687208,0
4735-BJKOU,Female,0,No,No,40,Yes,No,No,No internet service,No internet service,No internet service,No internet service,No internet service,No internet service,Two year,No,Mailed check,20.15,804.85,0,0.009240788137836655,0
3580-GICBM,Female,0,Yes,Yes,61,Yes,Yes,No,No internet service,No internet service,No internet service,No internet service,No internet service,No internet service,Two year,Yes,Mailed check,24.2,1445.2,0,0.006002470493038273,0
7632-YUTXB,Female,0,Yes,Yes,25,Yes,No,No,No internet service,No internet service,No internet service,No internet service,No internet service,No internet service,One year,No,Mailed check,20.05,520.1,0,0.029879680527953274,0
9412-ARGBX,Female,0,No,Yes,48,Yes,No,Fiber optic,No,Yes,Yes,Yes,Yes,No,Two year,Yes,Mailed check,95.5,4627.85,1,0.05749513621629137,0
9576-ANLXO,Female,0,No,No,3,Yes,No,Fiber optic,No,No,No,No,No,No,Month-to-month,Yes,Bank transfer (automatic),69.55,222.3,1,0.6070166592365202,1
1110-KYLGQ,Female,0,No,No,63,Yes,Yes,Fiber optic,Yes,Yes,Yes,No,Yes,Yes,Month-to-month,No,Credit card (automatic),108.25,6780.1,0,0.20872941720172059,0
8696-JKZNU,Female,1,No,No,37,Yes,Yes,Fiber optic,No,No,No,No,No,No,Month-to-month,Yes,Electronic check,76.25,2841.55,1,0.5030339582675466,1
8757-TFHHJ,Male,0,No,No,1,Yes,No,DSL,Yes,No,No,No,No,No,Month-to-month,Yes,Credit card (automatic),49.8,49.8,0,0.3228301075089154,0
2955-BJZHG,Male,0,Yes,Yes,17,Yes,No,Fiber optic,No,No,No,No,Yes,No,Month-to-month,No,Electronic check,80.85,1400.85,1,0.4906301668226939,1
9048-JVYVF,Male,0,No,No,3,Yes,No,DSL,No,No,No,Yes,Yes,Yes,Month-to-month,Yes,Electronic check,69.35,191.35,1,0.5277411150649238,1
0682-USIXD,Female,0,Yes,No,21,Yes,No,Fiber optic,No,No,No,Yes,Yes,No,Month-to-month,Yes,Electronic check,86.05,1818.9,0,0.5101268625028452,1
3884-UEBXB,Female,0,Yes,Yes,67,No,No phone service,DSL,Yes,Yes,No,No,No,No,Two year,No,Bank transfer (automatic),36.15,2434.45,0,0.005217259189259488,0
1776-SPBWV,Female,0,Yes,Yes,34,Yes,No,No,No internet service,No internet service,No internet service,No internet service,No internet service,No internet service,One year,Yes,Bank transfer (automatic),20.1,682.1,0,0.026016697114428524,0
9050-QLROH,Male,0,No,No,18,Yes,Yes,Fiber optic,No,No,Yes,No,No,Yes,Month-to-month,Yes,Credit card (automatic),90.7,1597.25,1,0.5919207940863984,1
2925-VDZHY,Male,0,Yes,Yes,72,Yes,Yes,DSL,Yes,Yes,Yes,Yes,Yes,Yes,Two year,No,Credit card (automatic),88.7,6501.35,0,0.009714694454014697,0
9512-UIBFX,Male,0,Yes,Yes,18,Yes,No,Fiber optic,No,No,Yes,No,Yes,Yes,Month-to-month,No,Mailed check,95.15,1779.95,1,0.4776700563665925,1
8676-TRMJS,Male,0,No,No,3,Yes,Yes,Fiber optic,No,No,No,No,No,No,Month-to-month,No,Mailed check,75.0,209.1,1,0.6024943078706054,1
3334-CTHOL,Female,0,No,No,1,Yes,Yes,DSL,No,No,No,No,No,No,Month-to-month,Yes,Bank transfer (automatic),49.95,49.95,1,0.4909329979054842,1
6331-LWDTQ,Male,0,No,No,10,Yes,Yes,DSL,No,No,No,No,Yes,Yes,Month-to-month,Yes,Credit card (automatic),72.15,794.25,1,0.4921442248847649,1
3847-BAERP,Female,0,No,No,10,Yes,No,No,No internet service,No internet service,No internet service,No internet service,No internet service,No internet service,Month-to-month,Yes,Mailed check,20.9,247.0,0,0.1762397514136691,0
4709-LKHYG,Female,0,Yes,Yes,29,Yes,No,No,No internet service,No internet service,No internet service,No internet service,No internet service,No internet service,One year,No,Electronic check,20.0,540.05,0,0.03315836238240241,0
8621-MNIHH,Female,1,Yes,No,34,Yes,Yes,Fiber optic,No,Yes,Yes,No,No,Yes,Month-to-month,Yes,Electronic check,94.25,3217.55,1,0.5978717647826111,1
8884-ADFVN,Male,1,Yes,No,7,Yes,Yes,Fiber optic,No,No,Yes,No,Yes,Yes,Month-to-month,Yes,Electronic check,101.95,700.85,1,0.8085556107250181,1
2885-HIJDH,Male,0,Yes,Yes,69,Yes,Yes,DSL,Yes,No,Yes,Yes,Yes,Yes,Two year,No,Bank transfer (automatic),86.9,6194.1,0,0.010633714725972862,0
8570-KLJYJ,Female,0,No,No,36,Yes,Yes,DSL,Yes,No,No,No,No,No,One year,No,Mailed check,54.45,1893.5,0,0.05719108446058353,0
9339-FIIJL,Male,0,Yes,No,72,Yes,Yes,DSL,No,Yes,Yes,Yes,Yes,Yes,Two year,No,Bank transfer (automatic),85.95,6151.9,0,0.015120229434919913,0
6223-DHJGV,Female,0,No,No,42,Yes,No,No,No internet service,No internet service,No internet service,No internet service,No internet service,No internet service,One year,Yes,Mailed check,20.65,958.1,0,0.023446028846307827,0
0959-WHOKV,Male,0,No,No,42,Yes,Yes,Fiber optic,Yes,Yes,Yes,No,No,Yes,One year,Yes,Electronic check,99.0,4298.45,0,0.267835954576679,0
9610-WCESF,Male,0,No,No,67,No,No phone service,DSL,Yes,No,No,Yes,Yes,No,Two year,No,Electronic check,43.9,3097.2,0,0.013286990307499443,0
9279-CJEOJ,Female,1,No,No,21,Yes,Yes,Fiber optic,No,No,No,No,Yes,Yes,Month-to-month,Yes,Bank transfer (automatic),95.4,2025.1,0,0.6787951505413945,1
2985-FMWYF,Female,0,No,No,23,Yes,Yes,Fiber optic,No,No,No,No,Yes,Yes,Month-to-month,Yes,Electronic check,93.5,2341.55,0,0.7467660740556918,1
3540-RZJYU,Female,0,No,No,15,Yes,No,Fiber optic,Yes,No,No,No,Yes,No,Month-to-month,No,Electronic check,86.2,1270.2,1,0.4421392375703523,1
2522-WLNSF,Female,1,Yes,No,34,Yes,No,DSL,No,No,Yes,Yes,Yes,No,One year,No,Bank transfer (automatic),64.2,2106.3,0,0.06910340296940647,0
6861-XWTWQ,Male,1,Yes,No,7,Yes,Yes,Fiber optic,No,No,Yes,No,Yes,Yes,Month-to-month,Yes,Electronic check,99.25,665.45,1,0.8320498106887378,1
8735-NBLWT,Male,0,No,Yes,9,Yes,No,No,No internet service,No internet service,No internet service,No internet service,No internet service,No internet service,Month-to-month,No,Mailed check,20.4,184.1,0,0.11444179213687851,0
1744-JHKYS,Female,0,Yes,No,34,Yes,Yes,No,No internet service,No internet service,No internet service,No internet service,No internet service,No internet service,Month-to-month,No,Electronic check,24.7,780.2,0,0.08692051274224757,0
0841-NULXI,Male,0,No,No,1,No,No phone service,DSL,No,No,No,No,No,Yes,Month-to-month,Yes,Electronic check,35.55,35.55,1,0.698492864019504,1
4016-BJKTZ,Female,0,No,No,25,Yes,Yes,Fiber optic,No,Yes,Yes,Yes,Yes,Yes,Two year,No,Electronic check,108.9,2809.05,0,0.21793762703744896,0
9298-WGMRW,Female,0,Yes,No,72,Yes,Yes,Fiber optic,Yes,Yes,Yes,Yes,Yes,Yes,Two year,Yes,Bank transfer (automatic),115.5,8312.75,0,0.052517819698821314,0
7893-IXHRQ,Male,0,No,No,1,Yes,No,No,No internet service,No internet service,No internet service,No internet service,No internet service,No internet service,Month-to-month,No,Electronic check,20.55,20.55,1,0.2421064596648563,0
8785-CJSHH,Female,0,Yes,No,60,Yes,Yes,Fiber optic,No,Yes,No,No,Yes,Yes,Month-to-month,Yes,Electronic check,99.8,5985.75,0,0.4508080590271943,1
7654-YWJUF,Male,0,Yes,No,43,Yes,No,Fiber optic,Yes,No,Yes,Yes,No,No,One year,Yes,Bank transfer (automatic),84.25,3539.25,0,0.08938980136275712,0
8909-BOLNL,Male,0,No,No,3,Yes,No,No,No internet service,No internet service,No internet service,No internet service,No internet service,No internet service,One year,No,Mailed check,21.2,52.05,0,0.09231111428059131,0
9919-FZDED,Male,1,Yes,No,72,Yes,Yes,DSL,Yes,Yes,Yes,No,Yes,Yes,Two year,Yes,Credit card (automatic),84.1,5981.65,0,0.024993316645559097,0
0322-CHQRU,Male,0,No,No,2,Yes,No,DSL,No,No,No,No,No,No,Month-to-month,No,Electronic check,45.35,89.5,1,0.4133863487664131,1
3587-PMCOY,Male,0,No,No,10,Yes,No,Fiber optic,Yes,No,Yes,No,Yes,Yes,One year,Yes,Electronic check,98.9,1064.95,0,0.49752124140878357,1
0655-RBDUG,Male,0,No,No,7,Yes,Yes,Fiber optic,No,No,Yes,No,Yes,Yes,Month-to-month,Yes,Bank transfer (automatic),98.05,713.0,1,0.7566575318874423,1
0983-TATYJ,Female,0,Yes,No,33,Yes,No,DSL,No,No,No,Yes,No,No,One year,Yes,Mailed check,51.45,1758.9,0,0.06626467443512965,0
5650-YLIBA,Male,0,No,No,31,Yes,Yes,Fiber optic,No,Yes,No,No,No,No,Month-to-month,Yes,Electronic check,81.15,2640.55,0,0.49373023974601293,1
5144-TVGLP,Male,1,No,No,38,Yes,Yes,Fiber optic,No,No,No,No,Yes,Yes,Month-to-month,No,Electronic check,94.75,3653.0,0,0.5843395285204634,1
3569-EDBPQ,Female,0,No,No,24,Yes,Yes,Fiber optic,Yes,No,No,Yes,No,No,Month-to-month,Yes,Electronic check,84.35,1938.05,0,0.41088963510191145,1
4945-RVMTE,Female,0,No,No,28,Yes,No,DSL,No,No,Yes,No,Yes,No,Month-to-month,Yes,Bank transfer (automatic),59.55,1646.45,0,0.24128229597280768,0
3511-BFTJW,Male,0,Yes,Yes,72,No,No phone service,DSL,Yes,Yes,Yes,No,No,No,Two year,No,Credit card (automatic),38.5,2763.0,0,0.004901635105808357,0
5537-UXXVS,Female,0,Yes,No,20,Yes,No,No,No internet service,No internet service,No internet service,No internet service,No internet service,No internet service,Month-to-month,No,Bank transfer (automatic),19.25,375.25,0,0.08637761414691623,0
8782-NUUOL,Male,0,No,No,60,Yes,No,DSL,Yes,No,Yes,Yes,Yes,Yes,One year,No,Mailed check,79.0,4801.1,0,0.027676302640977184,0
2865-TCHJW,Female,1,No,No,4,Yes,Yes,Fiber optic,No,No,Yes,No,Yes,No,Month-to-month,Yes,Electronic check,89.2,346.2,1,0.8056000743645506,1
9931-KGHOA,Female,0,Yes,No,46,Yes,Yes,DSL,Yes,No,No,No,No,No,Month-to-month,No,Bank transfer (automatic),55.0,2473.95,0,0.07068696547072373,0
3071-MVJCD,Male,0,Yes,Yes,72,Yes,Yes,DSL,Yes,Yes,Yes,Yes,Yes,No,Two year,No,Bank transfer (automatic),82.3,5815.15,0,0.005416058158824481,0
7279-BUYWN,Female,1,No,No,41,Yes,Yes,Fiber optic,Yes,Yes,Yes,No,Yes,Yes,Month-to-month,Yes,Electronic check,113.2,4689.5,1,0.4796495840629061,1
3756-VNWDH,Male,1,Yes,No,65,Yes,Yes,Fiber optic,Yes,No,No,No,Yes,Yes,One year,Yes,Electronic check,100.75,6674.65,0,0.24647442031965183,0
1395-OFUWC,Male,0,Yes,Yes,43,No,No phone service,DSL,No,Yes,No,No,No,No,Month-to-month,No,Credit card (automatic),29.3,1224.05,0,0.08463683971372558,0
4223-BKEOR,Female,0,No,Yes,21,Yes,No,DSL,Yes,No,Yes,No,No,Yes,One year,No,Mailed check,64.85,1336.8,0,0.0748789460879292,0
0040-HALCW,Male,0,Yes,Yes,54,Yes,No,No,No internet service,No internet service,No internet service,No internet service,No internet service,No internet service,Two year,No,Credit card (automatic),20.4,1090.6,0,0.0035473900171859706,0
7124-UGSUR,Female,1,Yes,No,61,Yes,Yes,Fiber optic,No,Yes,Yes,No,Yes,Yes,One year,Yes,Credit card (automatic),104.4,6405.0,1,0.2448198288991564,0
7395-XWZOY,Male,0,No,No,20,No,No phone service,DSL,Yes,Yes,Yes,Yes,Yes,No,Month-to-month,Yes,Credit card (automatic),55.0,1165.55,0,0.21629988905023545,0
5440-VHLUL,Male,0,No,No,69,Yes,Yes,Fiber optic,No,Yes,No,Yes,Yes,Yes,One year,Yes,Bank transfer (automatic),105.2,7386.05,0,0.14157367768903778,0
4706-DGAHW,Male,1,No,No,1,Yes,No,DSL,No,No,No,No,No,No,Month-to-month,No,Electronic check,45.2,45.2,0,0.46170238425052623,1
8166-ORCHU,Male,1,Yes,No,33,Yes,No,Fiber optic,Yes,Yes,No,Yes,No,Yes,One year,Yes,Electronic check,93.55,3055.5,0,0.22013079522471155,0
3978-YNKDD,Male,0,No,Yes,19,Yes,No,No,No internet service,No internet service,No internet service,No internet service,No internet service,No internet service,Two year,No,Credit card (automatic),20.85,467.5,0,0.017974423382340902,0
7198-GLXTC,Male,0,No,No,2,Yes,No,Fiber optic,No,No,No,No,Yes,No,Month-to-month,No,Electronic check,79.0,143.65,1,0.6803690298581815,1
6366-XIVKZ,Female,0,Yes,Yes,13,Yes,No,DSL,Yes,No,Yes,No,No,Yes,Month-to-month,Yes,Mailed check,63.15,816.8,0,0.2631268602191162,0
5133-POWUA,Male,0,No,No,1,Yes,No,DSL,No,No,No,No,No,No,Month-to-month,Yes,Mailed check,45.8,45.8,0,0.43135582076430595,1
8400-WZICQ,Female,0,Yes,Yes,55,Yes,No,DSL,Yes,Yes,No,No,No,No,Month-to-month,No,Electronic check,55.7,3131.8,0,0.03782192915350036,0
5382-SOYZL,Male,0,No,No,22,Yes,Yes,Fiber optic,No,No,No,No,Yes,Yes,Month-to-month,Yes,Electronic check,95.1,2162.6,0,0.7333027208907986,1
1989-PRJHP,Male,1,Yes,No,27,Yes,Yes,Fiber optic,No,No,No,No,No,No,Month-to-month,Yes,Electronic check,75.5,1893.95,1,0.5964061860716438,1
4154-AQUGT,Male,1,Yes,No,13,Yes,No,Fiber optic,No,Yes,No,Yes,No,Yes,Month-to-month,Yes,Bank transfer (automatic),89.05,1169.35,1,0.5052221647239432,1
0980-FEXWF,Male,0,Yes,Yes,26,Yes,No,DSL,No,No,Yes,No,No,No,One year,No,Mailed check,50.35,1285.8,0,0.07123413669392474,0
5845-BZZIB,Male,0,Yes,Yes,35,Yes,No,No,No internet service,No internet service,No internet service,No internet service,No internet service,No internet service,Two year,No,Mailed check,20.1,655.3,0,0.009686303226499823,0
4840-ORQXB,Female,1,No,No,56,Yes,Yes,Fiber optic,No,Yes,Yes,No,Yes,Yes,Month-to-month,No,Electronic check,104.75,5841.35,0,0.42315013379839084,1
0295-PPHDO,Male,0,No,No,1,Yes,Yes,Fiber optic,No,No,No,No,Yes,Yes,Month-to-month,Yes,Electronic check,95.45,95.45,1,0.8286828323212201,1
8775-ERLNB,Male,1,Yes,No,1,Yes,Yes,Fiber optic,No,No,No,No,No,No,Month-to-month,No,Electronic check,74.3,74.3,0,0.7325182474376547,1
0376-YMCJC,Male,0,No,No,23,Yes,Yes,Fiber optic,No,No,No,Yes,Yes,No,Month-to-month,Yes,Electronic check,90.6,1943.2,1,0.5695393067315109,1
7410-YTJIK,Female,0,No,No,7,Yes,Yes,Fiber optic,No,No,No,No,No,No,Month-to-month,No,Mailed check,75.45,480.75,1,0.5555904995481481,1
9927-DSWDF,Male,0,Yes,No,22,Yes,No,Fiber optic,Yes,Yes,No,Yes,Yes,Yes,Month-to-month,Yes,Electronic check,104.6,2180.55,0,0.44902705585801944,1
6681-ZSEXG,Male,0,Yes,No,56,Yes,Yes,DSL,No,Yes,Yes,No,No,No,Two year,No,Credit card (automatic),59.5,3389.25,0,0.017677642048554484,0
5702-KVQRD,Male,0,Yes,No,71,Yes,No,DSL,Yes,No,Yes,Yes,Yes,Yes,Two year,Yes,Electronic check,82.55,5832.65,0,0.016733752877685776,0
8711-LOBKY,Male,0,Yes,Yes,59,Yes,No,No,No internet service,No internet service,No internet service,No internet service,No internet service,No internet service,Two year,No,Mailed check,19.85,1188.25,0,0.0031997520496946344,0
9692-TUSXH,Female,0,No,No,18,Yes,No,Fiber optic,Yes,No,No,No,Yes,Yes,Month-to-month,Yes,Electronic check,96.05,1740.7,1,0.5801944840782247,1
4012-YCFAI,Male,0,Yes,No,60,Yes,No,DSL,Yes,Yes,No,Yes,No,No,Two year,Yes,Mailed check,61.35,3766.2,0,0.007996982222146225,0
8455-HIRAQ,Female,0,No,No,8,Yes,No,DSL,No,No,No,No,No,No,Month-to-month,No,Mailed check,44.45,369.3,0,0.2949312259256881,0
7853-WNZSY,Male,0,No,No,1,Yes,No,No,No internet service,No internet service,No internet service,No internet service,No internet service,No internet service,Month-to-month,Yes,Credit card (automatic),19.75,19.75,0,0.24373400164717973,0
0390-DCFDQ,Female,1,Yes,No,1,Yes,No,Fiber optic,No,No,No,No,No,No,Month-to-month,Yes,Mailed check,70.45,70.45,1,0.6656197671616919,1
6421-SZVEM,Female,0,Yes,Yes,28,Yes,No,Fiber optic,Yes,No,No,No,No,Yes,One year,Yes,Bank transfer (automatic),82.85,2320.8,0,0.20439208439530854,0
3094-JOJAI,Male,0,No,No,18,Yes,Yes,Fiber optic,No,No,No,No,No,No,Month-to-month,No,Mailed check,74.15,1387.0,0,0.49371497729693503,1
4873-ILOLJ,Male,0,No,No,24,Yes,No,Fiber optic,No,No,No,No,Yes,Yes,Month-to-month,Yes,Electronic check,90.35,2238.5,1,0.6514384452830785,1
8181-YHCMF,Female,0,Yes,Yes,68,No,No phone service,DSL,No,Yes,Yes,Yes,Yes,Yes,Two year,No,Credit card (automatic),60.3,4109.0,0,0.011931719823388776,0
3324-OIRTO,Male,0,Yes,Yes,71,Yes,No,Fiber optic,Yes,Yes,Yes,No,Yes,Yes,One year,Yes,Bank transfer (automatic),104.65,7288.4,0,0.07720605699464625,0
9135-HSWOC,Male,0,Yes,Yes,64,Yes,No,No,No internet service,No internet service,No internet service,No internet service,No internet service,No internet service,Two year,Yes,Bank transfer (automatic),19.7,1274.05,0,0.0034021172726668423,0
2272-WUSPA,Female,0,Yes,No,72,Yes,Yes,Fiber optic,Yes,Yes,Yes,No,Yes,Yes,Two year,Yes,Electronic check,110.75,7751.7,0,0.09221187810916785,0
4627-MIHJH,Female,1,No,No,69,Yes,Yes,Fiber optic,Yes,No,Yes,Yes,Yes,Yes,Two year,No,Credit card (automatic),110.25,7467.55,0,0.04671101108733531,0
3896-RCYYE,Female,0,No,No,67,No,No phone service,DSL,No,No,Yes,Yes,Yes,Yes,Month-to-month,Yes,Credit card (automatic),53.4,3579.15,0,0.09540272410973086,0
6729-GDNGC,Female,1,No,No,20,Yes,No,Fiber optic,No,No,No,No,Yes,No,Month-to-month,No,Bank transfer (automatic),80.7,1614.2,0,0.4522101500958985,1
9945-PSVIP,Female,0,Yes,Yes,25,Yes,No,No,No internet service,No internet service,No internet service,No internet service,No internet service,No internet service,Two year,Yes,Mailed check,18.7,383.65,0,0.023344995068151998,0
4137-JOPHL,Female,0,No,No,50,Yes,No,Fiber optic,No,No,Yes,Yes,No,Yes,Two year,Yes,Bank transfer (automatic),89.7,4304.5,0,0.06922525629395729,0
2720-FVBQP,Female,0,Yes,Yes,6,Yes,Yes,DSL,No,No,No,No,No,No,Month-to-month,Yes,Credit card (automatic),48.95,273.25,0,0.3990983906321282,1
7854-EKTJL,Female,0,No,Yes,2,Yes,No,No,No internet service,No internet service,No internet service,No internet service,No internet service,No internet service,Month-to-month,Yes,Electronic check,19.6,35.85,1,0.26756116057678675,0
1133-KXCGE,Female,0,No,No,18,Yes,No,No,No internet service,No internet service,No internet service,No internet service,No internet service,No internet service,One year,No,Mailed check,20.1,407.05,0,0.0502200506293861,0
6048-QBXKL,Female,1,No,No,2,Yes,Yes,DSL,No,Yes,No,No,No,No,Month-to-month,Yes,Credit card (automatic),56.55,118.25,0,0.44123500242229496,1
6338-AVWCY,Male,0,No,No,3,No,No phone service,DSL,No,No,Yes,No,Yes,No,Month-to-month,Yes,Mailed check,40.15,130.75,1,0.6053580361742318,1
0013-MHZWF,Female,0,No,Yes,9,Yes,No,DSL,No,No,No,Yes,Yes,Yes,Month-to-month,Yes,Credit card (automatic),69.4,571.45,0,0.31653058334470074,0
9804-ICWBG,Male,0,No,No,1,Yes,No,Fiber optic,No,No,No,No,No,No,Month-to-month,Yes,Electronic check,69.9,69.9,1,0.7085222745130798,1
2368-GAKKQ,Female,0,No,No,70,Yes,Yes,Fiber optic,Yes,Yes,Yes,Yes,Yes,Yes,Two year,Yes,Bank transfer (automatic),113.65,7939.25,0,0.05805516900861993,0
4829-AUOAX,Female,0,No,No,46,Yes,Yes,Fiber optic,No,No,No,No,Yes,Yes,Month-to-month,No,Bank transfer (automatic),96.05,4399.5,1,0.3709540345290328,1
7876-BEUTG,Female,0,No,No,15,Yes,Yes,DSL,No,No,No,No,No,No,Month-to-month,Yes,Mailed check,48.8,720.1,0,0.3876466463089396,1
6349-JDHQP,Female,0,No,No,53,Yes,No,No,No internet service,No internet service,No internet service,No internet service,No internet service,No internet service,Two year,No,Credit card (automatic),19.85,1049.6,0,0.00458653003516988,0
3063-QFSZL,Female,0,No,No,1,Yes,No,DSL,No,No,No,No,No,Yes,Month-to-month,Yes,Electronic check,55.4,55.4,1,0.5635093707134573,1
9142-XMYJH,Female,0,No,No,29,Yes,No,No,No internet service,No internet service,No internet service,No internet service,No internet service,No internet service,Month-to-month,No,Credit card (automatic),19.35,601.6,0,0.05585229986598981,0
2609-IAICY,Female,0,No,No,1,Yes,Yes,Fiber optic,No,No,No,No,No,No,Month-to-month,Yes,Electronic check,77.15,77.15,1,0.733369394418563,1
8626-PTQGE,Male,0,No,No,69,No,No phone service,DSL,Yes,Yes,No,Yes,Yes,Yes,Two year,Yes,Bank transfer (automatic),60.05,4176.7,0,0.014793876020753933,0
0230-UBYPQ,Male,1,Yes,No,63,No,No phone service,DSL,Yes,No,No,Yes,No,No,One year,No,Bank transfer (automatic),36.1,2298.9,0,0.014831671239860414,0
6814-ZPWFQ,Male,1,No,No,51,Yes,Yes,No,No internet service,No internet service,No internet service,No internet service,No internet service,No internet service,One year,No,Bank transfer (automatic),25.0,1260.7,0,0.016611965824442982,0
5921-NGYRH,Male,0,Yes,No,64,Yes,No,Fiber optic,Yes,No,No,No,No,No,Month-to-month,Yes,Mailed check,73.55,4764.0,0,0.13214647379227892,0
7803-XOCCZ,Female,0,Yes,Yes,52,Yes,No,Fiber optic,Yes,No,Yes,Yes,No,No,Month-to-month,Yes,Bank transfer (automatic),84.05,4326.8,0,0.10579181997385226,0
1459-QNFQT,Male,0,Yes,Yes,70,No,No phone service,DSL,Yes,No,Yes,Yes,Yes,Yes,Two year,No,Bank transfer (automatic),59.5,4144.8,0,0.009399695503741923,0
3948-FVVRP,Male,0,Yes,Yes,9,Yes,No,DSL,No,Yes,No,Yes,No,No,Month-to-month,No,Mailed check,54.8,452.8,0,0.15871879324831706,0
0923-PNFUB,Female,0,No,No,3,Yes,No,Fiber optic,No,Yes,No,No,Yes,No,Month-to-month,No,Electronic check,83.75,247.25,1,0.6310984707631632,1
4654-ULTTN,Male,0,Yes,No,70,Yes,Yes,DSL,Yes,No,Yes,Yes,No,Yes,Two year,Yes,Credit card (automatic),74.8,5315.8,0,0.013113978226500445,0
5628-FCGYG,Male,0,No,No,21,Yes,Yes,Fiber optic,No,No,No,No,No,Yes,Month-to-month,Yes,Electronic check,84.1,1737.45,0,0.6909376185125266,1
0506-LVNGN,Female,1,No,No,5,Yes,No,Fiber optic,No,No,Yes,No,No,No,Month-to-month,Yes,Credit card (automatic),75.55,349.65,1,0.5927334407409135,1
4329-YPDDQ,Male,0,No,No,20,Yes,No,Fiber optic,Yes,Yes,Yes,Yes,Yes,Yes,Month-to-month,Yes,Bank transfer (automatic),108.2,2203.7,0,0.38751721139144385,1
9866-OCCKE,Female,1,Yes,No,72,Yes,Yes,Fiber optic,Yes,No,Yes,Yes,Yes,Yes,Two year,Yes,Mailed check,109.75,8075.35,0,0.07597710781579048,0
0794-YVSGE,Male,0,Yes,Yes,72,Yes,No,No,No internet service,No internet service,No internet service,No internet service,No internet service,No internet service,Two year,No,Bank transfer (automatic),20.3,1401.15,0,0.0015365347578771517,0
4342-HENTK,Female,1,No,No,2,Yes,No,Fiber optic,No,No,No,No,No,No,Month-to-month,Yes,Electronic check,70.65,142.35,1,0.717169264500669,1
5934-TSSAU,Female,0,Yes,Yes,23,Yes,No,Fiber optic,No,No,Yes,No,No,No,Month-to-month,Yes,Credit card (automatic),75.3,1702.9,0,0.3621393348386084,1
9986-BONCE,Female,0,No,No,4,Yes,No,No,No internet service,No internet service,No internet service,No internet service,No internet service,No internet service,Month-to-month,No,Bank transfer (automatic),20.95,85.5,1,0.15238872413753426,0
5301-GAUUY,Male,0,No,No,32,Yes,Yes,Fiber optic,No,Yes,No,No,No,No,Month-to-month,Yes,Bank transfer (automatic),80.35,2596.15,1,0.39530180234829987,1
0725-CXOTM,Female,0,No,No,36,Yes,Yes,DSL,Yes,No,Yes,Yes,Yes,Yes,One year,Yes,Credit card (automatic),89.65,3348.1,0,0.07715981038295872,0
2843-CQMEG,Male,0,No,No,24,Yes,No,DSL,No,Yes,No,No,No,No,Month-to-month,Yes,Mailed check,49.7,1218.25,0,0.21254202040263,0
5600-PDUJF,Male,0,No,No,6,Yes,No,DSL,No,No,No,Yes,No,No,Month-to-month,Yes,Credit card (automatic),49.5,312.7,0,0.29558284501255605,0
4500-HKANN,Male,0,Yes,Yes,23,Yes,Yes,DSL,No,Yes,No,Yes,No,No,Two year,No,Mailed check,59.7,1414.2,0,0.03757073355784604,0
1862-QRWPE,Female,0,Yes,Yes,48,Yes,No,No,No internet service,No internet service,No internet service,No internet service,No internet service,No internet service,Two year,No,Bank transfer (automatic),20.65,1057.0,0,0.004756515149972154,0
2155-AMQRX,Female,0,No,No,28,Yes,Yes,DSL,No,No,No,Yes,No,No,Month-to-month,Yes,Credit card (automatic),54.9,1505.15,0,0.18389560414686038,0
0823-HSCDJ,Male,1,No,No,52,No,No phone service,DSL,No,Yes,No,No,Yes,Yes,Month-to-month,Yes,Electronic check,49.15,2550.9,1,0.2787477278904687,0
4090-KPJIP,Female,0,No,No,3,Yes,Yes,Fiber optic,No,No,No,No,No,No,Month-to-month,Yes,Electronic check,74.95,212.4,0,0.7460589617113375,1
2737-YNGYW,Female,0,No,No,2,Yes,No,Fiber optic,No,No,No,No,No,Yes,Month-to-month,No,Electronic check,80.55,184.1,1,0.6565737542980707,1
5619-XZZKR,Male,0,No,No,4,Yes,No,No,No internet service,No internet service,No internet service,No internet service,No internet service,No internet service,One year,No,Mailed check,19.95,68.2,0,0.09480392391170774,0
6047-YHPVI,Male,0,No,No,5,Yes,No,Fiber optic,No,No,No,No,No,No,Month-to-month,Yes,Electronic check,69.7,316.9,1,0.6796375171883442,1
8375-DKEBR,Female,1,No,No,1,Yes,No,Fiber optic,No,No,No,No,No,No,Month-to-month,Yes,Electronic check,69.6,69.6,1,0.7369859347867702,1
7729-XBTWX,Male,0,Yes,Yes,66,Yes,No,No,No internet service,No internet service,No internet service,No internet service,No internet service,No internet service,Two year,Yes,Mailed check,19.75,1344.5,0,0.003353053840815285,0
4983-CLMLV,Female,0,Yes,No,52,Yes,Yes,Fiber optic,No,Yes,No,Yes,Yes,Yes,Month-to-month,Yes,Credit card (automatic),102.7,5138.1,0,0.34413799492737523,0
9227-LUNBG,Female,0,No,No,1,No,No phone service,DSL,No,No,No,No,No,No,Month-to-month,No,Electronic check,24.6,24.6,1,0.5715094954013021,1
2758-RNWXS,Male,0,No,No,35,Yes,No,Fiber optic,Yes,No,No,Yes,No,Yes,One year,Yes,Electronic check,89.2,3251.3,0,0.20706821205069306,0
7055-HNEOJ,Male,0,Yes,No,3,Yes,No,DSL,No,No,Yes,Yes,No,No,Month-to-month,Yes,Mailed check,55.8,154.55,0,0.31992237432706966,0
7134-MJPDY,Female,1,No,No,66,Yes,Yes,Fiber optic,No,No,Yes,Yes,Yes,Yes,One year,Yes,Credit card (automatic),102.85,6976.75,0,0.20408319054544702,0
4560-WQAQW,Female,0,No,No,59,Yes,Yes,DSL,Yes,No,No,Yes,No,Yes,One year,No,Bank transfer (automatic),68.7,4070.95,0,0.025192817817206534,0
8532-UEFWH,Male,0,Yes,Yes,52,Yes,Yes,No,No internet service,No internet service,No internet service,No internet service,No internet service,No internet service,Two year,No,Mailed check,25.75,1345.85,0,0.006027957905118951,0
8541-QVFKM,Female,0,No,No,8,Yes,Yes,Fiber optic,No,No,No,No,No,No,Month-to-month,Yes,Electronic check,73.5,632.2,0,0.7330806489373033,1
7129-ACFOG,Female,0,No,No,5,Yes,Yes,DSL,Yes,No,No,No,No,No,Month-to-month,Yes,Electronic check,53.8,283.95,0,0.4607805639679451,1
2495-INZWQ,Male,0,No,No,4,No,No phone service,DSL,No,No,No,No,Yes,Yes,Month-to-month,Yes,Electronic check,44.55,174.3,1,0.7300087527969246,1
0263-FJTQO,Male,0,Yes,Yes,50,Yes,Yes,DSL,Yes,No,No,Yes,Yes,No,Two year,Yes,Credit card (automatic),70.5,3486.65,0,0.018860981005128143,0
0181-RITDD,Male,0,Yes,Yes,62,Yes,No,Fiber optic,Yes,Yes,Yes,Yes,Yes,Yes,Two year,No,Mailed check,108.15,6825.65,0,0.03314696184184513,0
8241-JUIQO,Female,0,No,No,61,Yes,No,No,No internet service,No internet service,No internet service,No internet service,No internet service,No internet service,One year,No,Bank transfer (automatic),19.45,1336.35,0,0.006653087209625947,0
0913-XWSCN,Male,0,Yes,Yes,55,Yes,Yes,Fiber optic,No,No,No,No,No,Yes,Month-to-month,No,Bank transfer (automatic),85.5,4713.4,0,0.21663454927990974,0
2159-TURXX,Male,0,No,No,5,Yes,No,No,No internet service,No internet service,No internet service,No internet service,No internet service,No internet service,Month-to-month,No,Credit card (automatic),20.05,95.55,0,0.15282384389217385,0
6461-PPAXN,Female,0,Yes,Yes,35,Yes,No,DSL,Yes,No,No,Yes,No,No,One year,Yes,Bank transfer (automatic),54.95,1916.0,0,0.03405391442621669,0
1452-KIOVK,Male,0,No,Yes,22,Yes,Yes,Fiber optic,No,Yes,No,No,Yes,No,Month-to-month,Yes,Credit card (automatic),89.1,1949.4,0,0.4958202183231452,1
1139-WUOAH,Male,0,No,No,57,No,No phone service,DSL,No,No,Yes,Yes,Yes,Yes,Two year,No,Credit card (automatic),53.35,3090.05,0,0.027634820969330235,0
3207-OYBWH,Male,1,Yes,No,57,Yes,Yes,Fiber optic,No,Yes,Yes,No,No,Yes,Month-to-month,Yes,Bank transfer (automatic),95.25,5427.05,1,0.3349058391186249,0
8347-GDTMP,Female,0,Yes,No,64,Yes,No,No,No internet service,No internet service,No internet service,No internet service,No internet service,No internet service,Two year,No,Credit card (automatic),19.45,1225.65,0,0.002817321209134016,0
9909-DFRJA,Female,0,No,No,26,Yes,No,Fiber optic,Yes,No,Yes,Yes,No,Yes,One year,Yes,Bank transfer (automatic),95.85,2475.35,0,0.16528245550137335,0
6383-ZTSIW,Female,1,Yes,No,39,Yes,No,Fiber optic,Yes,Yes,No,No,Yes,Yes,One year,No,Mailed check,99.1,3877.95,0,0.17954226902801312,0
5438-QMDDL,Female,0,Yes,No,19,Yes,No,DSL,No,Yes,No,No,No,Yes,Month-to-month,Yes,Mailed check,59.8,1130.85,0,0.2974774176583422,0
8914-RBTSB,Male,0,Yes,No,31,Yes,Yes,Fiber optic,No,Yes,Yes,No,Yes,No,Month-to-month,No,Electronic check,93.8,3019.5,1,0.5095315313957586,1
6164-HXUGH,Female,0,Yes,Yes,6,Yes,No,No,No internet service,No internet service,No internet service,No internet service,No internet service,No internet service,Month-to-month,No,Mailed check,19.85,119.3,0,0.13337977244909452,0
6900-RBKER,Male,0,No,No,52,Yes,Yes,Fiber optic,No,No,Yes,No,No,Yes,Two year,Yes,Credit card (automatic),89.45,4577.75,0,0.12323530417976782,0
1492-QGCLU,Male,0,Yes,Yes,53,Yes,Yes,DSL,Yes,No,Yes,Yes,Yes,Yes,Month-to-month,No,Electronic check,85.7,4616.1,0,0.09486684245182453,0
6664-FPDAC,Female,1,No,No,56,Yes,Yes,Fiber optic,No,Yes,Yes,Yes,Yes,Yes,One year,Yes,Electronic check,111.95,6418.9,1,0.26799387913218997,0
1088-AUUZZ,Male,0,Yes,Yes,56,Yes,Yes,DSL,Yes,Yes,No,Yes,No,Yes,Two year,Yes,Credit card (automatic),75.85,4261.2,0,0.013666451547317241,0
6651-AZVTJ,Male,0,Yes,Yes,49,Yes,Yes,Fiber optic,No,No,Yes,No,Yes,Yes,Month-to-month,Yes,Electronic check,99.8,4872.45,1,0.510216667279389,1
8219-VYBVI,Male,0,No,Yes,39,Yes,Yes,No,No internet service,No internet service,No internet service,No internet service,No internet service,No internet service,Two year,No,Mailed check,25.0,1004.35,0,0.01119896235041632,0
0310-MVLET,Female,0,Yes,Yes,61,Yes,Yes,Fiber optic,No,Yes,No,No,Yes,Yes,Month-to-month,Yes,Electronic check,99.15,6010.05,1,0.3946872610542089,1
7233-IOQNP,Female,0,Yes,No,43,No,No phone service,DSL,Yes,No,No,Yes,No,No,Month-to-month,No,Bank transfer (automatic),34.0,1505.35,0,0.0640251994239346,0
7311-MQJCH,Female,0,No,No,5,Yes,No,No,No internet service,No internet service,No internet service,No internet service,No internet service,No internet service,One year,No,Electronic check,19.55,99.6,0,0.12043792269599359,0
9256-JTBNZ,Female,0,No,No,11,Yes,No,No,No internet service,No internet service,No internet service,No internet service,No internet service,No internet service,Month-to-month,No,Bank transfer (automatic),20.3,246.3,0,0.11882512508617782,0
8713-IGZSO,Male,0,No,No,2,Yes,Yes,No,No internet service,No internet service,No internet service,No internet service,No internet service,No internet service,Month-to-month,No,Mailed check,24.85,62.0,0,0.2376758312371998,0
6821-BUXUX,Female,0,No,No,13,Yes,Yes,Fiber optic,Yes,Yes,No,No,Yes,No,Month-to-month,Yes,Electronic check,96.65,1244.5,1,0.5761912363445112,1
9114-DPSIA,Male,0,Yes,Yes,72,Yes,Yes,DSL,Yes,Yes,Yes,Yes,No,Yes,Two year,No,Credit card (automatic),81.0,5750.0,0,0.005642807747009891,0
4501-UYKBC,Female,1,No,No,46,Yes,Yes,DSL,No,No,Yes,Yes,No,Yes,One year,Yes,Credit card (automatic),69.1,3255.35,0,0.0888494295423066,0
2798-NYLMZ,Male,0,Yes,No,71,Yes,Yes,Fiber optic,Yes,No,Yes,Yes,Yes,Yes,Two year,Yes,Credit card (automatic),108.55,7616.0,0,0.062355705892266466,0
6711-VTNRE,Female,0,No,No,36,Yes,No,Fiber optic,No,No,Yes,Yes,No,Yes,Month-to-month,Yes,Electronic check,87.55,3078.1,1,0.4307014371966033,1
5966-EMAZU,Male,0,Yes,No,64,Yes,Yes,Fiber optic,Yes,No,Yes,Yes,Yes,Yes,One year,Yes,Mailed check,108.5,6880.85,0,0.14817845465638846,0
3627-FHKBK,Female,0,No,No,1,Yes,No,Fiber optic,Yes,No,No,No,No,No,Month-to-month,No,Mailed check,75.3,75.3,1,0.4342759275637371,1
7861-UVUFT,Female,0,Yes,No,15,Yes,No,Fiber optic,No,No,Yes,No,Yes,No,Month-to-month,Yes,Electronic check,84.3,1308.4,1,0.6612469920259192,1
9824-QCJPK,Male,0,Yes,No,36,Yes,No,No,No internet service,No internet service,No internet service,No internet service,No internet service,No internet service,One year,No,Mailed check,20.0,666.75,0,0.022464945150053,0
7816-VGHTO,Female,0,Yes,Yes,6,No,No phone service,DSL,No,Yes,Yes,Yes,No,No,Two year,No,Mailed check,40.55,217.5,0,0.07758169161261513,0
3794-NFNCH,Male,0,Yes,No,30,Yes,No,DSL,No,No,Yes,No,No,No,Month-to-month,Yes,Mailed check,50.0,1474.9,0,0.19493919692829703,0
3877-JRJIP,Male,0,No,No,1,Yes,Yes,DSL,No,No,No,No,Yes,No,Month-to-month,Yes,Electronic check,59.85,59.85,1,0.6447260005671412,1
5228-EXCET,Male,0,No,No,13,Yes,No,Fiber optic,No,No,No,No,No,Yes,Month-to-month,Yes,Electronic check,80.85,1008.7,1,0.656861453105319,1
6248-BSHKG,Male,0,Yes,Yes,61,Yes,No,No,No internet service,No internet service,No internet service,No internet service,No internet service,No internet service,One year,No,Mailed check,20.4,1226.45,0,0.0054972975495643775,0
8915-NNTRC,Male,0,Yes,Yes,72,Yes,Yes,Fiber optic,Yes,Yes,No,Yes,Yes,Yes,Two year,Yes,Credit card (automatic),107.7,7919.8,0,0.04747648041785172,0
3470-OBUET,Female,0,Yes,Yes,67,Yes,Yes,DSL,Yes,Yes,No,Yes,Yes,No,Two year,No,Credit card (automatic),74.0,4868.4,0,0.00680197293639806,0
3229-USWAR,Female,0,No,No,34,Yes,No,DSL,Yes,No,Yes,Yes,Yes,Yes,One year,Yes,Bank transfer (automatic),79.95,2727.3,0,0.07597487952254416,0
1927-QEWMY,Female,0,Yes,No,72,Yes,No,No,No internet service,No internet service,No internet service,No internet service,No internet service,No internet service,Two year,No,Credit card (automatic),20.5,1502.25,0,0.0018579722443439687,0
6374-AFWOX,Male,0,Yes,No,46,Yes,No,DSL,Yes,Yes,Yes,Yes,No,No,Two year,No,Mailed check,65.65,3047.15,0,0.009612161379787614,0
7912-SYRQT,Female,0,No,No,7,Yes,Yes,Fiber optic,No,No,No,No,No,No,Month-to-month,Yes,Bank transfer (automatic),75.1,552.95,1,0.6357849702836788,1
2070-FNEXE,Female,1,No,No,7,Yes,No,Fiber optic,Yes,No,No,No,No,No,Month-to-month,No,Bank transfer (automatic),76.45,503.6,1,0.38340927930029717,1
5803-NQJZO,Male,0,Yes,No,72,Yes,Yes,DSL,Yes,Yes,Yes,Yes,No,No,Two year,Yes,Bank transfer (automatic),67.8,4804.65,0,0.008107507282466264,0
5651-YLPRD,Female,0,Yes,Yes,32,Yes,No,Fiber optic,No,Yes,No,No,Yes,No,Month-to-month,Yes,Electronic check,86.1,2723.75,0,0.4138203919463153,1
1271-UODNO,Male,0,No,No,39,Yes,Yes,DSL,No,No,No,Yes,No,No,Two year,Yes,Credit card (automatic),53.85,2200.7,0,0.04003033462525336,0
5014-WUQMG,Male,0,Yes,Yes,47,Yes,No,Fiber optic,Yes,Yes,Yes,No,No,Yes,One year,Yes,Electronic check,96.1,4391.45,0,0.13421764373639833,0
5889-JTMUL,Female,1,Yes,No,50,Yes,Yes,Fiber optic,No,Yes,Yes,No,Yes,No,Month-to-month,Yes,Electronic check,95.05,4888.7,1,0.4806497213623363,1
0788-DXBFY,Male,0,Yes,Yes,58,Yes,No,No,No internet service,No internet service,No internet service,No internet service,No internet service,No internet service,One year,Yes,Electronic check,19.55,1108.8,0,0.012912650309257262,0
2669-QVCRG,Female,0,No,No,41,Yes,Yes,Fiber optic,Yes,No,No,No,No,No,Month-to-month,Yes,Credit card (automatic),81.3,3190.65,0,0.2502298724479061,0
6630-UJZMY,Female,1,Yes,No,4,Yes,Yes,Fiber optic,No,No,No,No,Yes,No,Month-to-month,Yes,Electronic check,83.25,308.05,0,0.8230076805739441,1
5061-PBXFW,Female,0,Yes,Yes,32,Yes,No,DSL,Yes,Yes,No,Yes,No,No,Month-to-month,No,Bank transfer (automatic),61.4,1864.65,0,0.04111780488691739,0
2700-LUEVA,Male,0,No,No,1,Yes,No,No,No internet service,No internet service,No internet service,No internet service,No internet service,No internet service,Month-to-month,No,Credit card (automatic),20.75,20.75,0,0.1730043981320643,0
3865-ZFZIB,Male,0,No,No,19,Yes,No,No,No internet service,No internet service,No internet service,No internet service,No internet service,No internet service,Two year,No,Mailed check,19.65,358.15,0,0.025879850236354727,0
0471-ARVMX,Female,1,Yes,No,62,Yes,Yes,Fiber optic,Yes,No,Yes,No,Yes,Yes,One year,Yes,Electronic check,104.85,6312.9,0,0.2571282702050633,0
8985-OOPOS,Female,0,No,No,1,Yes,No,DSL,No,No,Yes,Yes,Yes,Yes,One year,No,Credit card (automatic),74.1,74.1,0,0.20721885010032998,0
0719-SYFRB,Female,0,No,No,12,Yes,Yes,DSL,Yes,No,Yes,Yes,No,No,Month-to-month,Yes,Mailed check,61.65,713.75,1,0.2661307366072303,0
0447-BEMNG,Female,0,Yes,No,48,No,No phone service,DSL,Yes,No,Yes,No,No,Yes,Month-to-month,Yes,Bank transfer (automatic),45.3,2145.0,1,0.12475570360219225,0
5630-AHZIL,Female,0,No,Yes,3,Yes,No,DSL,Yes,No,No,Yes,No,Yes,Month-to-month,Yes,Bank transfer (automatic),64.5,177.4,0,0.23568841755155487,0
2190-BCXEC,Female,0,Yes,No,40,Yes,Yes,Fiber optic,No,No,No,Yes,No,No,Month-to-month,Yes,Credit card (automatic),78.85,3126.85,0,0.3023512695765165,0
1559-DTODC,Male,0,No,No,19,No,No phone service,DSL,No,No,No,No,No,No,Month-to-month,Yes,Bank transfer (automatic),25.15,468.35,0,0.35972372794131097,1
3244-DCJWY,Female,0,No,No,1,Yes,No,Fiber optic,No,No,No,No,No,No,Month-to-month,Yes,Electronic check,70.25,70.25,1,0.6993833998747798,1
3967-VQOGC,Female,0,Yes,Yes,67,Yes,Yes,No,No internet service,No internet service,No internet service,No internet service,No internet service,No internet service,Two year,Yes,Mailed check,24.9,1680.25,0,0.004451188447350518,0
0265-PSUAE,Female,0,Yes,Yes,16,Yes,No,Fiber optic,Yes,No,Yes,No,Yes,Yes,Month-to-month,No,Bank transfer (automatic),100.7,1522.7,0,0.3524742819532112,1
1622-HSHSF,Female,0,No,No,1,Yes,No,No,No internet service,No internet service,No internet service,No internet service,No internet service,No internet service,Month-to-month,Yes,Mailed check,19.55,19.55,0,0.26094377927210755,0
9867-XOBQA,Female,0,No,Yes,21,No,No phone service,DSL,Yes,Yes,Yes,Yes,Yes,No,Two year,No,Mailed check,53.15,1183.2,0,0.042869133974622116,0
6773-LQTVT,Female,1,Yes,Yes,29,No,No phone service,DSL,No,Yes,Yes,No,No,No,Month-to-month,Yes,Mailed check,35.65,1025.15,0,0.22649332240846268,0
4332-MUOEZ,Male,1,Yes,Yes,20,Yes,No,Fiber optic,Yes,No,Yes,Yes,No,Yes,One year,No,Credit card (automatic),94.3,1818.3,0,0.1415780457778475,0
0023-XUOPT,Female,0,Yes,No,13,Yes,Yes,Fiber optic,No,Yes,Yes,No,Yes,No,Month-to-month,No,Electronic check,94.1,1215.6,1,0.6206148120155605,1
6543-CPZMK,Male,0,Yes,Yes,9,No,No phone service,DSL,No,Yes,No,No,No,No,Month-to-month,Yes,Electronic check,29.95,248.95,1,0.47618421598256716,1
6418-HNFED,Male,0,Yes,No,51,Yes,No,DSL,Yes,Yes,Yes,Yes,Yes,Yes,Two year,Yes,Credit card (automatic),83.25,4089.45,0,0.022181650990598326,0
1036-GUDCL,Male,0,Yes,Yes,60,Yes,No,DSL,Yes,Yes,No,Yes,Yes,Yes,Month-to-month,Yes,Credit card (automatic),79.05,4663.4,0,0.048559969498305225,0
4818-QIUFN,Female,1,No,No,20,Yes,Yes,Fiber optic,Yes,No,No,No,No,No,Month-to-month,Yes,Electronic check,79.15,1520.9,1,0.569477326799162,1
0778-NELLA,Male,0,No,No,9,No,No phone service,DSL,No,No,No,No,Yes,No,Month-to-month,Yes,Credit card (automatic),34.7,296.1,1,0.531269789319723,1
7495-OOKFY,Female,1,Yes,No,8,Yes,Yes,Fiber optic,No,Yes,No,No,No,No,Month-to-month,Yes,Credit card (automatic),80.65,633.3,1,0.6098392878555756,1
4737-HOBAX,Male,0,Yes,No,63,Yes,Yes,DSL,No,No,Yes,Yes,Yes,Yes,Two year,No,Credit card (automatic),79.8,5034.05,0,0.022957489431028884,0
7919-ZODZZ,Female,0,Yes,Yes,10,Yes,No,DSL,No,Yes,Yes,No,No,Yes,One year,Yes,Mailed check,65.9,660.05,0,0.1768459637722444,0
2988-PLAHS,Female,0,No,No,3,Yes,No,DSL,No,No,Yes,No,Yes,Yes,One year,Yes,Electronic check,69.95,220.45,0,0.423992213160294,1
9067-SQTNS,Male,0,Yes,Yes,44,Yes,No,No,No internet service,No internet service,No internet service,No internet service,No internet service,No internet service,One year,No,Bank transfer (automatic),20.6,926.0,0,0.01135107909369065,0
6483-OATDN,Male,0,Yes,Yes,8,Yes,No,DSL,Yes,No,No,No,No,No,Month-to-month,Yes,Credit card (automatic),51.3,411.6,0,0.21156979416082716,0
5469-CTCWN,Male,0,Yes,Yes,61,Yes,Yes,Fiber optic,Yes,Yes,No,No,Yes,Yes,One year,Yes,Electronic check,106.0,6547.7,1,0.18099464072482666,0
3524-WQDSG,Female,0,Yes,Yes,43,Yes,Yes,Fiber optic,No,No,Yes,No,Yes,Yes,Month-to-month,Yes,Bank transfer (automatic),99.3,4209.95,0,0.4534925363636602,1
6968-URWQU,Male,0,Yes,No,43,Yes,No,DSL,No,No,No,No,Yes,No,One year,Yes,Mailed check,56.35,2391.15,0,0.08365729319393408,0
8601-QACRS,Female,0,No,No,5,Yes,Yes,DSL,No,No,No,No,No,No,Month-to-month,Yes,Mailed check,50.6,249.95,1,0.45982201113696874,1
8690-UPCZI,Male,0,Yes,Yes,29,Yes,Yes,DSL,Yes,No,No,Yes,Yes,No,One year,No,Bank transfer (automatic),69.05,1958.45,0,0.05673824286676633,0
5331-RGMTT,Male,1,Yes,No,54,Yes,Yes,Fiber optic,No,No,Yes,No,Yes,Yes,Month-to-month,Yes,Credit card (automatic),99.05,5295.7,0,0.47243796764097257,1
1357-BIJKI,Male,0,Yes,No,50,Yes,Yes,Fiber optic,No,Yes,No,No,Yes,Yes,One year,Yes,Electronic check,98.25,4858.7,0,0.3701234117640789,1
2088-IEBAU,Female,0,No,No,68,Yes,Yes,DSL,Yes,Yes,Yes,Yes,Yes,Yes,Two year,Yes,Electronic check,88.15,6148.45,0,0.029146720076811353,0
0679-IDSTG,Female,1,Yes,Yes,1,Yes,No,Fiber optic,No,No,No,No,No,No,Month-to-month,Yes,Electronic check,69.25,69.25,1,0.700299041568148,1
6519-ZHPXP,Female,0,Yes,Yes,72,Yes,No,Fiber optic,Yes,Yes,Yes,Yes,Yes,Yes,Two year,Yes,Bank transfer (automatic),108.3,7679.65,0,0.03159050627000628,0
2101-RANCD,Female,0,No,No,55,Yes,Yes,Fiber optic,No,No,No,No,No,No,Month-to-month,Yes,Electronic check,73.1,4144.9,0,0.3641418891568503,1
4029-HPFVY,Male,0,No,No,3,Yes,No,Fiber optic,No,No,No,No,No,No,Month-to-month,Yes,Mailed check,70.3,220.4,0,0.6191114268525475,1
1015-OWJKI,Male,0,No,No,1,Yes,No,No,No internet service,No internet service,No internet service,No internet service,No internet service,No internet service,Month-to-month,No,Mailed check,19.05,19.05,0,0.204578746181888,0
8314-HTWVE,Female,0,Yes,Yes,7,Yes,No,No,No internet service,No internet service,No internet service,No internet service,No internet service,No internet service,Two year,No,Mailed check,19.85,144.15,0,0.035985621453670937,0
5357-TZHPP,Male,1,No,No,9,Yes,Yes,Fiber optic,No,No,No,No,No,Yes,Month-to-month,Yes,Credit card (automatic),84.4,732.5,1,0.7109536106243949,1
8727-XDPUD,Male,0,No,No,37,No,No phone service,DSL,No,No,No,No,Yes,No,Two year,No,Credit card (automatic),35.8,1316.9,0,0.052079981773785304,0
9073-ZZIAY,Male,0,Yes,Yes,62,Yes,No,DSL,Yes,Yes,Yes,Yes,Yes,Yes,Two year,No,Electronic check,86.1,5215.25,0,0.011614761766421558,0
5181-OABFK,Female,0,Yes,Yes,56,Yes,No,DSL,Yes,Yes,Yes,No,No,No,Two year,Yes,Credit card (automatic),61.3,3346.8,0,0.008765792099093346,0
3812-LRZIR,Female,0,Yes,Yes,27,Yes,Yes,No,No internet service,No internet service,No internet service,No internet service,No internet service,No internet service,Two year,No,Electronic check,24.5,761.95,0,0.027389447633064997,0
5204-HMGYF,Female,0,Yes,Yes,49,Yes,No,DSL,Yes,Yes,Yes,Yes,Yes,Yes,One year,Yes,Mailed check,87.2,4345.0,0,0.034390299504562315,0
9950-MTGYX,Male,0,Yes,Yes,28,Yes,No,No,No internet service,No internet service,No internet service,No internet service,No internet service,No internet service,Two year,Yes,Credit card (automatic),20.3,487.95,0,0.0172226217893615,0
3675-EQOZA,Male,0,No,No,5,Yes,No,No,No internet service,No internet service,No internet service,No internet service,No internet service,No internet service,Month-to-month,No,Bank transfer (automatic),20.65,93.55,0,0.15112665257508828,0
3646-ITDGM,Female,0,No,No,56,Yes,No,No,No internet service,No internet service,No internet service,No internet service,No internet service,No internet service,Two year,No,Bank transfer (automatic),19.7,1051.9,0,0.004056891243559629,0
3913-FCUUW,Female,0,Yes,Yes,72,Yes,Yes,DSL,Yes,Yes,Yes,Yes,No,No,Two year,Yes,Bank transfer (automatic),70.45,5165.7,0,0.005894104323371515,0
